segment,memory,reaction_mean,reaction_std,retention_mean,retention_std
0,0,0.5995995995995996,0.08682475987338123,6.025225225225225,1.4288910890230395
