segment,memory,reaction_mean,reaction_std,retention_mean,retention_std
0,0,0.3881881881881882,0.06367248974531975,4.180580580580581,0.7260514816106229
