segment,memory,reaction_mean,reaction_std,retention_mean,retention_std
0,0,0.47027027027027024,0.0753840007394769,2.6576576576576576,0.40233770666083307
