segment,memory,reaction_mean,reaction_std,retention_mean,retention_std
0,0,0.5886981163527255,0.10791078907532126,9.284947491248541,3.3558381870757628
