segment,memory,trial,reaction_time,retention_time
0,0,0,0.6401066844474079,8.841473578929822
0,0,1,0.6701116852808802,6.921153525587598
0,0,2,0.5700950158359727,6.761126854475746
0,0,3,0.5900983497249542,7.181196866144358
0,0,4,0.520086681113519,15.452575429238207
0,0,5,0.5900983497249542,5.430905150858477
0,0,6,0.6401066844474079,6.501083513918987
0,0,7,0.6101016836139357,10.581763627271211
0,0,8,0.6501083513918987,6.761126854475746
0,0,9,0.5500916819469912,7.801300216702784
0,0,10,0.6101016836139357,10.971828638106352
0,0,11,0.6701116852808802,9.901650275045842
0,0,12,0.5400900150025004,14.862477079513253
0,0,13,0.6401066844474079,10.781796966161027
0,0,14,0.48008001333555594,4.780796799466578
0,0,15,0.4700783463910652,6.6911151858643105
0,0,16,0.5900983497249542,5.760960160026672
0,0,17,0.6101016836139357,9.151525254209036
0,0,18,0.7501250208368062,6.071011835305884
0,0,19,0.6301050175029171,13.6222703783964
0,0,20,0.5600933488914819,12.732122020336723
0,0,21,0.6301050175029171,8.01133522253709
0,0,22,0.5300883480580096,11.161860310051676
0,0,23,0.3300550091681947,9.181530255042507
0,0,24,0.520086681113519,9.231538589764961
0,0,25,0.6001000166694449,21.61360226704451
0,0,26,0.4400733455575929,10.69178196366061
0,0,27,0.8901483580596766,11.321886981163528
0,0,28,0.46007667944657443,8.771461910318386
0,0,29,0.6701116852808802,10.891815302550425
0,0,30,0.7001166861143524,7.711285214202367
0,0,31,0.7601266877812969,6.2710451741957
0,0,32,0.5800966827804634,6.531088514752459
0,0,33,0.6601100183363894,9.501583597266212
0,0,34,0.7701283547257877,14.732455409234873
0,0,35,0.7401233538923154,7.571261876979497
0,0,36,0.5700950158359727,7.901316886147692
0,0,37,0.6201033505584265,11.671945324220705
0,0,38,0.42007001166861146,10.68178029671612
0,0,39,0.5100850141690282,5.930988498083014
0,0,40,0.38006334389064844,9.841640273378896
0,0,41,0.6401066844474079,5.020836806134356
0,0,42,0.4400733455575929,10.781796966161027
0,0,43,0.4100683447241207,5.07084514085681
0,0,44,0.5500916819469912,8.641440240040007
0,0,45,0.6501083513918987,7.321220203367228
0,0,46,0.5000833472245374,7.641273545590932
0,0,47,0.6601100183363894,5.230871811968662
0,0,48,0.5400900150025004,12.382063677279547
0,0,49,0.680113352225371,15.372562093682282
