segment,memory,reaction_mean,reaction_std,retention_mean,retention_std
0,0,0.6079013168861477,0.1044750008080314,47.340090015002495,14.490105399827188
