segment,memory,reaction_mean,reaction_std,retention_mean,retention_std
0,0,0.6299049841640274,0.09411702104109759,7.356826137689616,2.9144515226784447
