segment,memory,reaction_mean,reaction_std,retention_mean,retention_std
0,0,0.797997997997998,0.12548276807527967,3.61021021021021,1.1715414637969201
