segment,memory,reaction_mean,reaction_std,retention_mean,retention_std
0,0,0.3851851851851852,0.07127778975979504,2.0664664664664665,0.18580292035760876
