segment,memory,reaction_mean,reaction_std,retention_mean,retention_std
0,0,1.0862377529044196,1.0461002891117572,3.8332332332332335,3.6152372992497175
