segment,memory,reaction_mean,reaction_std,retention_mean,retention_std
0,0,0.707677374344041,0.3980433379196993,5.2994994994995,3.812579636020005
