segment,memory,reaction_mean,reaction_std,retention_mean,retention_std
0,0,0.5520920153358894,0.13640455106170216,41.32228704784131,15.311205044114121
