segment,memory,reaction_mean,reaction_std,retention_mean,retention_std
0,0,1.0974974974974976,0.18934169363486225,4.233833833833834,1.5397429884959921
