segment,memory,reaction_mean,reaction_std,retention_mean,retention_std
0,0,0.6602520888235175,0.2931523276981131,7.7077077077077085,1.4895371554411312
