segment,memory,reaction_mean,reaction_std,retention_mean,retention_std
0,0,0.5229443002405163,0.1535264020637648,46.08068011335223,17.049039987647436
