segment,memory,reaction_mean,reaction_std,retention_mean,retention_std
0,0,1.8854854854854854,0.9293504114967494,1.766966966966967,2.80077616664353
