segment,memory,reaction_mean,reaction_std,retention_mean,retention_std
0,0,0.684514085680947,0.09565898701367456,1.7552925487581266,0.2904826418121476
