segment,memory,trial,reaction_time,retention_time
0,0,0,0.6901150191698616,5.380896816136023
0,0,1,0.5300883480580096,3.0105017502917155
0,0,2,0.720120020003334,7.121186864477413
0,0,3,0.6401066844474079,5.300883480580097
0,0,4,0.5500916819469912,5.170861810301717
0,0,5,0.5800966827804634,6.701116852808802
0,0,6,0.6201033505584265,8.01133522253709
0,0,7,0.5000833472245374,6.451075179196533
0,0,8,0.4500750125020837,4.600766794465745
0,0,9,0.40006667777962995,8.041340223370563
0,0,10,0.5900983497249542,3.7006167694615772
0,0,11,0.6601100183363894,3.380563427237873
0,0,12,0.5300883480580096,7.201200200033339
0,0,13,0.7801300216702785,6.091015169194866
0,0,14,0.8001333555592599,7.161193532255377
0,0,15,0.5300883480580096,4.320720120020003
0,0,16,0.4400733455575929,7.311218536422738
0,0,17,0.5100850141690282,6.051008501416903
0,0,18,0.6001000166694449,2.9704950825137524
0,0,19,0.6401066844474079,7.201200200033339
0,0,20,0.5800966827804634,9.811635272545425
0,0,21,0.5400900150025004,4.500750125020837
0,0,22,0.3700616769461577,5.350891815302551
0,0,23,0.7601266877812969,9.441573595599268
0,0,24,0.7401233538923154,5.050841806967828
0,0,25,0.5900983497249542,4.900816802800467
0,0,26,0.32005334222370396,5.61093515585931
0,0,27,0.6601100183363894,4.830805134189032
0,0,28,0.6701116852808802,3.460576762793799
0,0,29,0.6001000166694449,4.350725120853475
0,0,30,0.5800966827804634,8.161360226704451
0,0,31,0.5500916819469912,3.7706284380730124
0,0,32,0.7501250208368062,7.62127021170195
0,0,33,0.5500916819469912,8.761460243373897
0,0,34,0.7601266877812969,4.01066844474079
0,0,35,0.6101016836139357,4.070678446407735
0,0,36,0.6401066844474079,4.14069011501917
0,0,37,0.6301050175029171,7.641273545590932
0,0,38,0.6201033505584265,4.390731788631439
0,0,39,0.6001000166694449,5.580930155025838
0,0,40,0.6301050175029171,6.021003500583431
0,0,41,0.6501083513918987,7.671278546424404
0,0,42,0.8301383563927321,5.280880146691115
0,0,43,0.4400733455575929,3.2905484247374566
0,0,44,0.520086681113519,7.031171861976996
0,0,45,0.6301050175029171,9.221536922820471
0,0,46,0.6201033505584265,6.2710451741957
0,0,47,0.7301216869478246,8.601433572262044
0,0,48,0.7501250208368062,6.891148524754126
0,0,49,0.5500916819469912,3.780630105017503
