segment,memory,reaction_mean,reaction_std,retention_mean,retention_std
0,0,0.6047007834639107,0.11086328506989808,5.893982330388399,1.83587879257967
