segment,memory,reaction_mean,reaction_std,retention_mean,retention_std
0,0,0.1917917917917918,0.03212637533564831,7.927727727727729,0.3646166599217383
