segment,memory,reaction_mean,reaction_std,retention_mean,retention_std
0,0,0.624024024024024,0.08490428019520793,3.6882882882882884,1.023587811631698
