segment,memory,reaction_mean,reaction_std,retention_mean,retention_std
0,0,0.23963963963963963,0.039598905971568725,8.008008008008009,0.0
