segment,memory,reaction_mean,reaction_std,retention_mean,retention_std
0,0,0.3691691691691692,0.06467148859272293,5.986386386386386,1.3167602875700555
