segment,memory,reaction_mean,reaction_std,retention_mean,retention_std
0,0,0.27167167167167167,0.05304553634053516,7.98998998998999,0.07350262992075747
