segment,memory,reaction_mean,reaction_std,retention_mean,retention_std
0,0,0.392992992992993,0.07951142296630369,2.0932932932932933,0.19383393772802862
