segment,memory,reaction_mean,reaction_std,retention_mean,retention_std
0,0,0.5745745745745746,0.09526428685798066,4.973773773773774,1.2175194422175368
