segment,memory,reaction_mean,reaction_std,retention_mean,retention_std
0,0,0.5631631631631632,0.09517430353980558,7.165765765765766,0.9895651431691431
