segment,memory,trial,reaction_time,retention_time
0,0,0,0.5805805805805806,8.008008008008009
0,0,1,0.5005005005005005,7.4774774774774775
0,0,2,0.43043043043043044,6.766766766766767
0,0,3,0.6306306306306306,8.008008008008009
0,0,4,0.46046046046046046,5.995995995995996
0,0,5,0.7007007007007007,6.456456456456457
0,0,6,0.5705705705705706,7.787787787787788
0,0,7,0.5905905905905906,8.008008008008009
0,0,8,0.5005005005005005,8.008008008008009
0,0,9,0.5905905905905906,8.008008008008009
0,0,10,0.4804804804804805,8.008008008008009
0,0,11,0.47047047047047047,7.087087087087087
0,0,12,0.7107107107107107,7.5075075075075075
0,0,13,0.44044044044044045,5.7157157157157155
0,0,14,0.7707707707707707,6.376376376376376
0,0,15,0.5905905905905906,5.905905905905906
0,0,16,0.5805805805805806,8.008008008008009
0,0,17,0.6306306306306306,8.008008008008009
0,0,18,0.5605605605605606,7.907907907907908
0,0,19,0.6906906906906907,8.008008008008009
0,0,20,0.40040040040040037,6.656656656656657
0,0,21,0.5705705705705706,6.566566566566567
0,0,22,0.6406406406406406,8.008008008008009
0,0,23,0.6406406406406406,8.008008008008009
0,0,24,0.5405405405405406,6.206206206206206
0,0,25,0.4904904904904905,6.806806806806807
0,0,26,0.5305305305305306,5.995995995995996
0,0,27,0.47047047047047047,7.297297297297297
0,0,28,0.5905905905905906,8.008008008008009
0,0,29,0.7707707707707707,8.008008008008009
0,0,30,0.40040040040040037,5.645645645645645
0,0,31,0.5305305305305306,7.017017017017017
0,0,32,0.6706706706706707,8.008008008008009
0,0,33,0.46046046046046046,5.7457457457457455
0,0,34,0.6206206206206206,8.008008008008009
0,0,35,0.6606606606606606,6.766766766766767
0,0,36,0.6306306306306306,7.297297297297297
0,0,37,0.7107107107107107,4.744744744744745
0,0,38,0.5005005005005005,7.917917917917918
0,0,39,0.6606606606606606,7.5275275275275275
0,0,40,0.42042042042042044,7.167167167167167
0,0,41,0.5205205205205206,8.008008008008009
0,0,42,0.5105105105105106,8.008008008008009
0,0,43,0.41041041041041043,7.137137137137137
0,0,44,0.46046046046046046,3.6636636636636637
0,0,45,0.5405405405405406,8.008008008008009
0,0,46,0.6206206206206206,8.008008008008009
0,0,47,0.5705705705705706,6.596596596596597
0,0,48,0.6006006006006006,6.826826826826827
0,0,49,0.5305305305305306,7.5675675675675675
