segment,memory,reaction_mean,reaction_std,retention_mean,retention_std
0,0,0.6075012502083681,0.1151732183909729,57.60800133355559,1.9979799389669832
