segment,memory,reaction_mean,reaction_std,retention_mean,retention_std
0,0,0.14334334334334334,0.028702804038997567,4.260460460460461,0.44369646905842786
