segment,memory,reaction_mean,reaction_std,retention_mean,retention_std
0,0,0.4436739456576096,0.08430606046021888,58.00966827804634,0.0
