segment,memory,reaction_mean,reaction_std,retention_mean,retention_std
0,0,0.6748748748748749,0.09152210243751008,1.4546546546546546,0.21152848744449826
