segment,memory,reaction_mean,reaction_std,retention_mean,retention_std
0,0,0.548091348558093,0.13350006288817368,33.34975829304884,18.301350479586677
