segment,memory,reaction_mean,reaction_std,retention_mean,retention_std
0,0,0.4880880880880881,0.06675396168152378,2.537937937937938,0.3347743604364478
