segment,memory,trial,reaction_time,retention_time
0,0,0,0.5300883480580096,58.00966827804634
0,0,1,0.6101016836139357,58.00966827804634
0,0,2,0.5800966827804634,58.00966827804634
0,0,3,0.48008001333555594,58.00966827804634
0,0,4,0.6001000166694449,58.00966827804634
0,0,5,1.4202367061176864,58.00966827804634
0,0,6,0.49008168028004667,46.67777962993833
0,0,7,0.4100683447241207,58.00966827804634
0,0,8,,0.30005000833472245
0,0,9,0.5000833472245374,58.00966827804634
0,0,10,0.8801466911151858,58.00966827804634
0,0,11,0.42007001166861146,58.00966827804634
0,0,12,0.8401400233372229,58.00966827804634
0,0,13,1.0701783630605102,58.00966827804634
0,0,14,1.2702117019503252,58.00966827804634
0,0,15,1.8403067177862977,58.00966827804634
0,0,16,0.4700783463910652,58.00966827804634
0,0,17,0.4500750125020837,58.00966827804634
0,0,18,0.32005334222370396,58.00966827804634
0,0,19,0.360060010001667,58.00966827804634
0,0,20,0.3900650108351392,58.00966827804634
0,0,21,0.7001166861143524,48.48808134689115
0,0,22,0.5300883480580096,55.619269878313055
0,0,23,0.48008001333555594,29.884980830138357
0,0,24,0.6101016836139357,58.00966827804634
0,0,25,1.0701783630605102,58.00966827804634
0,0,26,0.5900983497249542,58.00966827804634
0,0,27,0.2700450075012502,58.00966827804634
0,0,28,0.49008168028004667,58.00966827804634
0,0,29,0.520086681113519,58.00966827804634
0,0,30,0.6701116852808802,32.145357559593265
0,0,31,0.42007001166861146,58.00966827804634
0,0,32,0.7701283547257877,58.00966827804634
0,0,33,0.5800966827804634,47.96799466577763
0,0,34,0.360060010001667,58.00966827804634
0,0,35,0.8301383563927321,58.00966827804634
0,0,36,0.8301383563927321,58.00966827804634
0,0,37,0.6401066844474079,58.00966827804634
0,0,38,0.9101516919486582,58.00966827804634
0,0,39,0.3700616769461577,58.00966827804634
0,0,40,0.2600433405567595,58.00966827804634
0,0,41,0.360060010001667,58.00966827804634
0,0,42,0.4500750125020837,58.00966827804634
0,0,43,0.520086681113519,19.963327221203535
0,0,44,0.5000833472245374,58.00966827804634
0,0,45,1.2202033672278714,58.00966827804634
0,0,46,1.7902983830638441,52.348724787464576
0,0,47,0.7601266877812969,58.00966827804634
0,0,48,0.46007667944657443,58.00966827804634
0,0,49,0.8001333555592599,58.00966827804634
