segment,memory,reaction_mean,reaction_std,retention_mean,retention_std
0,0,0.6672540661538828,0.3530519958517122,54.235839306551085,10.957676722882452
