segment,memory,reaction_mean,reaction_std,retention_mean,retention_std
0,0,1.6316316316316317,0.3712080994681668,2.056256256256256,1.82815723995406
