segment,memory,reaction_mean,reaction_std,retention_mean,retention_std
0,0,0.12192192192192193,0.024409919165939726,8.008008008008009,0.0
