segment,memory,reaction_mean,reaction_std,retention_mean,retention_std
0,0,0.6527087847974663,0.09146189364727832,2.9780963493915653,0.534720635397373
