segment,memory,reaction_mean,reaction_std,retention_mean,retention_std
0,0,0.49048174695782626,0.09283876365991249,58.00966827804634,0.0
