segment,memory,reaction_mean,reaction_std,retention_mean,retention_std
0,0,0.5005005005005005,0.08570469934947346,5.0414414414414415,1.241848612602362
