segment,memory,reaction_mean,reaction_std,retention_mean,retention_std
0,0,0.6312312312312313,0.2032455151668483,8.008008008008009,0.0
