segment,memory,trial,reaction_time,retention_time
0,0,0,0.8108108108108109,8.008008008008009
0,0,1,0.8008008008008007,8.008008008008009
0,0,2,0.7007007007007007,8.008008008008009
0,0,3,0.45045045045045046,8.008008008008009
0,0,4,0.6906906906906907,8.008008008008009
0,0,5,0.6106106106106106,8.008008008008009
0,0,6,0.5805805805805806,8.008008008008009
0,0,7,0.6606606606606606,8.008008008008009
0,0,8,0.4904904904904905,8.008008008008009
0,0,9,0.5405405405405406,8.008008008008009
0,0,10,0.4804804804804805,8.008008008008009
0,0,11,0.6006006006006006,8.008008008008009
0,0,12,0.7207207207207207,8.008008008008009
0,0,13,0.7907907907907907,8.008008008008009
0,0,14,0.46046046046046046,8.008008008008009
0,0,15,0.7107107107107107,8.008008008008009
0,0,16,0.44044044044044045,8.008008008008009
0,0,17,0.46046046046046046,8.008008008008009
0,0,18,0.6706706706706707,8.008008008008009
0,0,19,0.21021021021021022,8.008008008008009
0,0,20,0.36036036036036034,8.008008008008009
0,0,21,0.5605605605605606,8.008008008008009
0,0,22,0.7607607607607607,8.008008008008009
0,0,23,0.6006006006006006,8.008008008008009
0,0,24,0.9209209209209209,8.008008008008009
0,0,25,0.5705705705705706,8.008008008008009
0,0,26,0.6906906906906907,8.008008008008009
0,0,27,0.7207207207207207,8.008008008008009
0,0,28,0.7607607607607607,8.008008008008009
0,0,29,0.6106106106106106,8.008008008008009
0,0,30,0.44044044044044045,8.008008008008009
0,0,31,0.43043043043043044,8.008008008008009
0,0,32,0.990990990990991,8.008008008008009
0,0,33,0.47047047047047047,8.008008008008009
0,0,34,0.5305305305305306,8.008008008008009
0,0,35,0.950950950950951,8.008008008008009
0,0,36,0.5205205205205206,8.008008008008009
0,0,37,0.6006006006006006,8.008008008008009
0,0,38,0.9109109109109109,8.008008008008009
0,0,39,0.6406406406406406,8.008008008008009
0,0,40,1.1211211211211212,8.008008008008009
0,0,41,0.6606606606606606,8.008008008008009
0,0,42,0.46046046046046046,8.008008008008009
0,0,43,0.7307307307307307,8.008008008008009
0,0,44,1.2912912912912913,8.008008008008009
0,0,45,0.3303303303303303,8.008008008008009
0,0,46,0.5405405405405406,8.008008008008009
0,0,47,0.6606606606606606,8.008008008008009
0,0,48,0.40040040040040037,8.008008008008009
0,0,49,0.44044044044044045,8.008008008008009
