segment,memory,reaction_mean,reaction_std,retention_mean,retention_std
0,0,0.22442442442442442,0.03047547439348812,7.20980980980981,1.0125315145599718
