segment,memory,reaction_mean,reaction_std,retention_mean,retention_std
0,0,0.4398733122187031,0.09098477107366237,58.00966827804634,0.0
