segment,memory,reaction_mean,reaction_std,retention_mean,retention_std
0,0,0.3437437437437438,0.09290850360419896,8.008008008008009,0.0
