segment,memory,reaction_mean,reaction_std,retention_mean,retention_std
0,0,0.5290881813635606,0.16311286472462225,57.23833972328722,4.446852784306822
