segment,memory,reaction_mean,reaction_std,retention_mean,retention_std
0,0,0.641106851141857,0.09138239727952303,4.481346891148525,1.0873220312996428
