segment,memory,reaction_mean,reaction_std,retention_mean,retention_std
0,0,1.0806806806806808,0.2183922603901318,2.9375375375375374,0.9956655626046497
