segment,memory,trial,reaction_time,retention_time
0,0,0,1.3213213213213213,8.008008008008009
0,0,1,1.1511511511511512,2.4624624624624625
0,0,2,1.0510510510510511,8.008008008008009
0,0,3,1.2612612612612613,8.008008008008009
0,0,4,1.2112112112112112,8.008008008008009
0,0,5,1.1511511511511512,8.008008008008009
0,0,6,0.8908908908908909,7.027027027027027
0,0,7,0.8908908908908909,6.076076076076076
0,0,8,1.961961961961962,1.6916916916916918
0,0,9,1.2812812812812813,3.043043043043043
0,0,10,1.3313313313313313,1.7817817817817818
0,0,11,0.990990990990991,8.008008008008009
0,0,12,1.0910910910910911,6.416416416416417
0,0,13,1.0810810810810811,8.008008008008009
0,0,14,1.4314314314314314,3.133133133133133
0,0,15,0.9309309309309309,4.744744744744745
0,0,16,0.970970970970971,5.185185185185185
0,0,17,1.3313313313313313,1.1211211211211212
0,0,18,1.1311311311311312,5.015015015015015
0,0,19,1.4414414414414414,0.8208208208208209
0,0,20,1.0610610610610611,3.2332332332332334
0,0,21,1.1211211211211212,8.008008008008009
0,0,22,1.1511511511511512,3.063063063063063
0,0,23,1.1811811811811812,8.008008008008009
0,0,24,1.6516516516516517,8.008008008008009
0,0,25,1.2112112112112112,5.385385385385385
0,0,26,1.1411411411411412,6.576576576576577
0,0,27,0.8808808808808809,1.901901901901902
0,0,28,0.5905905905905906,6.396396396396396
0,0,29,1.5515515515515514,2.4724724724724725
0,0,30,1.7017017017017018,2.9229229229229228
0,0,31,1.7017017017017018,2.3323323323323324
0,0,32,0.950950950950951,6.566566566566567
0,0,33,0.9209209209209209,5.315315315315315
0,0,34,1.4614614614614614,8.008008008008009
0,0,35,1.5415415415415414,6.616616616616617
0,0,36,0.7807807807807807,6.736736736736737
0,0,37,1.1311311311311312,8.008008008008009
0,0,38,0.980980980980981,7.077077077077077
0,0,39,1.1211211211211212,8.008008008008009
0,0,40,1.2212212212212212,3.4234234234234235
0,0,41,1.2012012012012012,8.008008008008009
0,0,42,1.4614614614614614,4.964964964964965
0,0,43,0.990990990990991,5.8558558558558556
0,0,44,1.2112112112112112,1.7617617617617618
0,0,45,0.8708708708708709,5.375375375375375
0,0,46,1.0910910910910911,8.008008008008009
0,0,47,1.4014014014014013,4.1941941941941945
0,0,48,1.5515515515515514,5.975975975975976
0,0,49,1.3413413413413413,2.3123123123123124
