segment,memory,reaction_mean,reaction_std,retention_mean,retention_std
0,0,1.2016016016016016,0.2665712916434101,5.3819819819819825,2.379375086535106
