segment,memory,reaction_mean,reaction_std,retention_mean,retention_std
0,0,0.615015015015015,0.1263292756496126,7.617417417417418,0.9124944116504333
