segment,memory,reaction_mean,reaction_std,retention_mean,retention_std
0,0,0.34594594594594597,0.07384015623447646,7.693493493493494,0.5929493299258078
