segment,memory,reaction_mean,reaction_std,retention_mean,retention_std
0,0,0.6042042042042042,0.10015646714329426,7.981981981981983,0.17150481167527476
