segment,memory,reaction_mean,reaction_std,retention_mean,retention_std
0,0,0.13433433433433434,0.021219024070242124,8.008008008008009,0.0
