segment,memory,reaction_mean,reaction_std,retention_mean,retention_std
0,0,1.0042042042042043,0.3042540350643572,7.610410410410411,1.3576898386721292
