segment,memory,reaction_mean,reaction_std,retention_mean,retention_std
0,0,0.6857142857142857,0.0988496677494716,1.3816302717119522,0.20741876418124156
