segment,memory,reaction_mean,reaction_std,retention_mean,retention_std
0,0,0.2676676676676677,0.050144341324893475,8.008008008008009,0.0
