segment,memory,reaction_mean,reaction_std,retention_mean,retention_std
0,0,0.6376376376376376,0.08940082569533278,2.7351351351351347,0.4952619973878945
