segment,memory,reaction_mean,reaction_std,retention_mean,retention_std
0,0,0.4842842842842843,0.07126774782591831,1.828228228228228,0.20382171114613462
