segment,memory,reaction_mean,reaction_std,retention_mean,retention_std
0,0,0.24344344344344346,0.04171292356014193,5.240440440440441,1.0851934793577582
