segment,memory,trial,reaction_time,retention_time
0,0,0,0.2602602602602603,6.216216216216216
0,0,1,0.23023023023023023,4.454454454454455
0,0,2,0.16016016016016016,6.156156156156156
0,0,3,0.2502502502502503,4.364364364364365
0,0,4,0.18018018018018017,6.396396396396396
0,0,5,0.3203203203203203,7.827827827827828
0,0,6,0.3003003003003003,5.075075075075075
0,0,7,0.2502502502502503,7.327327327327327
0,0,8,0.14014014014014015,7.057057057057057
0,0,9,0.2802802802802803,3.4134134134134135
0,0,10,0.2602602602602603,4.104104104104104
0,0,11,0.20020020020020018,5.225225225225225
0,0,12,0.22022022022022023,5.455455455455455
0,0,13,0.2502502502502503,4.2342342342342345
0,0,14,0.2502502502502503,4.424424424424425
0,0,15,0.23023023023023023,3.6736736736736737
0,0,16,0.17017017017017017,3.923923923923924
0,0,17,0.2602602602602603,5.7757757757757755
0,0,18,0.2902902902902903,5.515515515515515
0,0,19,0.21021021021021022,5.585585585585585
0,0,20,0.2902902902902903,4.644644644644645
0,0,21,0.24024024024024024,5.7757757757757755
0,0,22,0.2802802802802803,5.875875875875876
0,0,23,0.2602602602602603,4.2842842842842845
0,0,24,0.3003003003003003,5.185185185185185
0,0,25,0.21021021021021022,4.684684684684685
0,0,26,0.2702702702702703,5.195195195195195
0,0,27,0.2602602602602603,4.784784784784785
0,0,28,0.2802802802802803,3.953953953953954
0,0,29,0.2602602602602603,4.064064064064064
0,0,30,0.2502502502502503,4.2942942942942945
0,0,31,0.2702702702702703,5.8258258258258255
0,0,32,0.18018018018018017,3.793793793793794
0,0,33,0.3203203203203203,5.175175175175175
0,0,34,0.2602602602602603,4.964964964964965
0,0,35,0.22022022022022023,5.225225225225225
0,0,36,0.16016016016016016,6.136136136136136
0,0,37,0.20020020020020018,4.674674674674675
0,0,38,0.20020020020020018,4.494494494494495
0,0,39,0.24024024024024024,4.824824824824825
0,0,40,0.2602602602602603,8.008008008008009
0,0,41,0.24024024024024024,4.734734734734735
0,0,42,0.2602602602602603,5.495495495495495
0,0,43,0.24024024024024024,5.625625625625625
0,0,44,0.24024024024024024,5.215215215215215
0,0,45,0.22022022022022023,6.356356356356356
0,0,46,0.3203203203203203,4.694694694694695
0,0,47,0.23023023023023023,5.005005005005005
0,0,48,0.2602602602602603,7.917917917917918
0,0,49,0.23023023023023023,4.904904904904905
