segment,memory,reaction_mean,reaction_std,retention_mean,retention_std
0,0,0.6854854854854855,0.09979811857604821,1.1967967967967967,0.15272468830427352
