segment,memory,reaction_mean,reaction_std,retention_mean,retention_std
0,0,0.6399025687954796,0.1905189552218616,56.84947491248541,8.203805962757745
