segment,memory,reaction_mean,reaction_std,retention_mean,retention_std
0,0,0.5666944490748458,0.12874533542902472,6.10821803633939,1.5519464024629654
