segment,memory,reaction_mean,reaction_std,retention_mean,retention_std
0,0,0.638906484414069,0.2631853253619092,56.869078179696615,8.065189930973217
