segment,memory,trial,reaction_time,retention_time
0,0,0,0.5500916819469912,58.00966827804634
0,0,1,0.7401233538923154,58.00966827804634
0,0,2,0.8501416902817136,58.00966827804634
0,0,3,0.4300716786131022,58.00966827804634
0,0,4,1.0701783630605102,58.00966827804634
0,0,5,1.1001833638939824,58.00966827804634
0,0,6,0.7101183530588432,58.00966827804634
0,0,7,0.5700950158359727,58.00966827804634
0,0,8,0.4100683447241207,58.00966827804634
0,0,9,0.7401233538923154,58.00966827804634
0,0,10,0.6401066844474079,58.00966827804634
0,0,11,0.4700783463910652,58.00966827804634
0,0,12,0.9001500250041674,58.00966827804634
0,0,13,0.38006334389064844,58.00966827804634
0,0,14,0.6001000166694449,58.00966827804634
0,0,15,0.4700783463910652,58.00966827804634
0,0,16,1.5202533755625938,0.9801633605600933
0,0,17,0.4400733455575929,58.00966827804634
0,0,18,1.0501750291715286,58.00966827804634
0,0,19,0.4500750125020837,58.00966827804634
0,0,20,0.3400566761126855,58.00966827804634
0,0,21,0.3400566761126855,58.00966827804634
0,0,22,0.5100850141690282,58.00966827804634
0,0,23,0.8901483580596766,58.00966827804634
0,0,24,0.7101183530588432,58.00966827804634
0,0,25,0.5800966827804634,58.00966827804634
0,0,26,0.4500750125020837,58.00966827804634
0,0,27,0.360060010001667,58.00966827804634
0,0,28,0.3700616769461577,58.00966827804634
0,0,29,0.8501416902817136,58.00966827804634
0,0,30,0.5300883480580096,58.00966827804634
0,0,31,0.8601433572262044,58.00966827804634
0,0,32,0.4300716786131022,58.00966827804634
0,0,33,0.4400733455575929,58.00966827804634
0,0,34,0.5500916819469912,58.00966827804634
0,0,35,0.6001000166694449,58.00966827804634
0,0,36,0.520086681113519,58.00966827804634
0,0,37,0.6501083513918987,58.00966827804634
0,0,38,0.720120020003334,58.00966827804634
0,0,39,0.4500750125020837,58.00966827804634
0,0,40,0.40006667777962995,58.00966827804634
0,0,41,1.3002167027837974,58.00966827804634
0,0,42,0.42007001166861146,58.00966827804634
0,0,43,0.4500750125020837,58.00966827804634
0,0,44,0.5100850141690282,58.00966827804634
0,0,45,0.9101516919486582,58.00966827804634
0,0,46,0.7001166861143524,58.00966827804634
0,0,47,0.4400733455575929,58.00966827804634
0,0,48,0.520086681113519,58.00966827804634
0,0,49,1.0501750291715286,58.00966827804634
