segment,memory,reaction_mean,reaction_std,retention_mean,retention_std
0,0,0.6629676374633868,0.30344113588959687,9.17992998833139,4.326902178211303
