segment,memory,reaction_mean,reaction_std,retention_mean,retention_std
0,0,0.2790790790790791,0.039610781487196774,4.897897897897898,0.9204550533970483
