segment,memory,reaction_mean,reaction_std,retention_mean,retention_std
0,0,0.2870870870870871,0.04344192774728448,4.524724724724725,0.8180395392514389
