segment,memory,reaction_mean,reaction_std,retention_mean,retention_std
0,0,2.920920920920921,1.8668187522577073,0.1831831831831832,0.5574814310995312
