segment,memory,reaction_mean,reaction_std,retention_mean,retention_std
0,0,0.3171171171171171,0.048806432733128215,2.3963963963963963,0.18749930963058792
