segment,memory,reaction_mean,reaction_std,retention_mean,retention_std
0,0,0.6892892892892892,0.07558771676006715,1.157957957957958,0.14053997016844236
