segment,memory,reaction_mean,reaction_std,retention_mean,retention_std
0,0,0.6275045840973497,0.11447983877771929,3.1049174862477082,0.5846368884041733
