segment,memory,reaction_mean,reaction_std,retention_mean,retention_std
0,0,0.6568568568568568,0.08386906575152334,1.7475475475475475,0.24742818498172814
