segment,memory,reaction_mean,reaction_std,retention_mean,retention_std
0,0,0.12012012012012012,0.018863014383344655,8.008008008008009,0.0
