segment,memory,reaction_mean,reaction_std,retention_mean,retention_std
0,0,0.5923923923923924,0.1432243344840515,8.008008008008009,0.0
