segment,memory,reaction_mean,reaction_std,retention_mean,retention_std
0,0,0.5597597597597598,0.0872380573657489,3.3853853853853852,0.7934510836394482
