segment,memory,reaction_mean,reaction_std,retention_mean,retention_std
0,0,0.3831831831831832,0.06528203210289313,3.3585585585585584,0.5164987797601387
