segment,memory,reaction_mean,reaction_std,retention_mean,retention_std
0,0,0.6321053508918153,0.09747371933880718,3.067711285214202,0.6616299815215869
