segment,memory,reaction_mean,reaction_std,retention_mean,retention_std
0,0,0.6343057176196033,0.09408664867396398,5.985997666277712,1.728728789482518
