segment,memory,reaction_mean,reaction_std,retention_mean,retention_std
0,0,0.43083083083083085,0.14536806826717277,8.008008008008009,0.0
