segment,memory,reaction_mean,reaction_std,retention_mean,retention_std
0,0,0.6244244244244244,0.21968927249345752,7.440840840840841,1.4681436987119776
