segment,memory,trial,reaction_time,retention_time
0,0,0,0.6906906906906907,8.008008008008009
0,0,1,0.47047047047047047,8.008008008008009
0,0,2,0.5005005005005005,8.008008008008009
0,0,3,0.5805805805805806,8.008008008008009
0,0,4,0.8608608608608609,8.008008008008009
0,0,5,0.5605605605605606,8.008008008008009
0,0,6,0.47047047047047047,8.008008008008009
0,0,7,0.36036036036036034,8.008008008008009
0,0,8,0.8408408408408409,8.008008008008009
0,0,9,0.5705705705705706,8.008008008008009
0,0,10,0.4904904904904905,8.008008008008009
0,0,11,1.5815815815815815,8.008008008008009
0,0,12,0.5105105105105106,8.008008008008009
0,0,13,0.5705705705705706,6.046046046046046
0,0,14,0.4804804804804805,8.008008008008009
0,0,15,0.45045045045045046,8.008008008008009
0,0,16,0.47047047047047047,8.008008008008009
0,0,17,0.6106106106106106,8.008008008008009
0,0,18,0.43043043043043044,8.008008008008009
0,0,19,0.6406406406406406,8.008008008008009
0,0,20,0.41041041041041043,8.008008008008009
0,0,21,0.40040040040040037,8.008008008008009
0,0,22,0.5605605605605606,8.008008008008009
0,0,23,0.6406406406406406,8.008008008008009
0,0,24,0.40040040040040037,8.008008008008009
0,0,25,0.5705705705705706,8.008008008008009
0,0,26,0.5005005005005005,8.008008008008009
0,0,27,1.001001001001001,8.008008008008009
0,0,28,0.5005005005005005,8.008008008008009
0,0,29,0.45045045045045046,8.008008008008009
0,0,30,0.990990990990991,3.043043043043043
0,0,31,0.46046046046046046,8.008008008008009
0,0,32,0.7707707707707707,8.008008008008009
0,0,33,0.6206206206206206,8.008008008008009
0,0,34,0.7807807807807807,3.7537537537537538
0,0,35,0.5305305305305306,8.008008008008009
0,0,36,0.7407407407407407,8.008008008008009
0,0,37,0.7507507507507507,2.2522522522522523
0,0,38,0.5105105105105106,8.008008008008009
0,0,39,0.5705705705705706,8.008008008008009
0,0,40,0.5105105105105106,8.008008008008009
0,0,41,1.1411411411411412,4.864864864864865
0,0,42,0.46046046046046046,8.008008008008009
0,0,43,0.7007007007007007,5.7457457457457455
0,0,44,0.44044044044044045,8.008008008008009
0,0,45,0.8508508508508509,8.008008008008009
0,0,46,0.7207207207207207,7.107107107107107
0,0,47,0.7707707707707707,2.8928928928928928
0,0,48,0.7107107107107107,8.008008008008009
0,0,49,0.6106106106106106,8.008008008008009
