segment,memory,reaction_mean,reaction_std,retention_mean,retention_std
0,0,0.15595595595595596,0.028961677429953543,7.942142142142143,0.26996434920823686
