segment,memory,reaction_mean,reaction_std,retention_mean,retention_std
0,0,0.6044044044044043,0.22671625288555572,8.008008008008009,0.0
