segment,memory,reaction_mean,reaction_std,retention_mean,retention_std
0,0,0.12652652652652654,0.01989295954500695,8.008008008008009,0.0
