{
  "w_s": 1.2313131313131314,
  "w_external": 3.0782828282828283,
  "noise_levels": [
    0.5
  ],
  "stim_duration": 2.0,
  "segment_count": 1,
  "segment_duration": 10,
  "dt": 0.01,
  "stim_sequence": [
    0
  ]
}