segment,memory,trial,reaction_time,retention_time
0,0,0,0.6901150191698616,2.340390065010835
0,0,1,0.5900983497249542,2.4204034005667614
0,0,2,0.6101016836139357,2.8004667444574096
0,0,3,0.6201033505584265,2.2903817302883813
0,0,4,0.6901150191698616,2.5604267377896317
0,0,5,0.7801300216702785,2.8404734122353728
0,0,6,0.5400900150025004,2.2603767294549093
0,0,7,0.720120020003334,3.0605100850141693
0,0,8,0.5800966827804634,2.7304550758459745
0,0,9,0.5600933488914819,3.120520086681114
0,0,10,0.7301216869478246,2.8004667444574096
0,0,11,0.4500750125020837,3.0405067511251875
0,0,12,0.6301050175029171,3.450575095849308
0,0,13,0.720120020003334,2.6504417402900486
0,0,14,0.5500916819469912,2.460410068344724
0,0,15,0.6101016836139357,2.6504417402900486
0,0,16,0.6001000166694449,2.430405067511252
0,0,17,0.680113352225371,2.9704950825137524
0,0,18,0.5600933488914819,2.180363393898983
0,0,19,0.8401400233372229,1.9003167194532422
0,0,20,0.6501083513918987,3.3905650941823637
0,0,21,0.6201033505584265,2.5304217369561592
0,0,22,0.5800966827804634,2.550425070845141
0,0,23,0.6201033505584265,3.3705617602933824
0,0,24,0.5300883480580096,2.720453408901484
0,0,25,0.6301050175029171,4.100683447241207
0,0,26,0.5600933488914819,3.420570095015836
0,0,27,0.6101016836139357,2.740456742790465
0,0,28,0.7901316886147691,4.280713452242041
0,0,29,0.5400900150025004,2.590431738623104
0,0,30,0.5600933488914819,2.460410068344724
0,0,31,0.7401233538923154,2.5304217369561592
0,0,32,0.5600933488914819,1.990331721953659
0,0,33,0.720120020003334,2.0403400566761127
0,0,34,0.6701116852808802,1.9203200533422238
0,0,35,0.6601100183363894,2.550425070845141
0,0,36,0.6301050175029171,1.910318386397733
0,0,37,0.7001166861143524,3.6006001000166696
0,0,38,0.5000833472245374,2.2803800633438907
0,0,39,0.5900983497249542,2.0503417236206034
0,0,40,0.48008001333555594,3.430571761960327
0,0,41,0.5000833472245374,2.4904150691781965
0,0,42,0.7401233538923154,2.9904984164027337
0,0,43,0.4100683447241207,2.220370061676946
0,0,44,0.7701283547257877,2.980496749458243
0,0,45,0.6201033505584265,2.200366727787965
0,0,46,0.6301050175029171,2.860476746124354
0,0,47,0.7301216869478246,2.3303883980663445
0,0,48,0.6401066844474079,2.510418403067178
0,0,49,0.520086681113519,3.3305550925154193
