segment,memory,reaction_mean,reaction_std,retention_mean,retention_std
0,0,0.6251041840306718,0.09189478431290249,2.7066511085180864,0.5384466138632884
