segment,memory,reaction_mean,reaction_std,retention_mean,retention_std
0,0,0.7121186864477412,0.09705393392846444,1.2332055342557093,0.19213371729302642
