segment,memory,reaction_mean,reaction_std,retention_mean,retention_std
0,0,0.6682932003818819,0.299011392434649,49.94212368728121,20.200240872920947
