segment,memory,reaction_mean,reaction_std,retention_mean,retention_std
0,0,0.6745124187364562,0.07935130316369386,1.3388231371895316,0.23185498429953197
