segment,memory,reaction_mean,reaction_std,retention_mean,retention_std
0,0,0.2910910910910911,0.05640227295446174,8.008008008008009,0.0
