segment,memory,reaction_mean,reaction_std,retention_mean,retention_std
0,0,0.3965965965965966,0.07280069726230474,2.1125125125125126,0.18039523301032004
