segment,memory,reaction_mean,reaction_std,retention_mean,retention_std
0,0,0.46826826826826823,0.07621491756488037,2.369169169169169,0.36352110201066873
