segment,memory,reaction_mean,reaction_std,retention_mean,retention_std
0,0,0.7481481481481481,0.13936183832536272,5.664464464464464,1.516397196710221
