segment,memory,reaction_mean,reaction_std,retention_mean,retention_std
0,0,0.22002002002002002,0.03775257941536022,4.120720720720721,0.5617471179252579
