segment,memory,reaction_mean,reaction_std,retention_mean,retention_std
0,0,0.5711711711711712,0.08006501257606885,7.937337337337339,0.3401384579935439
