segment,memory,reaction_mean,reaction_std,retention_mean,retention_std
0,0,0.6144144144144144,0.15332242998828174,7.545345345345346,1.0207772307478593
