segment,memory,reaction_mean,reaction_std,retention_mean,retention_std
0,0,0.5125125125125125,0.07167146624419661,2.3821821821821825,0.41787612284352094
