segment,memory,reaction_mean,reaction_std,retention_mean,retention_std
0,0,0.208008008008008,0.045097901388417024,7.842442442442444,0.4034895947425949
