segment,memory,reaction_mean,reaction_std,retention_mean,retention_std
0,0,0.5259259259259259,0.11370462838192694,6.7207207207207205,1.0364896587137524
