segment,memory,reaction_mean,reaction_std,retention_mean,retention_std
0,0,0.5459459459459459,0.11964609265814181,7.940540540540542,0.3227422306779679
