segment,memory,reaction_mean,reaction_std,retention_mean,retention_std
0,0,0.34514514514514516,0.057208636565233076,4.774974974974976,1.0006587431471525
