segment,memory,reaction_mean,reaction_std,retention_mean,retention_std
0,0,0.64984984984985,0.10030091601046044,1.4714714714714714,0.19373221122028678
