segment,memory,reaction_mean,reaction_std,retention_mean,retention_std
0,0,0.5288881480246708,0.12755100693144847,57.486981163527254,3.695956031152756
