segment,memory,reaction_mean,reaction_std,retention_mean,retention_std
0,0,0.537937937937938,0.08106506449194247,2.917717717717718,0.4787248402858538
