segment,memory,reaction_mean,reaction_std,retention_mean,retention_std
0,0,0.6471078513085514,0.09057458123117614,3.4361726954492418,0.7576845495483525
