segment,memory,reaction_mean,reaction_std,retention_mean,retention_std
0,0,0.6717119519919987,0.09699838652293019,2.098749791631939,0.3482332234884308
