segment,memory,trial,reaction_time,retention_time
0,0,0,0.6501083513918987,1.950325054175696
0,0,1,0.6101016836139357,1.7602933822303717
0,0,2,0.8001333555592599,1.8503083847307886
0,0,3,0.7001166861143524,2.580430071678613
0,0,4,0.7501250208368062,1.9003167194532422
0,0,5,0.5800966827804634,2.180363393898983
0,0,6,0.7001166861143524,1.950325054175696
0,0,7,0.5900983497249542,2.1203533922320386
0,0,8,0.7601266877812969,2.2803800633438907
0,0,9,0.7801300216702785,1.670278379729955
0,0,10,0.5900983497249542,2.350391731955326
0,0,11,0.7101183530588432,2.320386731121854
0,0,12,0.9001500250041674,2.6604434072345393
0,0,13,0.680113352225371,2.0903483913985665
0,0,14,0.6601100183363894,2.150358393065511
0,0,15,0.7801300216702785,1.990331721953659
0,0,16,0.720120020003334,2.2403733955659275
0,0,17,0.6901150191698616,2.080346724454076
0,0,18,0.7401233538923154,1.9403233872312053
0,0,19,0.6601100183363894,2.100350058343057
0,0,20,0.7301216869478246,1.6602767127854643
0,0,21,0.5700950158359727,2.7704617436239376
0,0,22,0.5600933488914819,1.950325054175696
0,0,23,0.6401066844474079,1.5902650441740291
0,0,24,0.6101016836139357,2.0503417236206034
0,0,25,0.9501583597266211,1.6802800466744459
0,0,26,0.5400900150025004,2.110351725287548
0,0,27,0.7701283547257877,1.710285047507918
0,0,28,0.7001166861143524,1.8603100516752793
0,0,29,0.6701116852808802,2.5204200700116686
0,0,30,0.8401400233372229,2.220370061676946
0,0,31,0.5800966827804634,2.6104350725120855
0,0,32,0.520086681113519,1.8003000500083348
0,0,33,0.6201033505584265,2.6604434072345393
0,0,34,0.6701116852808802,2.2903817302883813
0,0,35,0.6701116852808802,1.670278379729955
0,0,36,0.6601100183363894,1.9003167194532422
0,0,37,0.7001166861143524,2.0203367227871314
0,0,38,0.7301216869478246,2.080346724454076
0,0,39,0.6101016836139357,2.600433405567595
0,0,40,0.6201033505584265,1.8903150525087515
0,0,41,0.48008001333555594,3.150525087514586
0,0,42,0.6201033505584265,2.4004000666777796
0,0,43,0.48008001333555594,1.6402733788964827
0,0,44,0.5600933488914819,1.87031171861977
0,0,45,0.6001000166694449,1.6902817136189365
0,0,46,0.7001166861143524,2.460410068344724
0,0,47,0.7901316886147691,1.630271711951992
0,0,48,0.6701116852808802,2.2603767294549093
0,0,49,0.6701116852808802,2.0203367227871314
