segment,memory,trial,reaction_time,retention_time
0,0,0,0.18018018018018017,3.5235235235235236
0,0,1,0.2502502502502503,3.053053053053053
0,0,2,0.35035035035035034,3.183183183183183
0,0,3,0.16016016016016016,3.5135135135135136
0,0,4,0.23023023023023023,3.4234234234234235
0,0,5,0.21021021021021022,3.4434434434434436
0,0,6,0.12012012012012012,3.973973973973974
0,0,7,0.20020020020020018,2.8428428428428427
0,0,8,0.21021021021021022,3.193193193193193
0,0,9,0.20020020020020018,2.992992992992993
0,0,10,0.21021021021021022,4.314314314314315
0,0,11,0.2902902902902903,3.2132132132132134
0,0,12,0.18018018018018017,3.083083083083083
0,0,13,0.20020020020020018,3.5335335335335336
0,0,14,0.21021021021021022,3.6736736736736737
0,0,15,0.2502502502502503,3.5835835835835836
0,0,16,0.21021021021021022,2.6726726726726726
0,0,17,0.15015015015015015,3.5235235235235236
0,0,18,0.2502502502502503,2.992992992992993
0,0,19,0.13013013013013014,2.942942942942943
0,0,20,0.2502502502502503,3.6436436436436437
0,0,21,0.16016016016016016,2.7527527527527527
0,0,22,0.19019019019019018,3.803803803803804
0,0,23,0.22022022022022023,2.962962962962963
0,0,24,0.19019019019019018,3.6136136136136137
0,0,25,0.11011011011011011,3.3833833833833835
0,0,26,0.20020020020020018,3.3333333333333335
0,0,27,0.23023023023023023,3.6736736736736737
0,0,28,0.2602602602602603,4.2842842842842845
0,0,29,0.19019019019019018,3.173173173173173
0,0,30,0.19019019019019018,3.3833833833833835
0,0,31,0.17017017017017017,2.9229229229229228
0,0,32,0.20020020020020018,4.374374374374375
0,0,33,0.23023023023023023,4.104104104104104
0,0,34,0.2502502502502503,3.3733733733733735
0,0,35,0.17017017017017017,3.6736736736736737
0,0,36,0.2602602602602603,3.203203203203203
0,0,37,0.17017017017017017,3.5635635635635636
0,0,38,0.20020020020020018,3.3733733733733735
0,0,39,0.19019019019019018,3.2832832832832834
0,0,40,0.23023023023023023,3.5835835835835836
0,0,41,0.21021021021021022,3.5335335335335336
0,0,42,0.2502502502502503,4.2342342342342345
0,0,43,0.24024024024024024,3.3533533533533535
0,0,44,0.20020020020020018,3.4234234234234235
0,0,45,0.17017017017017017,3.6736736736736737
0,0,46,0.20020020020020018,3.5835835835835836
0,0,47,0.22022022022022023,3.163163163163163
0,0,48,0.2602602602602603,3.3533533533533535
0,0,49,0.20020020020020018,2.962962962962963
