segment,memory,reaction_mean,reaction_std,retention_mean,retention_std
0,0,0.2082082082082082,0.04285234967473673,3.4284284284284285,0.397695969773407
