segment,memory,reaction_mean,reaction_std,retention_mean,retention_std
0,0,0.17597597597597597,0.02402147031431455,7.936736736736737,0.3480145213925608
