segment,memory,reaction_mean,reaction_std,retention_mean,retention_std
0,0,1.2168168168168167,0.3554533703062478,6.125925925925926,2.3274014533792045
