segment,memory,reaction_mean,reaction_std,retention_mean,retention_std
0,0,0.4563747420890278,0.1701814355648496,7.847847847847849,1.132503353251728
