segment,memory,reaction_mean,reaction_std,retention_mean,retention_std
0,0,0.16656656656656657,0.02483101852841212,8.008008008008009,0.0
