segment,memory,reaction_mean,reaction_std,retention_mean,retention_std
0,0,0.6239039839973329,0.09505375094743768,10.365127521253541,4.0840034488466115
