segment,memory,trial,reaction_time,retention_time
0,0,0,0.5800966827804634,9.77162860476746
0,0,1,0.5900983497249542,7.971328554759126
0,0,2,0.7601266877812969,7.761293548924821
0,0,3,0.6301050175029171,13.032172028671445
0,0,4,0.6901150191698616,12.622103683947325
0,0,5,0.5600933488914819,5.550925154192366
0,0,6,0.5900983497249542,4.130688448074679
0,0,7,0.5400900150025004,5.270878479746624
0,0,8,0.6901150191698616,13.812302050341724
0,0,9,0.7501250208368062,22.513752292048675
0,0,10,0.5400900150025004,11.281880313385564
0,0,11,0.6501083513918987,7.931321886981164
0,0,12,0.9001500250041674,9.131521920320054
0,0,13,0.6301050175029171,7.891315219203201
0,0,14,0.6101016836139357,16.732788798133022
0,0,15,0.7501250208368062,19.693282213702286
0,0,16,0.6501083513918987,9.541590265044174
0,0,17,0.6601100183363894,8.95149191531922
0,0,18,0.7401233538923154,9.161526921153525
0,0,19,0.6301050175029171,10.201700283380564
0,0,20,0.6601100183363894,9.551591931988666
0,0,21,0.520086681113519,13.10218369728288
0,0,22,0.5300883480580096,15.202533755625938
0,0,23,0.6301050175029171,5.47091181863644
0,0,24,0.5700950158359727,9.631605267544591
0,0,25,0.8301383563927321,4.770795132522087
0,0,26,0.5000833472245374,8.181363560593432
0,0,27,0.7301216869478246,17.162860476746125
0,0,28,0.5700950158359727,5.550925154192366
0,0,29,0.6101016836139357,10.721786964494083
0,0,30,0.7501250208368062,9.291548591431905
0,0,31,0.5500916819469912,11.611935322553759
0,0,32,0.46007667944657443,9.881646941156859
0,0,33,0.5800966827804634,17.562927154525756
0,0,34,0.6301050175029171,6.871145190865144
0,0,35,0.6301050175029171,14.072345390898484
0,0,36,0.5700950158359727,16.512752125354226
0,0,37,0.7101183530588432,7.4912485414235706
0,0,38,0.680113352225371,8.431405234205702
0,0,39,0.5700950158359727,10.56176029338223
0,0,40,0.5900983497249542,15.222537089514919
0,0,41,0.4500750125020837,11.041840306717786
0,0,42,0.6101016836139357,6.501083513918987
0,0,43,0.48008001333555594,6.521086847807968
0,0,44,0.46007667944657443,13.132188698116353
0,0,45,0.5600933488914819,9.951658609768295
0,0,46,0.5900983497249542,9.791631938656444
0,0,47,0.7701283547257877,4.620770128354726
0,0,48,0.6301050175029171,9.881646941156859
0,0,49,0.6301050175029171,7.001166861143524
