segment,memory,reaction_mean,reaction_std,retention_mean,retention_std
0,0,0.3079079079079079,0.05256339804292398,7.22962962962963,1.046631244594212
