segment,memory,trial,reaction_time,retention_time
0,0,0,0.35035035035035034,6.706706706706707
0,0,1,0.2602602602602603,8.008008008008009
0,0,2,0.2902902902902903,8.008008008008009
0,0,3,0.45045045045045046,5.385385385385385
0,0,4,0.16016016016016016,8.008008008008009
0,0,5,0.2702702702702703,5.295295295295295
0,0,6,0.34034034034034033,8.008008008008009
0,0,7,0.2802802802802803,8.008008008008009
0,0,8,0.24024024024024024,8.008008008008009
0,0,9,0.2702702702702703,6.236236236236236
0,0,10,0.35035035035035034,6.496496496496497
0,0,11,0.2502502502502503,5.585585585585585
0,0,12,0.34034034034034033,7.247247247247247
0,0,13,0.34034034034034033,7.4374374374374375
0,0,14,0.3303303303303303,6.506506506506507
0,0,15,0.34034034034034033,8.008008008008009
0,0,16,0.3303303303303303,7.137137137137137
0,0,17,0.38038038038038036,8.008008008008009
0,0,18,0.3203203203203203,8.008008008008009
0,0,19,0.36036036036036034,6.676676676676677
0,0,20,0.36036036036036034,8.008008008008009
0,0,21,0.2802802802802803,6.266266266266266
0,0,22,0.2502502502502503,8.008008008008009
0,0,23,0.3203203203203203,8.008008008008009
0,0,24,0.24024024024024024,6.406406406406406
0,0,25,0.3003003003003003,8.008008008008009
0,0,26,0.2702702702702703,8.008008008008009
0,0,27,0.2902902902902903,8.008008008008009
0,0,28,0.2902902902902903,8.008008008008009
0,0,29,0.35035035035035034,6.436436436436437
0,0,30,0.36036036036036034,8.008008008008009
0,0,31,0.2502502502502503,8.008008008008009
0,0,32,0.35035035035035034,8.008008008008009
0,0,33,0.37037037037037035,4.884884884884885
0,0,34,0.3303303303303303,8.008008008008009
0,0,35,0.3003003003003003,5.435435435435435
0,0,36,0.2802802802802803,8.008008008008009
0,0,37,0.35035035035035034,6.446446446446447
0,0,38,0.3303303303303303,8.008008008008009
0,0,39,0.2502502502502503,8.008008008008009
0,0,40,0.37037037037037035,7.4674674674674675
0,0,41,0.34034034034034033,8.008008008008009
0,0,42,0.2702702702702703,7.607607607607608
0,0,43,0.34034034034034033,8.008008008008009
0,0,44,0.23023023023023023,8.008008008008009
0,0,45,0.3303303303303303,8.008008008008009
0,0,46,0.19019019019019018,5.315315315315315
0,0,47,0.3103103103103103,5.025025025025025
0,0,48,0.3203203203203203,8.008008008008009
0,0,49,0.3103103103103103,5.255255255255255
