segment,memory,reaction_mean,reaction_std,retention_mean,retention_std
0,0,0.5800966827804634,0.21087409185770023,6.21523587264544,2.4927318845970006
