segment,memory,reaction_mean,reaction_std,retention_mean,retention_std
0,0,0.5878979829971662,0.10081545012020675,32.35999333222204,13.239922747882282
