segment,memory,reaction_mean,reaction_std,retention_mean,retention_std
0,0,0.12212212212212213,0.020524381659384132,7.983783783783784,0.1712911321793239
