segment,memory,reaction_mean,reaction_std,retention_mean,retention_std
0,0,0.6217036172695449,0.09536402091808516,12.784130688448075,5.371668034323008
