segment,memory,reaction_mean,reaction_std,retention_mean,retention_std
0,0,0.71011011011011,0.10910095610958385,1.4584584584584583,0.20390687189494924
