segment,memory,reaction_mean,reaction_std,retention_mean,retention_std
0,0,0.3943943943943944,0.06324422819246671,3.1537537537537537,0.4238086627776569
