segment,memory,reaction_mean,reaction_std,retention_mean,retention_std
0,0,1.5281948615281948,0.6319268922874928,0.16076076076076076,0.35238096282654335
