segment,memory,reaction_mean,reaction_std,retention_mean,retention_std
0,0,1.2074074074074075,0.2292902838543664,0.987987987987988,0.3632555485592136
