segment,memory,reaction_mean,reaction_std,retention_mean,retention_std
0,0,0.5668944824137356,0.11325404724959885,19.130788464744125,12.375882039875888
