segment,memory,trial,reaction_time,retention_time
0,0,0,0.49008168028004667,7.411235205867645
0,0,1,0.6601100183363894,7.841306884480747
0,0,2,0.5900983497249542,9.191531921986998
0,0,3,0.5500916819469912,11.181863643940657
0,0,4,0.7601266877812969,18.143023837306217
0,0,5,0.680113352225371,27.464577429571595
0,0,6,0.4700783463910652,24.31405234205701
0,0,7,0.6601100183363894,12.612102017002835
0,0,8,0.5400900150025004,9.681613602267046
0,0,9,0.3900650108351392,11.781963660610103
0,0,10,0.4300716786131022,58.00966827804634
0,0,11,0.8001333555592599,8.341390231705285
0,0,12,0.46007667944657443,12.042007001166862
0,0,13,0.49008168028004667,38.96649441573596
0,0,14,0.46007667944657443,9.011501916986164
0,0,15,0.5400900150025004,7.921320220036673
0,0,16,0.4100683447241207,38.58643107184531
0,0,17,0.3900650108351392,10.831805300883481
0,0,18,0.5100850141690282,12.302050341723621
0,0,19,0.5700950158359727,13.782297049508252
0,0,20,0.6201033505584265,8.301383563927322
0,0,21,0.5300883480580096,17.872978829804968
0,0,22,0.7501250208368062,19.08318053008835
0,0,23,0.49008168028004667,27.76462743790632
0,0,24,0.520086681113519,16.84280713452242
0,0,25,0.6601100183363894,26.96449408234706
0,0,26,0.6601100183363894,16.57276212702117
0,0,27,0.5900983497249542,18.693115519253208
0,0,28,0.7501250208368062,17.682947157859644
0,0,29,0.5900983497249542,23.673945657609604
0,0,30,0.6001000166694449,32.67544590765127
0,0,31,0.720120020003334,10.43173862310385
0,0,32,0.38006334389064844,12.622103683947325
0,0,33,0.4100683447241207,16.192698783130524
0,0,34,0.6901150191698616,9.281546924487415
0,0,35,0.5400900150025004,16.892815469244876
0,0,36,0.5800966827804634,28.464744124020672
0,0,37,0.4500750125020837,18.00300050008335
0,0,38,0.49008168028004667,6.991165194199033
0,0,39,0.46007667944657443,8.631438573095517
0,0,40,0.8001333555592599,44.8674779129855
0,0,41,0.6101016836139357,53.458909818303056
0,0,42,0.5400900150025004,46.74779129854976
0,0,43,0.6401066844474079,10.911818636439406
0,0,44,0.48008001333555594,7.4912485414235706
0,0,45,0.7001166861143524,26.04434072345391
0,0,46,0.720120020003334,12.332055342557092
0,0,47,0.520086681113519,18.253042173695615
0,0,48,0.5000833472245374,14.252375395899318
0,0,49,0.5000833472245374,19.12318719786631
