segment,memory,reaction_mean,reaction_std,retention_mean,retention_std
0,0,0.37657657657657656,0.05633152996750012,3.496096096096096,0.4792310520642136
