segment,memory,trial,reaction_time,retention_time
0,0,0,0.970970970970971,1.001001001001001
0,0,1,0.7707707707707707,1.7217217217217218
0,0,2,0.5905905905905906,1.2612612612612613
0,0,3,0.7907907907907907,1.7217217217217218
0,0,4,0.6706706706706707,0.8608608608608609
0,0,5,0.5905905905905906,1.0810810810810811
0,0,6,0.990990990990991,1.0510510510510511
0,0,7,0.8708708708708709,1.8818818818818819
0,0,8,0.8508508508508509,1.8818818818818819
0,0,9,0.8108108108108109,1.3413413413413413
0,0,10,0.7807807807807807,0.8508508508508509
0,0,11,0.5905905905905906,1.4214214214214214
0,0,12,0.7107107107107107,1.0910910910910911
0,0,13,1.011011011011011,1.011011011011011
0,0,14,0.8608608608608609,1.2412412412412412
0,0,15,1.1911911911911912,1.6816816816816818
0,0,16,0.7307307307307307,1.5615615615615615
0,0,17,0.8908908908908909,1.1611611611611612
0,0,18,0.7207207207207207,1.5615615615615615
0,0,19,0.9309309309309309,1.3313313313313313
0,0,20,0.8508508508508509,1.2512512512512513
0,0,21,0.5605605605605606,1.6916916916916918
0,0,22,0.970970970970971,1.1511511511511512
0,0,23,0.7707707707707707,1.031031031031031
0,0,24,0.8108108108108109,1.2312312312312312
0,0,25,0.7007007007007007,1.1411411411411412
0,0,26,0.8208208208208209,1.2012012012012012
0,0,27,0.8108108108108109,1.021021021021021
0,0,28,0.6306306306306306,1.3813813813813813
0,0,29,0.9409409409409409,1.4914914914914914
0,0,30,0.9009009009009009,2.042042042042042
0,0,31,0.7107107107107107,1.5515515515515514
0,0,32,0.5105105105105106,1.3613613613613613
0,0,33,0.6206206206206206,1.4114114114114114
0,0,34,0.8108108108108109,1.7217217217217218
0,0,35,0.6106106106106106,1.6516516516516517
0,0,36,0.6706706706706707,1.4914914914914914
0,0,37,0.5705705705705706,1.3813813813813813
0,0,38,0.7507507507507507,1.2212212212212212
0,0,39,0.7807807807807807,1.6116116116116117
0,0,40,0.6806806806806807,1.3413413413413413
0,0,41,0.6706706706706707,1.5515515515515514
0,0,42,0.6106106106106106,2.2122122122122123
0,0,43,0.9009009009009009,0.990990990990991
0,0,44,0.6106106106106106,1.3313313313313313
0,0,45,0.8308308308308309,1.011011011011011
0,0,46,0.8108108108108109,1.0410410410410411
0,0,47,0.6806806806806807,1.7317317317317318
0,0,48,1.001001001001001,1.5615615615615615
0,0,49,0.6406406406406406,1.5715715715715715
