segment,memory,reaction_mean,reaction_std,retention_mean,retention_std
0,0,0.7713713713713714,0.14379032362886482,1.381981981981982,0.3098414824089771
