segment,memory,reaction_mean,reaction_std,retention_mean,retention_std
0,0,0.5958993165527589,0.26902697060885217,58.00966827804634,0.0
