segment,memory,reaction_mean,reaction_std,retention_mean,retention_std
0,0,0.6203033838973162,0.09551653380220256,15.91465244207368,7.892254379888292
