segment,memory,reaction_mean,reaction_std,retention_mean,retention_std
0,0,0.5595595595595596,0.08299553859402302,8.008008008008009,0.0
