segment,memory,reaction_mean,reaction_std,retention_mean,retention_std
0,0,0.6244244244244244,0.09470216184961114,4.2542542542542545,0.9960121642226418
