segment,memory,reaction_mean,reaction_std,retention_mean,retention_std
0,0,0.5925925925925926,0.10716427281678934,6.036836836836837,1.1828987733232361
