segment,memory,reaction_mean,reaction_std,retention_mean,retention_std
0,0,0.6615102517086181,0.2881311306119682,58.00966827804634,0.0
