segment,memory,reaction_mean,reaction_std,retention_mean,retention_std
0,0,0.6272272272272272,0.20520007308014745,8.008008008008009,0.0
