segment,memory,reaction_mean,reaction_std,retention_mean,retention_std
0,0,0.6731121853642275,0.08171116926211158,1.7790965160860146,0.21487927782317062
