segment,memory,trial,reaction_time,retention_time
0,0,0,0.7901316886147691,1.440240040006668
0,0,1,0.6201033505584265,1.750291715285881
0,0,2,0.6001000166694449,2.200366727787965
0,0,3,0.680113352225371,1.7002833805634272
0,0,4,0.7901316886147691,1.560260043340557
0,0,5,0.6701116852808802,1.8403067177862977
0,0,6,0.6401066844474079,1.7702950491748626
0,0,7,0.5900983497249542,1.7702950491748626
0,0,8,0.46007667944657443,2.2403733955659275
0,0,9,0.6001000166694449,1.6802800466744459
0,0,10,0.7101183530588432,1.6202700450075014
0,0,11,0.5900983497249542,1.4502417069511586
0,0,12,0.6001000166694449,2.0103350558426407
0,0,13,0.680113352225371,1.8503083847307886
0,0,14,0.8301383563927321,1.6202700450075014
0,0,15,0.5500916819469912,1.6202700450075014
0,0,16,0.7901316886147691,1.350225037506251
0,0,17,0.7501250208368062,1.6402733788964827
0,0,18,0.5600933488914819,2.060343390565094
0,0,19,0.680113352225371,1.630271711951992
0,0,20,0.6301050175029171,1.5202533755625938
0,0,21,0.7701283547257877,1.9203200533422238
0,0,22,0.6301050175029171,1.8203033838973164
0,0,23,0.6701116852808802,2.320386731121854
0,0,24,0.6701116852808802,1.5902650441740291
0,0,25,0.6901150191698616,1.8203033838973164
0,0,26,0.8101350225037507,2.0103350558426407
0,0,27,0.7301216869478246,1.9603267211201867
0,0,28,0.6601100183363894,1.910318386397733
0,0,29,0.720120020003334,2.0903483913985665
0,0,30,0.7601266877812969,1.560260043340557
0,0,31,0.6601100183363894,2.070345057509585
0,0,32,0.720120020003334,1.6602767127854643
0,0,33,0.6001000166694449,1.8103017169528255
0,0,34,0.6701116852808802,1.6902817136189365
0,0,35,0.5300883480580096,1.8103017169528255
0,0,36,0.5900983497249542,2.100350058343057
0,0,37,0.5900983497249542,1.6102683780630105
0,0,38,0.7601266877812969,1.6402733788964827
0,0,39,0.6701116852808802,1.7202867144524088
0,0,40,0.6401066844474079,1.8503083847307886
0,0,41,0.6901150191698616,1.670278379729955
0,0,42,0.7901316886147691,1.6402733788964827
0,0,43,0.6301050175029171,2.080346724454076
0,0,44,0.7701283547257877,1.710285047507918
0,0,45,0.6601100183363894,1.7802967161193533
0,0,46,0.6401066844474079,1.6902817136189365
0,0,47,0.6201033505584265,1.630271711951992
0,0,48,0.8201366894482414,1.5802633772295382
0,0,49,0.680113352225371,1.8803133855642609
