segment,memory,reaction_mean,reaction_std,retention_mean,retention_std
0,0,0.9427427427427427,0.13456746552858703,3.0446446446446447,0.7014338786703137
