segment,memory,reaction_mean,reaction_std,retention_mean,retention_std
0,0,0.1647647647647648,0.02653876158774235,7.970570570570572,0.15973583245172912
