segment,memory,trial,reaction_time,retention_time
0,0,0,0.6301050175029171,2.2703783963994
0,0,1,0.6101016836139357,2.0003333888981496
0,0,2,0.7801300216702785,2.1403567261210203
0,0,3,0.6601100183363894,2.950491748624771
0,0,4,0.7401233538923154,2.190365060843474
0,0,5,0.5800966827804634,3.260543423903984
0,0,6,0.7001166861143524,2.2603767294549093
0,0,7,0.5900983497249542,2.790465077512919
0,0,8,0.7301216869478246,3.0405067511251875
0,0,9,0.7501250208368062,2.190365060843474
0,0,10,0.5700950158359727,3.500583430571762
0,0,11,0.7001166861143524,2.5704284047341224
0,0,12,0.8901483580596766,2.8504750791798634
0,0,13,0.6601100183363894,2.220370061676946
0,0,14,0.6501083513918987,2.5004167361226872
0,0,15,0.7801300216702785,2.4204034005667614
0,0,16,0.7101183530588432,2.4404067344557427
0,0,17,0.6701116852808802,2.230371728621437
0,0,18,0.7401233538923154,2.1603600600100017
0,0,19,0.6501083513918987,2.860476746124354
0,0,20,0.720120020003334,2.1603600600100017
0,0,21,0.5600933488914819,2.980496749458243
0,0,22,0.5600933488914819,2.190365060843474
0,0,23,0.6401066844474079,2.4504084014002334
0,0,24,0.6001000166694449,2.4904150691781965
0,0,25,0.9001500250041674,2.1203533922320386
0,0,26,0.5300883480580096,3.2105350891815303
0,0,27,0.7401233538923154,2.200366727787965
0,0,28,0.6901150191698616,1.9703283880646776
0,0,29,0.6601100183363894,2.9404900816802804
0,0,30,0.8401400233372229,2.910485080846808
0,0,31,0.5800966827804634,3.900650108351392
0,0,32,0.520086681113519,2.590431738623104
0,0,33,0.6101016836139357,2.9704950825137524
0,0,34,0.6601100183363894,2.590431738623104
0,0,35,0.6701116852808802,2.200366727787965
0,0,36,0.6501083513918987,2.150358393065511
0,0,37,0.7001166861143524,2.320386731121854
0,0,38,0.720120020003334,2.460410068344724
0,0,39,0.6101016836139357,3.1605267544590765
0,0,40,0.6101016836139357,2.0003333888981496
0,0,41,0.48008001333555594,3.350558426404401
0,0,42,0.6101016836139357,3.3005500916819472
0,0,43,0.48008001333555594,2.8504750791798634
0,0,44,0.520086681113519,2.430405067511252
0,0,45,0.5900983497249542,2.080346724454076
0,0,46,0.6901150191698616,2.9004834139023172
0,0,47,0.7901316886147691,1.8003000500083348
0,0,48,0.6601100183363894,2.5004167361226872
0,0,49,0.6501083513918987,2.4104017336222703
