segment,memory,reaction_mean,reaction_std,retention_mean,retention_std
0,0,0.6607101183530588,0.09333112686996632,2.568828138023004,0.46116412942134244
