segment,memory,reaction_mean,reaction_std,retention_mean,retention_std
0,0,0.9517517517517519,0.1962370491266122,7.779379379379381,0.8704313338963946
