segment,memory,trial,reaction_time,retention_time
0,0,0,0.8108108108108109,8.008008008008009
0,0,1,0.9409409409409409,8.008008008008009
0,0,2,1.0810810810810811,8.008008008008009
0,0,3,0.7607607607607607,8.008008008008009
0,0,4,1.2112112112112112,8.008008008008009
0,0,5,0.6906906906906907,8.008008008008009
0,0,6,1.011011011011011,8.008008008008009
0,0,7,0.6806806806806807,8.008008008008009
0,0,8,1.0610610610610611,8.008008008008009
0,0,9,1.1511511511511512,8.008008008008009
0,0,10,0.9109109109109109,8.008008008008009
0,0,11,0.6806806806806807,8.008008008008009
0,0,12,1.2112112112112112,8.008008008008009
0,0,13,1.2712712712712713,8.008008008008009
0,0,14,0.8408408408408409,8.008008008008009
0,0,15,1.3213213213213213,8.008008008008009
0,0,16,0.8908908908908909,8.008008008008009
0,0,17,0.6706706706706707,8.008008008008009
0,0,18,1.2212212212212212,8.008008008008009
0,0,19,0.6706706706706707,8.008008008008009
0,0,20,1.1411411411411412,8.008008008008009
0,0,21,0.7007007007007007,3.7037037037037037
0,0,22,0.990990990990991,8.008008008008009
0,0,23,0.6406406406406406,8.008008008008009
0,0,24,1.1011011011011012,8.008008008008009
0,0,25,0.8208208208208209,8.008008008008009
0,0,26,1.031031031031031,8.008008008008009
0,0,27,0.7907907907907907,4.2542542542542545
0,0,28,0.8708708708708709,8.008008008008009
0,0,29,1.001001001001001,8.008008008008009
0,0,30,0.980980980980981,8.008008008008009
0,0,31,1.1111111111111112,8.008008008008009
0,0,32,1.0610610610610611,8.008008008008009
0,0,33,0.970970970970971,8.008008008008009
0,0,34,0.7607607607607607,8.008008008008009
0,0,35,1.0410410410410411,8.008008008008009
0,0,36,1.0710710710710711,8.008008008008009
0,0,37,1.2312312312312312,7.167167167167167
0,0,38,0.8108108108108109,8.008008008008009
0,0,39,0.4904904904904905,8.008008008008009
0,0,40,1.0810810810810811,8.008008008008009
0,0,41,1.1711711711711712,8.008008008008009
0,0,42,1.1711711711711712,8.008008008008009
0,0,43,0.8008008008008007,5.475475475475475
0,0,44,0.7207207207207207,8.008008008008009
0,0,45,1.0510510510510511,8.008008008008009
0,0,46,0.8308308308308309,8.008008008008009
0,0,47,1.0410410410410411,8.008008008008009
0,0,48,0.9409409409409409,8.008008008008009
0,0,49,1.0710710710710711,8.008008008008009
