segment,memory,reaction_mean,reaction_std,retention_mean,retention_std
0,0,0.5560926821136857,0.11792657032532097,50.93768961493583,11.552477982162767
