segment,memory,reaction_mean,reaction_std,retention_mean,retention_std
0,0,0.6204204204204204,0.08730015260367915,5.262662662662662,1.308326759557454
