segment,memory,reaction_mean,reaction_std,retention_mean,retention_std
0,0,0.5884314052342058,0.23744875862426065,14.478213035505918,6.811459665410033
