segment,memory,reaction_mean,reaction_std,retention_mean,retention_std
0,0,0.6136136136136137,0.08446092538735707,4.105305305305305,1.1067077355267734
