segment,memory,reaction_mean,reaction_std,retention_mean,retention_std
0,0,0.25245245245245246,0.04310404804558451,4.812612612612613,1.0036558326892013
