segment,memory,reaction_mean,reaction_std,retention_mean,retention_std
0,0,0.8990990990990991,0.18786638004049103,1.516116116116116,0.4597725244502297
