segment,memory,reaction_mean,reaction_std,retention_mean,retention_std
0,0,0.1745745745745746,0.02551340568930555,7.981781781781782,0.13624679610310242
