segment,memory,reaction_mean,reaction_std,retention_mean,retention_std
0,0,2.6326326326326326,1.5387887684399308,0.2774774774774775,0.5287372613292007
