segment,memory,reaction_mean,reaction_std,retention_mean,retention_std
0,0,0.5941941941941942,0.09115650644363801,6.100700700700701,1.3455230046047155
