segment,memory,reaction_mean,reaction_std,retention_mean,retention_std
0,0,0.24224224224224225,0.03496931005473327,6.095695695695696,1.3645240592448178
