segment,memory,reaction_mean,reaction_std,retention_mean,retention_std
0,0,0.3595595595595596,0.08058511661538716,8.008008008008009,0.0
