segment,memory,reaction_mean,reaction_std,retention_mean,retention_std
0,0,0.6082082082082082,0.09180030034036847,3.7301301301301306,0.8710100089919246
