segment,memory,reaction_mean,reaction_std,retention_mean,retention_std
0,0,0.6214214214214214,0.10301649312991148,6.382382382382383,1.5171998439191956
