segment,memory,reaction_mean,reaction_std,retention_mean,retention_std
0,0,0.2510510510510511,0.036895145405624136,6.025825825825825,1.073272023778931
