segment,memory,reaction_mean,reaction_std,retention_mean,retention_std
0,0,0.6441073512252042,0.23638055453137088,58.00966827804634,0.0
