segment,memory,reaction_mean,reaction_std,retention_mean,retention_std
0,0,0.512912912912913,0.07924737123895916,2.3553553553553552,0.28230307231762386
