segment,memory,reaction_mean,reaction_std,retention_mean,retention_std
0,0,0.1783783783783784,0.03694222640089276,8.008008008008009,0.0
