segment,memory,reaction_mean,reaction_std,retention_mean,retention_std
0,0,1.5184749967358662,0.5683826511212442,0.4078078078078078,0.5846583537318522
