segment,memory,trial,reaction_time,retention_time
0,0,0,0.5800966827804634,9.75162527087848
0,0,1,0.5900983497249542,7.961326887814636
0,0,2,0.7601266877812969,7.74129021503584
0,0,3,0.6301050175029171,13.012168694782464
0,0,4,0.6901150191698616,12.472078679779964
0,0,5,0.5600933488914819,5.540923487247875
0,0,6,0.5900983497249542,4.100683447241207
0,0,7,0.5400900150025004,5.140856809468245
0,0,8,0.6901150191698616,13.772295382563762
0,0,9,0.7501250208368062,22.45374229038173
0,0,10,0.5400900150025004,11.021836972828805
0,0,11,0.6501083513918987,7.651275212535423
0,0,12,0.9001500250041674,7.931321886981164
0,0,13,0.6301050175029171,7.231205200866811
0,0,14,0.6101016836139357,16.312718786464412
0,0,15,0.7501250208368062,18.503083847307884
0,0,16,0.6501083513918987,7.021170195032505
0,0,17,0.6601100183363894,8.401400233372229
0,0,18,0.7401233538923154,9.101516919486581
0,0,19,0.6301050175029171,10.101683613935656
0,0,20,0.6601100183363894,9.411568594765795
0,0,21,0.520086681113519,13.032172028671445
0,0,22,0.5300883480580096,14.852475412568761
0,0,23,0.6301050175029171,4.950825137522921
0,0,24,0.5700950158359727,8.881480246707785
0,0,25,0.8301383563927321,4.740790131688615
0,0,26,0.5000833472245374,7.821303550591765
0,0,27,0.7301216869478246,14.252375395899318
0,0,28,0.5700950158359727,5.550925154192366
0,0,29,0.6101016836139357,10.191698616436073
0,0,30,0.7501250208368062,8.661443573928988
0,0,31,0.5500916819469912,11.581930321720288
0,0,32,0.46007667944657443,9.731621936989498
0,0,33,0.5800966827804634,17.532922153692283
0,0,34,0.6301050175029171,6.131021836972829
0,0,35,0.6301050175029171,14.01233538923154
0,0,36,0.5700950158359727,16.362727121186865
0,0,37,0.7001166861143524,7.371228538089682
0,0,38,0.680113352225371,8.341390231705285
0,0,39,0.5800966827804634,9.89164860810135
0,0,40,0.5900983497249542,13.392232038673113
0,0,41,0.4500750125020837,10.181696949491583
0,0,42,0.6101016836139357,6.4810801800300055
0,0,43,0.48008001333555594,6.441073512252042
0,0,44,0.4700783463910652,9.721620270045008
0,0,45,0.5600933488914819,8.5414235705951
0,0,46,0.5900983497249542,9.721620270045008
0,0,47,0.7701283547257877,4.560760126687781
0,0,48,0.6301050175029171,9.791631938656444
0,0,49,0.6301050175029171,6.971161860310052
