segment,memory,reaction_mean,reaction_std,retention_mean,retention_std
0,0,0.6241040173362227,0.09443123363527242,9.886647774629104,3.9500764122177507
