segment,memory,reaction_mean,reaction_std,retention_mean,retention_std
0,0,0.4636636636636636,0.07680691967915342,2.556956956956957,0.33664408360516995
