segment,memory,reaction_mean,reaction_std,retention_mean,retention_std
0,0,0.16996996996997,0.033013527254519066,7.791391391391391,0.5416544911905397
