segment,memory,reaction_mean,reaction_std,retention_mean,retention_std
0,0,0.6174174174174174,0.12321999626002174,7.836636636636638,0.5307815501030781
