segment,memory,reaction_mean,reaction_std,retention_mean,retention_std
0,0,0.6914914914914916,0.11360801136164465,1.2624624624624625,0.15395796789412375
