segment,memory,reaction_mean,reaction_std,retention_mean,retention_std
0,0,1.852095998437462,1.4233366388568187,4.299099099099099,3.196559088601648
