segment,memory,reaction_mean,reaction_std,retention_mean,retention_std
0,0,0.2982982982982983,0.04513008390693406,5.0962962962962965,1.1820960278135786
