segment,memory,reaction_mean,reaction_std,retention_mean,retention_std
0,0,0.654109018169695,0.0909288838236696,2.8990831805300883,0.5313789061570219
