segment,memory,reaction_mean,reaction_std,retention_mean,retention_std
0,0,0.7211211211211211,0.11144767314374614,2.4612612612612614,0.6278720552136727
