segment,memory,reaction_mean,reaction_std,retention_mean,retention_std
0,0,0.5904984164027338,0.2240267690323917,58.00966827804634,0.0
