segment,memory,reaction_mean,reaction_std,retention_mean,retention_std
0,0,0.5100850141690282,0.08730950082605493,58.00966827804634,0.0
