segment,memory,reaction_mean,reaction_std,retention_mean,retention_std
0,0,0.1787787787787788,0.0353190089450927,7.942742742742744,0.2653971703376764
