segment,memory,reaction_mean,reaction_std,retention_mean,retention_std
0,0,0.5634939156526088,0.09026662026104418,39.982463743957325,16.961497095323896
