segment,memory,reaction_mean,reaction_std,retention_mean,retention_std
0,0,0.173973973973974,0.026047231693903272,7.650850850850851,0.7192422170105263
