segment,memory,reaction_mean,reaction_std,retention_mean,retention_std
0,0,0.5515515515515516,0.09062757459353271,3.772972972972973,0.8123008298017529
