segment,memory,reaction_mean,reaction_std,retention_mean,retention_std
0,0,0.6759126521086849,0.09646507005833448,1.9887314552425406,0.34005283391400204
