segment,memory,reaction_mean,reaction_std,retention_mean,retention_std
0,0,0.6095015835972662,0.281945872835114,58.00966827804634,0.0
