segment,memory,reaction_mean,reaction_std,retention_mean,retention_std
0,0,0.3383383383383384,0.043374090914065765,4.564764764764765,0.9463163227115283
