segment,memory,reaction_mean,reaction_std,retention_mean,retention_std
0,0,0.6916916916916916,0.33316424845220394,7.704904904904905,1.2734289835845307
