segment,memory,trial,reaction_time,retention_time
0,0,0,0.6301050175029171,2.3003833972328724
0,0,1,0.6101016836139357,2.030338389731622
0,0,2,0.7801300216702785,2.1603600600100017
0,0,3,0.6601100183363894,3.1805300883480583
0,0,4,0.720120020003334,2.6904484080680113
0,0,5,0.5800966827804634,3.5105850975162527
0,0,6,0.7001166861143524,2.340390065010835
0,0,7,0.5900983497249542,2.820470078346391
0,0,8,0.7301216869478246,3.050508418069678
0,0,9,0.7501250208368062,2.2703783963994
0,0,10,0.5600933488914819,4.250708451408569
0,0,11,0.7001166861143524,2.630438406401067
0,0,12,0.8901483580596766,2.9004834139023172
0,0,13,0.6601100183363894,2.2603767294549093
0,0,14,0.6401066844474079,2.580430071678613
0,0,15,0.7701283547257877,2.4404067344557427
0,0,16,0.7101183530588432,2.740456742790465
0,0,17,0.6701116852808802,2.3703950658443076
0,0,18,0.7401233538923154,2.700450075012502
0,0,19,0.6501083513918987,3.120520086681114
0,0,20,0.7101183530588432,2.3003833972328724
0,0,21,0.5600933488914819,3.2005334222370396
0,0,22,0.5600933488914819,2.2803800633438907
0,0,23,0.6401066844474079,2.8404734122353728
0,0,24,0.6001000166694449,2.7604600766794465
0,0,25,0.9001500250041674,2.4104017336222703
0,0,26,0.5300883480580096,3.450575095849308
0,0,27,0.7401233538923154,3.0605100850141693
0,0,28,0.6501083513918987,2.2703783963994
0,0,29,0.6601100183363894,3.170528421403567
0,0,30,0.7701283547257877,3.7906317719619937
0,0,31,0.5700950158359727,3.970661776962827
0,0,32,0.5100850141690282,2.6604434072345393
0,0,33,0.6101016836139357,3.000500083347225
0,0,34,0.6601100183363894,2.6104350725120855
0,0,35,0.6701116852808802,2.200366727787965
0,0,36,0.6301050175029171,3.1805300883480583
0,0,37,0.7001166861143524,2.3803967327887983
0,0,38,0.7101183530588432,2.4904150691781965
0,0,39,0.6101016836139357,3.2005334222370396
0,0,40,0.6101016836139357,2.0103350558426407
0,0,41,0.48008001333555594,3.6306051008501417
0,0,42,0.6101016836139357,3.3205534255709286
0,0,43,0.48008001333555594,2.9004834139023172
0,0,44,0.5100850141690282,2.550425070845141
0,0,45,0.5900983497249542,2.350391731955326
0,0,46,0.680113352225371,3.5305884314052345
0,0,47,0.7801300216702785,2.4504084014002334
0,0,48,0.6601100183363894,2.740456742790465
0,0,49,0.6301050175029171,2.4504084014002334
