segment,memory,reaction_mean,reaction_std,retention_mean,retention_std
0,0,0.6553092182030339,0.09097916145438131,2.790265044174029,0.5179370223043543
