segment,memory,reaction_mean,reaction_std,retention_mean,retention_std
0,0,0.6584024166629399,0.31207687110862553,46.43413902317053,23.386388979855784
