segment,memory,reaction_mean,reaction_std,retention_mean,retention_std
0,0,0.4312312312312312,0.0634327744894525,4.1415415415415415,0.9734766848008044
