segment,memory,reaction_mean,reaction_std,retention_mean,retention_std
0,0,0.16596596596596597,0.024359603214747644,5.412212212212212,0.804513873464279
