segment,memory,reaction_mean,reaction_std,retention_mean,retention_std
0,0,0.43683683683683683,0.0663606951099769,2.2810810810810813,0.27649468705663666
