segment,memory,reaction_mean,reaction_std,retention_mean,retention_std
0,0,0.6506506506506508,0.13128005053657657,3.695695695695696,0.8037752973989754
