segment,memory,reaction_mean,reaction_std,retention_mean,retention_std
0,0,0.5580930155025837,0.16129734908202892,58.00966827804634,0.0
