segment,memory,reaction_mean,reaction_std,retention_mean,retention_std
0,0,0.6514514514514516,0.09658259723359507,2.427627627627628,0.4141538926519006
