segment,memory,reaction_mean,reaction_std,retention_mean,retention_std
0,0,2.0735020735020737,3.5001911438944546,0.8008008008008008,2.426792899825131
