segment,memory,reaction_mean,reaction_std,retention_mean,retention_std
0,0,0.5356892815469245,0.11906639677563625,52.724187364560755,11.151354971327681
