segment,memory,reaction_mean,reaction_std,retention_mean,retention_std
0,0,0.4298298298298298,0.07993720784408226,2.365965965965966,0.3085210106594571
