segment,memory,reaction_mean,reaction_std,retention_mean,retention_std
0,0,0.14654654654654656,0.02321364094117321,8.008008008008009,0.0
