segment,memory,reaction_mean,reaction_std,retention_mean,retention_std
0,0,1.6264836264836264,0.40518087350404947,0.5797797797797798,0.6578405722817683
