segment,memory,reaction_mean,reaction_std,retention_mean,retention_std
0,0,0.6493082180363394,0.09177451927892098,3.1023170528421407,0.5810520371594081
