segment,memory,trial,reaction_time,retention_time
0,0,0,0.6201033505584265,2.6104350725120855
0,0,1,0.6101016836139357,2.510418403067178
0,0,2,0.7801300216702785,2.3003833972328724
0,0,3,0.6601100183363894,4.580763460576763
0,0,4,0.720120020003334,3.8006334389064844
0,0,5,0.5800966827804634,3.7706284380730124
0,0,6,0.6101016836139357,2.4504084014002334
0,0,7,0.5800966827804634,2.9404900816802804
0,0,8,0.7301216869478246,3.150525087514586
0,0,9,0.7501250208368062,2.480413402233706
0,0,10,0.5600933488914819,4.81080180030005
0,0,11,0.6901150191698616,2.830471745290882
0,0,12,0.8901483580596766,3.4005667611268544
0,0,13,0.6501083513918987,2.700450075012502
0,0,14,0.6401066844474079,2.9204867477912986
0,0,15,0.7701283547257877,2.5004167361226872
0,0,16,0.7001166861143524,3.020503417236206
0,0,17,0.6701116852808802,2.9404900816802804
0,0,18,0.7401233538923154,2.880480080013336
0,0,19,0.6501083513918987,3.5605934322387065
0,0,20,0.7101183530588432,2.3803967327887983
0,0,21,0.5600933488914819,3.260543423903984
0,0,22,0.5500916819469912,3.07051175195866
0,0,23,0.6401066844474079,2.950491748624771
0,0,24,0.6001000166694449,3.1605267544590765
0,0,25,0.9001500250041674,2.5704284047341224
0,0,26,0.520086681113519,3.810635105850975
0,0,27,0.7401233538923154,3.150525087514586
0,0,28,0.6301050175029171,2.710451741956993
0,0,29,0.6501083513918987,3.8006334389064844
0,0,30,0.7701283547257877,3.830638439739957
0,0,31,0.5700950158359727,4.030671778629772
0,0,32,0.5100850141690282,2.7704617436239376
0,0,33,0.6101016836139357,3.47057842973829
0,0,34,0.6501083513918987,2.6604434072345393
0,0,35,0.6701116852808802,2.4504084014002334
0,0,36,0.6201033505584265,3.540590098349725
0,0,37,0.7001166861143524,2.4204034005667614
0,0,38,0.7001166861143524,3.190531755292549
0,0,39,0.6001000166694449,3.310551758626438
0,0,40,0.6101016836139357,2.3003833972328724
0,0,41,0.48008001333555594,3.690615102517086
0,0,42,0.6101016836139357,3.4005667611268544
0,0,43,0.48008001333555594,3.4905817636272714
0,0,44,0.5000833472245374,2.600433405567595
0,0,45,0.5900983497249542,2.8404734122353728
0,0,46,0.6401066844474079,3.7306217702950493
0,0,47,0.7801300216702785,2.67044507417903
0,0,48,0.6401066844474079,3.150525087514586
0,0,49,0.6301050175029171,2.5404234039006504
