segment,memory,trial,reaction_time,retention_time
0,0,0,0.30005000833472245,58.00966827804634
0,0,1,0.520086681113519,58.00966827804634
0,0,2,0.30005000833472245,58.00966827804634
0,0,3,1.7402900483413903,1.9603267211201867
0,0,4,0.5600933488914819,58.00966827804634
0,0,5,0.5400900150025004,58.00966827804634
0,0,6,0.4400733455575929,58.00966827804634
0,0,7,0.6501083513918987,58.00966827804634
0,0,8,1.430238373062177,58.00966827804634
0,0,9,0.6301050175029171,58.00966827804634
0,0,10,0.5400900150025004,58.00966827804634
0,0,11,0.7001166861143524,58.00966827804634
0,0,12,0.7301216869478246,58.00966827804634
0,0,13,0.4500750125020837,58.00966827804634
0,0,14,0.40006667777962995,58.00966827804634
0,0,15,0.8001333555592599,58.00966827804634
0,0,16,,0.0
0,0,17,0.6201033505584265,58.00966827804634
0,0,18,0.7501250208368062,58.00966827804634
0,0,19,0.3700616769461577,58.00966827804634
0,0,20,0.6101016836139357,58.00966827804634
0,0,21,0.6101016836139357,58.00966827804634
0,0,22,0.5400900150025004,58.00966827804634
0,0,23,0.2600433405567595,10.481746957826305
0,0,24,0.49008168028004667,58.00966827804634
0,0,25,0.7001166861143524,58.00966827804634
0,0,26,0.5300883480580096,58.00966827804634
0,0,27,0.48008001333555594,58.00966827804634
0,0,28,0.4700783463910652,32.5454242373729
0,0,29,0.6301050175029171,58.00966827804634
0,0,30,0.9601600266711119,58.00966827804634
0,0,31,0.7501250208368062,58.00966827804634
0,0,32,0.42007001166861146,29.974995832638776
0,0,33,0.6701116852808802,58.00966827804634
0,0,34,0.5600933488914819,58.00966827804634
0,0,35,0.680113352225371,58.00966827804634
0,0,36,0.3700616769461577,58.00966827804634
0,0,37,1.1001833638939824,58.00966827804634
0,0,38,0.5800966827804634,58.00966827804634
0,0,39,0.3900650108351392,42.46707784630772
0,0,40,,0.0
0,0,41,0.6501083513918987,58.00966827804634
0,0,42,0.5600933488914819,58.00966827804634
0,0,43,0.49008168028004667,58.00966827804634
0,0,44,0.40006667777962995,58.00966827804634
0,0,45,0.9601600266711119,58.00966827804634
0,0,46,0.48008001333555594,58.00966827804634
0,0,47,0.6101016836139357,58.00966827804634
0,0,48,0.4500750125020837,58.00966827804634
0,0,49,0.5800966827804634,58.00966827804634
