segment,memory,reaction_mean,reaction_std,retention_mean,retention_std
0,0,0.6136439406567761,0.2672482614374331,52.23690615102517,15.740483871992595
