segment,memory,reaction_mean,reaction_std,retention_mean,retention_std
0,0,0.5331331331331332,0.08695561086295098,1.3027027027027025,0.21065246176314886
