segment,memory,trial,reaction_time,retention_time
0,0,0,0.5505505505505506,1.4314314314314314
0,0,1,0.5105105105105106,1.8118118118118118
0,0,2,0.6806806806806807,1.1811811811811812
0,0,3,0.5005005005005005,1.1811811811811812
0,0,4,0.5005005005005005,1.2612612612612613
0,0,5,0.5105105105105106,1.3013013013013013
0,0,6,0.6206206206206206,1.4514514514514514
0,0,7,0.6006006006006006,1.0510510510510511
0,0,8,0.35035035035035034,1.0510510510510511
0,0,9,0.45045045045045046,1.1311311311311312
0,0,10,0.6006006006006006,1.8018018018018018
0,0,11,0.47047047047047047,1.7817817817817818
0,0,12,0.6606606606606606,1.4314314314314314
0,0,13,0.39039039039039036,1.4614614614614614
0,0,14,0.6206206206206206,1.5115115115115114
0,0,15,0.4804804804804805,1.2012012012012012
0,0,16,0.5005005005005005,1.3513513513513513
0,0,17,0.45045045045045046,1.4114114114114114
0,0,18,0.5505505505505506,1.2612612612612613
0,0,19,0.2802802802802803,1.4814814814814814
0,0,20,0.46046046046046046,0.980980980980981
0,0,21,0.5605605605605606,1.1911911911911912
0,0,22,0.6606606606606606,0.8308308308308309
0,0,23,0.5305305305305306,1.3313313313313313
0,0,24,0.5705705705705706,1.1811811811811812
0,0,25,0.4804804804804805,1.2812812812812813
0,0,26,0.6806806806806807,1.2512512512512513
0,0,27,0.5505505505505506,1.0410410410410411
0,0,28,0.5305305305305306,1.2612612612612613
0,0,29,0.4804804804804805,1.001001001001001
0,0,30,0.5405405405405406,1.2112112112112112
0,0,31,0.5005005005005005,1.1911911911911912
0,0,32,0.5005005005005005,1.3413413413413413
0,0,33,0.5505505505505506,1.5215215215215214
0,0,34,0.5205205205205206,1.3713713713713713
0,0,35,0.46046046046046046,1.2612612612612613
0,0,36,0.6306306306306306,1.3313313313313313
0,0,37,0.47047047047047047,1.4214214214214214
0,0,38,0.47047047047047047,1.3513513513513513
0,0,39,0.6906906906906907,1.0910910910910911
0,0,40,0.6006006006006006,1.3513513513513513
0,0,41,0.40040040040040037,1.1011011011011012
0,0,42,0.6406406406406406,1.3913913913913913
0,0,43,0.5905905905905906,1.2812812812812813
0,0,44,0.6206206206206206,0.950950950950951
0,0,45,0.42042042042042044,1.1511511511511512
0,0,46,0.5705705705705706,1.5015015015015014
0,0,47,0.5405405405405406,1.2312312312312312
0,0,48,0.5505505505505506,1.5815815815815815
0,0,49,0.6006006006006006,1.6016016016016015
