segment,memory,reaction_mean,reaction_std,retention_mean,retention_std
0,0,0.6016016016016016,0.10030927461551638,5.97057057057057,1.37562006554035
