segment,memory,trial,reaction_time,retention_time
0,0,0,0.4300716786131022,58.00966827804634
0,0,1,1.3002167027837974,2.750458409734956
0,0,2,0.7301216869478246,58.00966827804634
0,0,3,0.8401400233372229,58.00966827804634
0,0,4,0.5800966827804634,58.00966827804634
0,0,5,0.9001500250041674,58.00966827804634
0,0,6,0.5600933488914819,58.00966827804634
0,0,7,0.8501416902817136,58.00966827804634
0,0,8,0.5400900150025004,58.00966827804634
0,0,9,0.6201033505584265,58.00966827804634
0,0,10,0.6201033505584265,58.00966827804634
0,0,11,0.520086681113519,58.00966827804634
0,0,12,0.31005167527921323,58.00966827804634
0,0,13,1.3002167027837974,58.00966827804634
0,0,14,0.5000833472245374,58.00966827804634
0,0,15,0.6501083513918987,58.00966827804634
0,0,16,0.7801300216702785,58.00966827804634
0,0,17,0.5000833472245374,58.00966827804634
0,0,18,0.5100850141690282,58.00966827804634
0,0,19,0.40006667777962995,58.00966827804634
0,0,20,0.4300716786131022,58.00966827804634
0,0,21,0.6101016836139357,58.00966827804634
0,0,22,0.28004667444574094,58.00966827804634
0,0,23,0.8301383563927321,58.00966827804634
0,0,24,0.32005334222370396,58.00966827804634
0,0,25,0.6601100183363894,58.00966827804634
0,0,26,0.520086681113519,58.00966827804634
0,0,27,0.38006334389064844,58.00966827804634
0,0,28,1.030171695282547,58.00966827804634
0,0,29,0.4300716786131022,58.00966827804634
0,0,30,0.4700783463910652,58.00966827804634
0,0,31,0.5800966827804634,58.00966827804634
0,0,32,0.4100683447241207,58.00966827804634
0,0,33,0.6101016836139357,58.00966827804634
0,0,34,0.6201033505584265,58.00966827804634
0,0,35,0.40006667777962995,58.00966827804634
0,0,36,0.46007667944657443,58.00966827804634
0,0,37,0.5800966827804634,58.00966827804634
0,0,38,0.28004667444574094,58.00966827804634
0,0,39,0.46007667944657443,58.00966827804634
0,0,40,0.48008001333555594,58.00966827804634
0,0,41,0.49008168028004667,58.00966827804634
0,0,42,1.1201866977829638,58.00966827804634
0,0,43,0.680113352225371,58.00966827804634
0,0,44,0.4400733455575929,58.00966827804634
0,0,45,0.4100683447241207,58.00966827804634
0,0,46,0.4300716786131022,58.00966827804634
0,0,47,0.3900650108351392,58.00966827804634
0,0,48,1.0501750291715286,58.00966827804634
0,0,49,0.32005334222370396,58.00966827804634
