segment,memory,reaction_mean,reaction_std,retention_mean,retention_std
0,0,0.5922987164527421,0.2442578261549424,56.90448408068011,7.814832404178715
