segment,memory,reaction_mean,reaction_std,retention_mean,retention_std
0,0,0.6349058176362727,0.10370913603053086,4.540156692782131,1.258610778491609
