segment,memory,reaction_mean,reaction_std,retention_mean,retention_std
0,0,0.5341341341341341,0.1698485364818368,8.008008008008009,0.0
