segment,memory,reaction_mean,reaction_std,retention_mean,retention_std
0,0,0.35855855855855856,0.06978319067929274,7.895295295295296,0.38101319410220325
