segment,memory,reaction_mean,reaction_std,retention_mean,retention_std
0,0,0.5510918486414402,0.11452334255864209,20.88628104684114,6.897215270211597
