segment,memory,reaction_mean,reaction_std,retention_mean,retention_std
0,0,0.6315052508751459,0.09314720659849564,6.988164694115686,2.7673191962039034
