segment,memory,reaction_mean,reaction_std,retention_mean,retention_std
0,0,0.643043043043043,0.09171115477336117,3.277077077077077,0.6287776290901406
