segment,memory,trial,reaction_time,retention_time
0,0,0,0.6101016836139357,4.200700116686114
0,0,1,0.6901150191698616,4.470745124187364
0,0,2,0.5600933488914819,4.340723453908985
0,0,3,0.7001166861143524,3.1105184197366227
0,0,4,0.6601100183363894,3.710618436406068
0,0,5,0.5300883480580096,6.431071845307551
0,0,6,0.7501250208368062,5.600933488914819
0,0,7,0.7601266877812969,3.690615102517086
0,0,8,0.6001000166694449,4.740790131688615
0,0,9,0.6601100183363894,4.300716786131022
0,0,10,0.6001000166694449,5.34089014835806
0,0,11,0.6001000166694449,3.6506084347391234
0,0,12,0.6301050175029171,5.310885147524588
0,0,13,0.5100850141690282,3.820636772795466
0,0,14,0.6501083513918987,3.9306551091848645
0,0,15,0.5900983497249542,4.690781796966161
0,0,16,0.6201033505584265,4.740790131688615
0,0,17,0.5300883480580096,4.340723453908985
0,0,18,0.8001333555592599,4.170695115852642
0,0,19,0.42007001166861146,9.101516919486581
0,0,20,0.5500916819469912,4.190698449741624
0,0,21,0.6001000166694449,4.480746791131855
0,0,22,0.6401066844474079,3.6806134355725955
0,0,23,0.7501250208368062,3.4905817636272714
0,0,24,0.6201033505584265,4.630771795299217
0,0,25,0.6101016836139357,3.540590098349725
0,0,26,0.7001166861143524,3.2005334222370396
0,0,27,0.7001166861143524,3.2805467577929655
0,0,28,0.7501250208368062,2.860476746124354
0,0,29,0.6301050175029171,2.110351725287548
0,0,30,0.520086681113519,7.87131188531422
0,0,31,0.7101183530588432,4.420736789464911
0,0,32,0.5300883480580096,5.380896816136023
0,0,33,0.5900983497249542,4.150691781963661
0,0,34,0.7401233538923154,5.580930155025838
0,0,35,0.5500916819469912,2.2803800633438907
0,0,36,0.7001166861143524,3.1805300883480583
0,0,37,0.6901150191698616,3.1805300883480583
0,0,38,0.6301050175029171,3.4005667611268544
0,0,39,0.5500916819469912,4.14069011501917
0,0,40,0.6301050175029171,3.7606267711285217
0,0,41,0.7801300216702785,3.9206534422403734
0,0,42,0.7301216869478246,2.2103683947324555
0,0,43,0.5400900150025004,3.9206534422403734
0,0,44,0.6901150191698616,3.100516752792132
0,0,45,0.5600933488914819,3.690615102517086
0,0,46,0.5500916819469912,5.130855142523754
0,0,47,0.6601100183363894,3.0605100850141693
0,0,48,0.5500916819469912,3.540590098349725
0,0,49,0.5800966827804634,4.430738456409402
