segment,memory,reaction_mean,reaction_std,retention_mean,retention_std
0,0,0.6301050175029171,0.08262424096283262,4.190298383063844,1.2600139391259242
