segment,memory,reaction_mean,reaction_std,retention_mean,retention_std
0,0,0.4222222222222222,0.060185564769309856,8.008008008008009,0.0
