segment,memory,reaction_mean,reaction_std,retention_mean,retention_std
0,0,0.24304304304304306,0.04188903557472824,6.012212212212212,1.0649486502888867
