segment,memory,reaction_mean,reaction_std,retention_mean,retention_std
0,0,0.6211035172528755,0.09557550571014929,13.964327387897983,6.167240947450769
