segment,memory,reaction_mean,reaction_std,retention_mean,retention_std
0,0,0.13233233233233233,0.022995027713444277,7.968168168168169,0.22587224539214976
