segment,memory,trial,reaction_time,retention_time
0,0,0,0.5705705705705706,2.4224224224224224
0,0,1,0.7207207207207207,6.476476476476477
0,0,2,0.9109109109109109,2.2422422422422423
0,0,3,0.8508508508508509,3.063063063063063
0,0,4,0.8708708708708709,2.6926926926926926
0,0,5,0.7307307307307307,2.5525525525525525
0,0,6,0.8308308308308309,4.924924924924925
0,0,7,0.6106106106106106,3.203203203203203
0,0,8,0.6006006006006006,4.404404404404405
0,0,9,0.8408408408408409,3.013013013013013
0,0,10,0.7407407407407407,3.2732732732732734
0,0,11,0.9209209209209209,2.3223223223223224
0,0,12,0.9109109109109109,2.6426426426426426
0,0,13,0.7507507507507507,2.992992992992993
0,0,14,0.6706706706706707,6.026026026026026
0,0,15,0.8208208208208209,5.405405405405405
0,0,16,0.6006006006006006,3.5735735735735736
0,0,17,0.8408408408408409,3.6836836836836837
0,0,18,0.7207207207207207,6.286286286286286
0,0,19,0.7807807807807807,3.3233233233233235
0,0,20,0.7907907907907907,2.932932932932933
0,0,21,0.6706706706706707,4.974974974974975
0,0,22,0.6806806806806807,2.5125125125125125
0,0,23,0.5205205205205206,3.063063063063063
0,0,24,0.950950950950951,3.843843843843844
0,0,25,0.6306306306306306,3.7437437437437437
0,0,26,0.6506506506506506,2.0720720720720722
0,0,27,0.8808808808808809,3.7537537537537538
0,0,28,0.5505505505505506,3.3433433433433435
0,0,29,0.5605605605605606,3.5635635635635636
0,0,30,0.6406406406406406,2.3323323323323324
0,0,31,0.9109109109109109,3.013013013013013
0,0,32,0.8608608608608609,2.4524524524524525
0,0,33,0.7007007007007007,2.7127127127127126
0,0,34,0.7707707707707707,2.7927927927927927
0,0,35,0.5605605605605606,3.5335335335335336
0,0,36,0.7507507507507507,4.624624624624625
0,0,37,0.7507507507507507,2.7627627627627627
0,0,38,0.8908908908908909,3.163163163163163
0,0,39,0.9109109109109109,2.7827827827827827
0,0,40,0.6006006006006006,2.8828828828828827
0,0,41,1.0810810810810811,1.991991991991992
0,0,42,0.5705705705705706,3.943943943943944
0,0,43,0.8408408408408409,2.942942942942943
0,0,44,0.7807807807807807,2.1421421421421423
0,0,45,0.7707707707707707,3.123123123123123
0,0,46,0.8108108108108109,1.8918918918918919
0,0,47,0.8208208208208209,2.952952952952953
0,0,48,0.8408408408408409,2.3823823823823824
0,0,49,0.9409409409409409,4.494494494494495
