segment,memory,reaction_mean,reaction_std,retention_mean,retention_std
0,0,0.7597597597597597,0.12930645107766225,3.3449449449449453,1.0888056806071662
