segment,memory,reaction_mean,reaction_std,retention_mean,retention_std
0,0,0.45247541256876145,0.08578951469112642,58.00966827804634,0.0
