segment,memory,reaction_mean,reaction_std,retention_mean,retention_std
0,0,0.45207534589098186,0.08392355957757767,58.00966827804634,0.0
