segment,memory,reaction_mean,reaction_std,retention_mean,retention_std
0,0,0.15035035035035035,0.031099818912599882,4.3471471471471475,0.43614827942163553
