segment,memory,reaction_mean,reaction_std,retention_mean,retention_std
0,0,0.6194649462853739,0.2616473927347851,53.43170528421404,15.687054743617093
