segment,memory,reaction_mean,reaction_std,retention_mean,retention_std
0,0,0.24224224224224225,0.045804711505925834,8.008008008008009,0.0
