segment,memory,reaction_mean,reaction_std,retention_mean,retention_std
0,0,0.7087087087087087,0.13513324358561363,7.94934934934935,0.25541450853676495
