segment,memory,reaction_mean,reaction_std,retention_mean,retention_std
0,0,0.5507507507507508,0.12741449160471943,8.008008008008009,0.0
