segment,memory,reaction_mean,reaction_std,retention_mean,retention_std
0,0,0.6786786786786787,0.23892580976325695,8.008008008008009,0.0
