segment,memory,reaction_mean,reaction_std,retention_mean,retention_std
0,0,0.8522522522522523,0.2032817324426476,6.65885885885886,1.6849862737709906
