segment,memory,reaction_mean,reaction_std,retention_mean,retention_std
0,0,0.5542923820636773,0.12549292228456352,58.00966827804634,0.0
