segment,memory,reaction_mean,reaction_std,retention_mean,retention_std
0,0,0.5418903150525087,0.11673802593905253,57.330555092515425,3.535625713913157
