segment,memory,reaction_mean,reaction_std,retention_mean,retention_std
0,0,0.6191608274941608,0.3000445427147365,7.700700700700702,1.5221963889759351
