segment,memory,reaction_mean,reaction_std,retention_mean,retention_std
0,0,0.14934934934934935,0.025487744726625242,4.2494494494494495,0.38413703371892416
