segment,memory,reaction_mean,reaction_std,retention_mean,retention_std
0,0,0.14434434434434434,0.026374902336695965,7.990390390390392,0.12457536885769012
