segment,memory,reaction_mean,reaction_std,retention_mean,retention_std
0,0,0.6642642642642643,0.08342584712028385,1.8906906906906908,0.2714942734022347
