segment,memory,reaction_mean,reaction_std,retention_mean,retention_std
0,0,0.5381381381381382,0.1298321601174484,8.008008008008009,0.0
