segment,memory,reaction_mean,reaction_std,retention_mean,retention_std
0,0,0.607007007007007,0.13556775577258198,8.008008008008009,0.0
