segment,memory,reaction_mean,reaction_std,retention_mean,retention_std
0,0,0.698516419403234,0.0964072775728162,1.5040506751125187,0.2357742731589793
