segment,memory,reaction_mean,reaction_std,retention_mean,retention_std
0,0,0.6748748748748749,0.11990014109279977,1.5265265265265264,0.2859377165934459
