segment,memory,reaction_mean,reaction_std,retention_mean,retention_std
0,0,1.393157863746099,0.7987981347111713,1.567767767767768,2.942926884914173
