segment,memory,reaction_mean,reaction_std,retention_mean,retention_std
0,0,0.2506506506506507,0.04232224462789029,8.008008008008009,0.0
