segment,memory,reaction_mean,reaction_std,retention_mean,retention_std
0,0,0.634505750958493,0.09410986272321856,5.734555759293215,1.6934603443690783
