segment,memory,reaction_mean,reaction_std,retention_mean,retention_std
0,0,0.696316052675446,0.09709368130201165,1.5386564427404568,0.24481775265388242
