segment,memory,reaction_mean,reaction_std,retention_mean,retention_std
0,0,0.5903903903903904,0.09321349998527291,8.000800800800802,0.05096265089632787
