segment,memory,reaction_mean,reaction_std,retention_mean,retention_std
0,0,0.6586586586586587,0.08879836806097542,1.6874874874874874,0.2332970967179323
