segment,memory,reaction_mean,reaction_std,retention_mean,retention_std
0,0,0.4182182182182182,0.062472898505849674,4.4272272272272275,0.8002491409484516
