segment,memory,reaction_mean,reaction_std,retention_mean,retention_std
0,0,0.6174174174174174,0.07619210800646506,6.545345345345346,1.3472945598032553
