segment,memory,trial,reaction_time,retention_time
0,0,0,0.47047047047047047,4.874874874874875
0,0,1,0.6606606606606606,8.008008008008009
0,0,2,0.6706706706706707,8.008008008008009
0,0,3,0.6306306306306306,8.008008008008009
0,0,4,0.7207207207207207,6.616616616616617
0,0,5,0.5905905905905906,6.416416416416417
0,0,6,0.6806806806806807,4.664664664664665
0,0,7,0.6106106106106106,5.495495495495495
0,0,8,0.5505505505505506,4.074074074074074
0,0,9,0.6206206206206206,8.008008008008009
0,0,10,0.6106106106106106,8.008008008008009
0,0,11,0.4804804804804805,8.008008008008009
0,0,12,0.6906906906906907,5.7157157157157155
0,0,13,0.8008008008008007,6.596596596596597
0,0,14,0.5505505505505506,5.985985985985986
0,0,15,0.6806806806806807,8.008008008008009
0,0,16,0.5705705705705706,7.4674674674674675
0,0,17,0.5505505505505506,4.114114114114114
0,0,18,0.5505505505505506,7.147147147147147
0,0,19,0.5905905905905906,8.008008008008009
0,0,20,0.5805805805805806,7.137137137137137
0,0,21,0.6106106106106106,6.696696696696697
0,0,22,0.6106106106106106,8.008008008008009
0,0,23,0.6206206206206206,7.807807807807808
0,0,24,0.7207207207207207,4.654654654654655
0,0,25,0.6806806806806807,8.008008008008009
0,0,26,0.6706706706706707,6.086086086086086
0,0,27,0.5905905905905906,7.4974974974974975
0,0,28,0.5005005005005005,6.426426426426427
0,0,29,0.5405405405405406,8.008008008008009
0,0,30,0.6706706706706707,8.008008008008009
0,0,31,0.6806806806806807,5.865865865865866
0,0,32,0.6906906906906907,5.255255255255255
0,0,33,0.5005005005005005,7.727727727727728
0,0,34,0.5805805805805806,4.1841841841841845
0,0,35,0.8108108108108109,5.685685685685685
0,0,36,0.5705705705705706,8.008008008008009
0,0,37,0.7507507507507507,8.008008008008009
0,0,38,0.6006006006006006,5.525525525525525
0,0,39,0.5505505505505506,6.386386386386386
0,0,40,0.5505505505505506,5.615615615615615
0,0,41,0.6406406406406406,5.095095095095095
0,0,42,0.7007007007007007,4.574574574574575
0,0,43,0.6206206206206206,8.008008008008009
0,0,44,0.5605605605605606,7.127127127127127
0,0,45,0.5705705705705706,3.7237237237237237
0,0,46,0.6806806806806807,5.305305305305305
0,0,47,0.6306306306306306,6.106106106106106
0,0,48,0.5305305305305306,7.307307307307307
0,0,49,0.5705705705705706,6.186186186186186
