segment,memory,reaction_mean,reaction_std,retention_mean,retention_std
0,0,0.3015015015015015,0.04822477084709393,4.075475475475475,0.6412372926367583
