segment,memory,reaction_mean,reaction_std,retention_mean,retention_std
0,0,0.5771771771771772,0.11228216061581009,7.92972972972973,0.2616761175780331
