segment,memory,reaction_mean,reaction_std,retention_mean,retention_std
0,0,0.5964994165694283,0.1029488771423784,6.88674779129855,2.029206549582993
