segment,memory,reaction_mean,reaction_std,retention_mean,retention_std
0,0,0.2942942942942943,0.05023357091448676,4.53973973973974,1.0112551942141577
