segment,memory,reaction_mean,reaction_std,retention_mean,retention_std
0,0,0.5784964160693449,0.1085774940786937,48.046407734622434,14.44898849028012
