segment,memory,reaction_mean,reaction_std,retention_mean,retention_std
0,0,0.2112112112112112,0.03154117689133817,7.206406406406407,0.9370423914252809
