segment,memory,reaction_mean,reaction_std,retention_mean,retention_std
0,0,0.4482482482482482,0.07674965682668398,2.5523523523523526,0.44607560050812445
