segment,memory,reaction_mean,reaction_std,retention_mean,retention_std
0,0,0.47567567567567565,0.16631402307887594,7.923323323323324,0.5988111480318508
