segment,memory,reaction_mean,reaction_std,retention_mean,retention_std
0,0,0.4098098098098098,0.07957826263115723,7.3045045045045045,1.1352591050580405
