segment,memory,trial,reaction_time,retention_time
0,0,0,0.46046046046046046,8.008008008008009
0,0,1,0.47047047047047047,5.585585585585585
0,0,2,0.39039039039039036,8.008008008008009
0,0,3,0.3303303303303303,5.7757757757757755
0,0,4,0.36036036036036034,8.008008008008009
0,0,5,0.39039039039039036,8.008008008008009
0,0,6,0.45045045045045046,8.008008008008009
0,0,7,0.37037037037037035,4.884884884884885
0,0,8,0.45045045045045046,8.008008008008009
0,0,9,0.3003003003003003,6.846846846846847
0,0,10,0.40040040040040037,8.008008008008009
0,0,11,0.36036036036036034,5.7357357357357355
0,0,12,0.35035035035035034,8.008008008008009
0,0,13,0.42042042042042044,7.067067067067067
0,0,14,0.41041041041041043,8.008008008008009
0,0,15,0.22022022022022023,4.674674674674675
0,0,16,0.44044044044044045,5.255255255255255
0,0,17,0.36036036036036034,8.008008008008009
0,0,18,0.5205205205205206,8.008008008008009
0,0,19,0.41041041041041043,8.008008008008009
0,0,20,0.41041041041041043,6.616616616616617
0,0,21,0.5305305305305306,6.946946946946947
0,0,22,0.4904904904904905,8.008008008008009
0,0,23,0.39039039039039036,5.555555555555555
0,0,24,0.43043043043043044,8.008008008008009
0,0,25,0.5805805805805806,8.008008008008009
0,0,26,0.39039039039039036,8.008008008008009
0,0,27,0.37037037037037035,8.008008008008009
0,0,28,0.47047047047047047,8.008008008008009
0,0,29,0.5805805805805806,8.008008008008009
0,0,30,0.3203203203203203,8.008008008008009
0,0,31,0.47047047047047047,5.325325325325325
0,0,32,0.40040040040040037,3.973973973973974
0,0,33,0.34034034034034033,7.607607607607608
0,0,34,0.3103103103103103,6.496496496496497
0,0,35,0.34034034034034033,8.008008008008009
0,0,36,0.5605605605605606,8.008008008008009
0,0,37,0.44044044044044045,8.008008008008009
0,0,38,0.34034034034034033,6.766766766766767
0,0,39,0.35035035035035034,5.8458458458458455
0,0,40,0.5205205205205206,8.008008008008009
0,0,41,0.42042042042042044,8.008008008008009
0,0,42,0.38038038038038036,8.008008008008009
0,0,43,0.2502502502502503,8.008008008008009
0,0,44,0.34034034034034033,8.008008008008009
0,0,45,0.4904904904904905,8.008008008008009
0,0,46,0.5405405405405406,8.008008008008009
0,0,47,0.35035035035035034,8.008008008008009
0,0,48,0.40040040040040037,8.008008008008009
0,0,49,0.41041041041041043,8.008008008008009
