segment,memory,reaction_mean,reaction_std,retention_mean,retention_std
0,0,0.6075012502083681,0.10898005520180258,55.367427904650775,7.32808795281701
