segment,memory,reaction_mean,reaction_std,retention_mean,retention_std
0,0,0.6305050841806968,0.07991019066986232,2.8008668111351893,0.562134286027161
