segment,memory,reaction_mean,reaction_std,retention_mean,retention_std
0,0,0.34134134134134136,0.057423060218107426,8.008008008008009,0.0
