segment,memory,reaction_mean,reaction_std,retention_mean,retention_std
0,0,0.5875875875875876,0.09856123415737061,1.4144144144144144,0.2333861345241424
