segment,memory,reaction_mean,reaction_std,retention_mean,retention_std
0,0,0.2990990990990991,0.05314682606861313,7.574174174174175,0.6932148125011989
