segment,memory,reaction_mean,reaction_std,retention_mean,retention_std
0,0,0.1991991991991992,0.03989934628429489,2.5575575575575575,0.1918894616519994
