segment,memory,reaction_mean,reaction_std,retention_mean,retention_std
0,0,0.26326326326326327,0.03724872380274876,4.899499499499499,0.764691737083853
