segment,memory,reaction_mean,reaction_std,retention_mean,retention_std
0,0,0.5915915915915916,0.09353674223659675,5.323323323323324,1.2321534941730874
