segment,memory,reaction_mean,reaction_std,retention_mean,retention_std
0,0,0.5984670914540179,0.2341539096542385,42.963760626771126,17.150024416105374
