segment,memory,trial,reaction_time,retention_time
0,0,0,0.23023023023023023,4.574574574574575
0,0,1,0.10010010010010009,4.334334334334335
0,0,2,0.20020020020020018,7.4174174174174174
0,0,3,0.17017017017017017,3.823823823823824
0,0,4,0.2502502502502503,5.045045045045045
0,0,5,0.13013013013013014,5.355355355355355
0,0,6,0.20020020020020018,4.884884884884885
0,0,7,0.19019019019019018,5.265265265265265
0,0,8,0.15015015015015015,4.424424424424425
0,0,9,0.18018018018018017,4.794794794794795
0,0,10,0.20020020020020018,4.754754754754755
0,0,11,0.07007007007007007,5.395395395395395
0,0,12,0.17017017017017017,4.674674674674675
0,0,13,0.20020020020020018,4.714714714714715
0,0,14,0.19019019019019018,3.993993993993994
0,0,15,0.15015015015015015,5.7257257257257255
0,0,16,0.17017017017017017,5.285285285285285
0,0,17,0.15015015015015015,5.055055055055055
0,0,18,0.16016016016016016,5.015015015015015
0,0,19,0.16016016016016016,4.354354354354355
0,0,20,0.17017017017017017,6.806806806806807
0,0,21,0.16016016016016016,4.554554554554555
0,0,22,0.17017017017017017,4.1441441441441444
0,0,23,0.19019019019019018,5.395395395395395
0,0,24,0.14014014014014015,4.324324324324325
0,0,25,0.18018018018018017,4.494494494494495
0,0,26,0.14014014014014015,4.634634634634635
0,0,27,0.16016016016016016,4.404404404404405
0,0,28,0.17017017017017017,5.235235235235235
0,0,29,0.16016016016016016,4.894894894894895
0,0,30,0.12012012012012012,4.414414414414415
0,0,31,0.19019019019019018,4.754754754754755
0,0,32,0.15015015015015015,5.925925925925926
0,0,33,0.16016016016016016,4.884884884884885
0,0,34,0.17017017017017017,3.5935935935935936
0,0,35,0.22022022022022023,4.2042042042042045
0,0,36,0.14014014014014015,7.047047047047047
0,0,37,0.17017017017017017,4.614614614614615
0,0,38,0.15015015015015015,5.515515515515515
0,0,39,0.14014014014014015,4.424424424424425
0,0,40,0.16016016016016016,5.025025025025025
0,0,41,0.18018018018018017,4.774774774774775
0,0,42,0.22022022022022023,5.075075075075075
0,0,43,0.20020020020020018,4.054054054054054
0,0,44,0.11011011011011011,3.993993993993994
0,0,45,0.16016016016016016,4.744744744744745
0,0,46,0.18018018018018017,4.444444444444445
0,0,47,0.16016016016016016,5.595595595595595
0,0,48,0.14014014014014015,5.495495495495495
0,0,49,0.13013013013013014,4.404404404404405
