segment,memory,reaction_mean,reaction_std,retention_mean,retention_std
0,0,0.16636636636636637,0.032727356510397494,4.895295295295296,0.7567990179016713
