segment,memory,reaction_mean,reaction_std,retention_mean,retention_std
0,0,0.5363363363363364,0.1492155615629461,8.008008008008009,0.0
