segment,memory,reaction_mean,reaction_std,retention_mean,retention_std
0,0,0.6638638638638639,0.10833032439214156,1.7327327327327327,0.251998956459912
