segment,memory,reaction_mean,reaction_std,retention_mean,retention_std
0,0,1.2394394394394395,0.19681817811561955,0.9123123123123124,0.3049225148351416
