segment,memory,trial,reaction_time,retention_time
0,0,0,1.6816816816816818,0.40040040040040037
0,0,1,1.5415415415415414,0.6506506506506506
0,0,2,1.1611611611611612,0.7607607607607607
0,0,3,1.1311311311311312,0.9109109109109109
0,0,4,1.3213213213213213,0.6006006006006006
0,0,5,1.4314314314314314,1.1111111111111112
0,0,6,1.1011011011011012,0.6806806806806807
0,0,7,1.031031031031031,0.7107107107107107
0,0,8,1.6816816816816818,0.5405405405405406
0,0,9,1.1611611611611612,1.1211211211211212
0,0,10,1.6316316316316317,1.011011011011011
0,0,11,1.3013013013013013,1.021021021021021
0,0,12,1.1711711711711712,0.8308308308308309
0,0,13,1.2312312312312312,1.3613613613613613
0,0,14,1.0910910910910911,0.980980980980981
0,0,15,1.2512512512512513,0.7107107107107107
0,0,16,1.3613613613613613,1.2112112112112112
0,0,17,1.1911911911911912,0.6806806806806807
0,0,18,1.3713713713713713,0.5805805805805806
0,0,19,1.2812812812812813,1.001001001001001
0,0,20,1.011011011011011,0.6606606606606606
0,0,21,0.9409409409409409,0.970970970970971
0,0,22,1.2812812812812813,1.0810810810810811
0,0,23,1.1111111111111112,1.0410410410410411
0,0,24,1.021021021021021,1.2012012012012012
0,0,25,1.3413413413413413,0.7107107107107107
0,0,26,1.4014014014014013,0.7507507507507507
0,0,27,1.3213213213213213,0.7607607607607607
0,0,28,1.3913913913913913,1.3913913913913913
0,0,29,0.960960960960961,1.7017017017017018
0,0,30,0.7807807807807807,1.3913913913913913
0,0,31,1.1511511511511512,0.8808808808808809
0,0,32,0.9009009009009009,1.6216216216216217
0,0,33,1.1411411411411412,1.1611611611611612
0,0,34,1.2112112112112112,0.5805805805805806
0,0,35,1.1711711711711712,0.7507507507507507
0,0,36,1.031031031031031,1.1211211211211212
0,0,37,1.3613613613613613,0.7807807807807807
0,0,38,1.3213213213213213,0.6306306306306306
0,0,39,1.1511511511511512,0.8908908908908909
0,0,40,1.021021021021021,0.5305305305305306
0,0,41,1.3813813813813813,0.7007007007007007
0,0,42,1.3413413413413413,0.6806806806806807
0,0,43,1.1311311311311312,0.990990990990991
0,0,44,1.5215215215215214,1.1911911911911912
0,0,45,1.5015015015015014,1.6316316316316317
0,0,46,1.1911911911911912,0.7207207207207207
0,0,47,1.0810810810810811,0.7607607607607607
0,0,48,1.2712712712712713,0.5405405405405406
0,0,49,1.4014014014014013,0.9109109109109109
