segment,memory,reaction_mean,reaction_std,retention_mean,retention_std
0,0,0.15335335335335334,0.027834749173393823,4.348348348348349,0.49211583123868324
