segment,memory,reaction_mean,reaction_std,retention_mean,retention_std
0,0,0.6121428401332195,0.14539702361779958,56.84947491248541,8.203805962757745
