segment,memory,trial,reaction_time,retention_time
0,0,0,0.6006006006006006,2.9129129129129128
0,0,1,0.6506506506506506,3.5935935935935936
0,0,2,0.5305305305305306,6.786786786786787
0,0,3,0.6906906906906907,2.952952952952953
0,0,4,0.7207207207207207,3.6336336336336337
0,0,5,0.6106106106106106,4.944944944944945
0,0,6,0.7007007007007007,7.4374374374374375
0,0,7,0.8208208208208209,3.123123123123123
0,0,8,0.7607607607607607,3.973973973973974
0,0,9,0.7007007007007007,5.7957957957957955
0,0,10,0.6506506506506506,3.3433433433433435
0,0,11,0.5005005005005005,3.073073073073073
0,0,12,0.43043043043043044,4.654654654654655
0,0,13,0.5205205205205206,3.863863863863864
0,0,14,0.5805805805805806,4.014014014014014
0,0,15,0.6506506506506506,5.085085085085085
0,0,16,0.6206206206206206,7.397397397397397
0,0,17,0.5405405405405406,3.7337337337337337
0,0,18,0.7007007007007007,3.143143143143143
0,0,19,0.5205205205205206,3.6036036036036037
0,0,20,0.7607607607607607,5.325325325325325
0,0,21,0.5605605605605606,4.824824824824825
0,0,22,0.6606606606606606,3.3333333333333335
0,0,23,0.5605605605605606,3.993993993993994
0,0,24,0.6706706706706707,2.4624624624624625
0,0,25,0.6806806806806807,6.096096096096096
0,0,26,0.6306306306306306,6.106106106106106
0,0,27,0.6606606606606606,6.596596596596597
0,0,28,0.5805805805805806,2.5425425425425425
0,0,29,0.6006006006006006,4.354354354354355
0,0,30,0.6306306306306306,3.2232232232232234
0,0,31,0.7207207207207207,3.2732732732732734
0,0,32,0.7007007007007007,3.803803803803804
0,0,33,0.5205205205205206,5.245245245245245
0,0,34,0.5305305305305306,5.8358358358358355
0,0,35,0.45045045045045046,4.134134134134134
0,0,36,0.6306306306306306,3.103103103103103
0,0,37,0.5905905905905906,4.2442442442442445
0,0,38,0.6406406406406406,3.013013013013013
0,0,39,0.6406406406406406,3.6836836836836837
0,0,40,0.6306306306306306,2.6626626626626626
0,0,41,0.5205205205205206,4.854854854854855
0,0,42,0.6006006006006006,2.992992992992993
0,0,43,0.6506506506506506,6.886886886886887
0,0,44,0.6206206206206206,3.843843843843844
0,0,45,0.6806806806806807,3.5735735735735736
0,0,46,0.7607607607607607,3.3233233233233235
0,0,47,0.8308308308308309,3.7537537537537538
0,0,48,0.6406406406406406,2.7627627627627627
0,0,49,0.7307307307307307,3.2232232232232234
