segment,memory,reaction_mean,reaction_std,retention_mean,retention_std
0,0,0.6318318318318318,0.08720992422387579,4.202802802802803,1.3267300340767927
