segment,memory,reaction_mean,reaction_std,retention_mean,retention_std
0,0,0.5425425425425425,0.10971009740492854,7.9985985985985995,0.06653457200353913
