segment,memory,reaction_mean,reaction_std,retention_mean,retention_std
0,0,0.18218218218218218,0.02501480864369498,7.104904904904905,0.8882767635779003
