segment,memory,trial,reaction_time,retention_time
0,0,0,0.6506506506506506,2.952952952952953
0,0,1,0.5805805805805806,3.883883883883884
0,0,2,0.6906906906906907,5.355355355355355
0,0,3,0.5605605605605606,4.694694694694695
0,0,4,0.7207207207207207,2.962962962962963
0,0,5,0.6706706706706707,5.185185185185185
0,0,6,0.7107107107107107,3.203203203203203
0,0,7,0.5905905905905906,5.225225225225225
0,0,8,0.37037037037037035,4.2742742742742745
0,0,9,0.6506506506506506,4.354354354354355
0,0,10,0.6306306306306306,4.324324324324325
0,0,11,0.7007007007007007,4.134134134134134
0,0,12,0.37037037037037035,5.365365365365365
0,0,13,0.6706706706706707,2.7127127127127126
0,0,14,0.6906906906906907,5.285285285285285
0,0,15,0.6506506506506506,3.123123123123123
0,0,16,0.5005005005005005,2.2022022022022023
0,0,17,0.7107107107107107,3.4734734734734736
0,0,18,0.7607607607607607,3.853853853853854
0,0,19,0.6906906906906907,4.104104104104104
0,0,20,0.7207207207207207,4.2242242242242245
0,0,21,0.45045045045045046,3.053053053053053
0,0,22,0.5005005005005005,4.584584584584585
0,0,23,0.7307307307307307,4.1841841841841845
0,0,24,0.6106106106106106,3.133133133133133
0,0,25,0.6306306306306306,4.074074074074074
0,0,26,0.6606606606606606,4.024024024024024
0,0,27,0.6406406406406406,3.4934934934934936
0,0,28,0.6506506506506506,3.4134134134134135
0,0,29,0.5605605605605606,3.843843843843844
0,0,30,0.6706706706706707,4.374374374374375
0,0,31,0.5005005005005005,4.864864864864865
0,0,32,0.7607607607607607,4.984984984984985
0,0,33,0.7307307307307307,2.7827827827827827
0,0,34,0.40040040040040037,5.345345345345345
0,0,35,0.6406406406406406,3.3133133133133135
0,0,36,0.6906906906906907,4.444444444444445
0,0,37,0.5105105105105106,3.4334334334334335
0,0,38,0.6206206206206206,3.5735735735735736
0,0,39,0.9009009009009009,4.484484484484485
0,0,40,0.5505505505505506,6.546546546546547
0,0,41,0.5305305305305306,2.5425425425425425
0,0,42,0.5205205205205206,2.932932932932933
0,0,43,0.5205205205205206,8.008008008008009
0,0,44,0.5605605605605606,3.3733733733733735
0,0,45,0.7707707707707707,4.634634634634635
0,0,46,0.6806806806806807,4.084084084084084
0,0,47,0.7507507507507507,2.2122122122122123
0,0,48,0.7107107107107107,3.6636636636636637
0,0,49,0.5105105105105106,3.6836836836836837
