segment,memory,reaction_mean,reaction_std,retention_mean,retention_std
0,0,0.6252252252252252,0.10926577202402374,4.03963963963964,1.079116183434532
