segment,memory,reaction_mean,reaction_std,retention_mean,retention_std
0,0,0.628028028028028,0.09381092760958863,7.423023023023023,0.9789530355768522
