segment,memory,reaction_mean,reaction_std,retention_mean,retention_std
0,0,0.6756756756756757,0.10332193281599472,1.6014014014014015,0.26656768618606347
