segment,memory,reaction_mean,reaction_std,retention_mean,retention_std
0,0,0.8894894894894896,0.13478489838227242,3.6220220220220223,1.1624238069589177
