segment,memory,reaction_mean,reaction_std,retention_mean,retention_std
0,0,0.1111111111111111,0.020449520443407827,8.008008008008009,0.0
