segment,memory,reaction_mean,reaction_std,retention_mean,retention_std
0,0,0.6229038173028838,0.26821339723583504,56.863277212868816,8.106208960787006
