segment,memory,reaction_mean,reaction_std,retention_mean,retention_std
0,0,0.6348348348348348,0.10026523120315994,3.885085085085085,1.1308222014041036
