segment,memory,trial,reaction_time,retention_time
0,0,0,0.6506506506506506,2.5425425425425425
0,0,1,0.5805805805805806,3.143143143143143
0,0,2,0.6206206206206206,3.143143143143143
0,0,3,0.7207207207207207,3.073073073073073
0,0,4,0.6706706706706707,5.535535535535535
0,0,5,0.6706706706706707,3.7337337337337337
0,0,6,0.6106106106106106,3.813813813813814
0,0,7,0.7707707707707707,3.7437437437437437
0,0,8,0.46046046046046046,3.5535535535535536
0,0,9,0.5805805805805806,4.454454454454455
0,0,10,0.5605605605605606,3.6036036036036037
0,0,11,0.5105105105105106,4.764764764764765
0,0,12,0.6006006006006006,3.7237237237237237
0,0,13,0.6606606606606606,6.496496496496497
0,0,14,0.41041041041041043,4.794794794794795
0,0,15,0.8308308308308309,2.1521521521521523
0,0,16,0.6806806806806807,2.7227227227227226
0,0,17,0.46046046046046046,3.4934934934934936
0,0,18,0.5805805805805806,4.584584584584585
0,0,19,0.7207207207207207,3.173173173173173
0,0,20,0.6606606606606606,3.3733733733733735
0,0,21,0.5805805805805806,3.173173173173173
0,0,22,0.7107107107107107,3.873873873873874
0,0,23,0.8508508508508509,5.475475475475475
0,0,24,0.6606606606606606,3.2732732732732734
0,0,25,0.6006006006006006,4.744744744744745
0,0,26,0.6406406406406406,4.604604604604605
0,0,27,0.6006006006006006,3.7837837837837838
0,0,28,0.5505505505505506,3.4434434434434436
0,0,29,0.8208208208208209,4.854854854854855
0,0,30,0.7207207207207207,3.933933933933934
0,0,31,0.7107107107107107,4.884884884884885
0,0,32,0.6706706706706707,2.2022022022022023
0,0,33,0.44044044044044045,4.594594594594595
0,0,34,0.7107107107107107,7.137137137137137
0,0,35,0.6606606606606606,3.2732732732732734
0,0,36,0.6206206206206206,2.6926926926926926
0,0,37,0.8008008008008007,3.183183183183183
0,0,38,0.6506506506506506,2.4924924924924925
0,0,39,0.46046046046046046,2.2422422422422423
0,0,40,0.6506506506506506,6.456456456456457
0,0,41,0.6406406406406406,3.133133133133133
0,0,42,0.6606606606606606,4.024024024024024
0,0,43,0.7107107107107107,3.793793793793794
0,0,44,0.6906906906906907,3.6136136136136137
0,0,45,0.5105105105105106,6.036036036036036
0,0,46,0.6306306306306306,3.7637637637637638
0,0,47,0.7107107107107107,3.023023023023023
0,0,48,0.5005005005005005,2.7827827827827827
0,0,49,0.5605605605605606,4.1441441441441444
