segment,memory,reaction_mean,reaction_std,retention_mean,retention_std
0,0,0.6012012012012012,0.2034667422833251,7.374174174174175,0.8225938018441725
