segment,memory,reaction_mean,reaction_std,retention_mean,retention_std
0,0,0.5747747747747748,0.12621478099781322,8.008008008008009,0.0
