segment,memory,reaction_mean,reaction_std,retention_mean,retention_std
0,0,0.5550925154192365,0.11768829520199693,20.05314219036506,9.993583043034665
