segment,memory,reaction_mean,reaction_std,retention_mean,retention_std
0,0,0.5966994499083181,0.19406169127968909,45.18633105517586,16.90676488061272
