segment,memory,trial,reaction_time,retention_time
0,0,0,1.0201700283380564,58.00966827804634
0,0,1,0.6601100183363894,58.00966827804634
0,0,2,0.5600933488914819,58.00966827804634
0,0,3,0.680113352225371,58.00966827804634
0,0,4,0.5400900150025004,58.00966827804634
0,0,5,1.2502083680613436,58.00966827804634
0,0,6,0.7001166861143524,58.00966827804634
0,0,7,0.5300883480580096,26.404400733455578
0,0,8,0.5800966827804634,18.71311885314219
0,0,9,1.3202200366727788,16.912818803133856
0,0,10,0.38006334389064844,58.00966827804634
0,0,11,0.5400900150025004,37.196199366561096
0,0,12,0.5300883480580096,58.00966827804634
0,0,13,0.5900983497249542,30.635105850975165
0,0,14,0.7301216869478246,15.792632105350892
0,0,15,0.6501083513918987,58.00966827804634
0,0,16,0.6301050175029171,14.04234039006501
0,0,17,0.6301050175029171,26.644440740123354
0,0,18,0.5300883480580096,54.40906817802967
0,0,19,0.4300716786131022,51.81863643940657
0,0,20,0.8001333555592599,18.623103850641776
0,0,21,0.4400733455575929,58.00966827804634
0,0,22,0.7001166861143524,58.00966827804634
0,0,23,0.49008168028004667,17.34289048174696
0,0,24,0.4400733455575929,58.00966827804634
0,0,25,0.5500916819469912,58.00966827804634
0,0,26,0.5000833472245374,58.00966827804634
0,0,27,0.4100683447241207,58.00966827804634
0,0,28,0.7801300216702785,58.00966827804634
0,0,29,0.46007667944657443,58.00966827804634
0,0,30,0.2900483413902317,27.11451908651442
0,0,31,0.5300883480580096,58.00966827804634
0,0,32,0.5300883480580096,44.8674779129855
0,0,33,0.360060010001667,58.00966827804634
0,0,34,0.5700950158359727,22.02367061176863
0,0,35,0.6101016836139357,58.00966827804634
0,0,36,0.7001166861143524,58.00966827804634
0,0,37,0.7001166861143524,30.375062510418402
0,0,38,0.5300883480580096,58.00966827804634
0,0,39,0.5700950158359727,14.502417069511585
0,0,40,0.4500750125020837,58.00966827804634
0,0,41,0.7901316886147691,58.00966827804634
0,0,42,0.5400900150025004,23.973995665944326
0,0,43,0.4100683447241207,21.25354225704284
0,0,44,0.3900650108351392,52.37872978829805
0,0,45,0.4700783463910652,58.00966827804634
0,0,46,0.7001166861143524,44.49741623603934
0,0,47,0.5800966827804634,58.00966827804634
0,0,48,0.5600933488914819,25.52425404234039
0,0,49,0.5000833472245374,58.00966827804634
