segment,memory,trial,reaction_time,retention_time
0,0,0,0.6106106106106106,1.2812812812812813
0,0,1,0.6606606606606606,1.6616616616616617
0,0,2,0.7607607607607607,1.4014014014014013
0,0,3,0.5205205205205206,1.1711711711711712
0,0,4,0.7607607607607607,1.2312312312312312
0,0,5,0.6206206206206206,0.960960960960961
0,0,6,0.6306306306306306,1.1911911911911912
0,0,7,0.6706706706706707,1.5515515515515514
0,0,8,0.6506506506506506,1.4414414414414414
0,0,9,0.7707707707707707,1.4414414414414414
0,0,10,0.41041041041041043,1.3613613613613613
0,0,11,0.5605605605605606,1.1911911911911912
0,0,12,0.5705705705705706,1.4114114114114114
0,0,13,0.40040040040040037,1.2012012012012012
0,0,14,0.42042042042042044,1.011011011011011
0,0,15,0.6106106106106106,1.4614614614614614
0,0,16,0.6406406406406406,1.4514514514514514
0,0,17,0.6106106106106106,1.4414414414414414
0,0,18,0.7707707707707707,1.0510510510510511
0,0,19,0.6106106106106106,1.3213213213213213
0,0,20,0.6506506506506506,1.3213213213213213
0,0,21,0.7107107107107107,1.3813813813813813
0,0,22,0.5805805805805806,1.2012012012012012
0,0,23,0.5005005005005005,1.3913913913913913
0,0,24,0.7107107107107107,1.6116116116116117
0,0,25,0.5005005005005005,1.1711711711711712
0,0,26,0.6306306306306306,1.2812812812812813
0,0,27,0.6706706706706707,1.3813813813813813
0,0,28,0.5005005005005005,1.3013013013013013
0,0,29,0.5805805805805806,1.1711711711711712
0,0,30,0.46046046046046046,1.5615615615615615
0,0,31,0.6906906906906907,1.3113113113113113
0,0,32,0.9009009009009009,1.001001001001001
0,0,33,0.7707707707707707,0.990990990990991
0,0,34,0.6206206206206206,1.7917917917917918
0,0,35,0.6206206206206206,0.9209209209209209
0,0,36,0.6106106106106106,1.2312312312312312
0,0,37,0.5605605605605606,2.1421421421421423
0,0,38,0.7607607607607607,1.1511511511511512
0,0,39,0.7507507507507507,1.2812812812812813
0,0,40,0.7607607607607607,1.941941941941942
0,0,41,0.6606606606606606,0.8108108108108109
0,0,42,0.6506506506506506,1.6516516516516517
0,0,43,0.6606606606606606,1.2812812812812813
0,0,44,0.6006006006006006,0.8608608608608609
0,0,45,0.7007007007007007,1.3913913913913913
0,0,46,0.5905905905905906,0.990990990990991
0,0,47,0.5005005005005005,1.3513513513513513
0,0,48,0.42042042042042044,1.3813813813813813
0,0,49,0.6406406406406406,1.1811811811811812
