segment,memory,reaction_mean,reaction_std,retention_mean,retention_std
0,0,0.6246246246246246,0.10718335307560993,1.3135135135135136,0.2583224657340625
