segment,memory,reaction_mean,reaction_std,retention_mean,retention_std
0,0,0.6206206206206206,0.09276290427700187,5.531931931931933,1.578238050205417
