segment,memory,reaction_mean,reaction_std,retention_mean,retention_std
0,0,1.0455455455455456,0.4096111476010918,4.35895895895896,3.3650125738941785
