segment,memory,reaction_mean,reaction_std,retention_mean,retention_std
0,0,0.5397397397397398,0.08367255962492999,1.3063063063063063,0.13154847342323817
