segment,memory,reaction_mean,reaction_std,retention_mean,retention_std
0,0,0.6615102517086181,0.09711722762485854,1.4604434072345394,0.20394964043422525
