segment,memory,trial,reaction_time,retention_time
0,0,0,0.6401066844474079,1.2902150358393065
0,0,1,0.6701116852808802,1.6602767127854643
0,0,2,0.6101016836139357,1.4802467077846309
0,0,3,0.5900983497249542,1.1501916986164362
0,0,4,0.6201033505584265,1.240206701116853
0,0,5,0.8101350225037507,1.350225037506251
0,0,6,0.7401233538923154,1.160193365560927
0,0,7,0.8801466911151858,1.0701783630605102
0,0,8,0.7001166861143524,1.4802467077846309
0,0,9,0.7001166861143524,1.4702450408401402
0,0,10,0.6101016836139357,1.1501916986164362
0,0,11,0.5800966827804634,1.3002167027837974
0,0,12,0.7801300216702785,1.630271711951992
0,0,13,0.5800966827804634,1.2902150358393065
0,0,14,0.6401066844474079,1.440240040006668
0,0,15,0.5900983497249542,1.4202367061176864
0,0,16,0.7301216869478246,1.6902817136189365
0,0,17,0.46007667944657443,1.6902817136189365
0,0,18,0.7501250208368062,2.0103350558426407
0,0,19,0.5800966827804634,1.6602767127854643
0,0,20,0.7401233538923154,1.4202367061176864
0,0,21,0.7301216869478246,1.7402900483413903
0,0,22,0.7601266877812969,1.5702617102850476
0,0,23,0.5700950158359727,1.3702283713952326
0,0,24,0.7001166861143524,1.4002333722287048
0,0,25,0.7101183530588432,1.2902150358393065
0,0,26,0.6701116852808802,1.5402567094515753
0,0,27,0.680113352225371,1.2602100350058343
0,0,28,0.6201033505584265,1.350225037506251
0,0,29,0.7101183530588432,1.5202533755625938
0,0,30,0.7001166861143524,1.710285047507918
0,0,31,0.6601100183363894,1.7602933822303717
0,0,32,0.6501083513918987,1.5202533755625938
0,0,33,0.7401233538923154,1.6602767127854643
0,0,34,0.5700950158359727,1.3002167027837974
0,0,35,0.8101350225037507,1.560260043340557
0,0,36,0.7001166861143524,1.4002333722287048
0,0,37,0.6001000166694449,1.4202367061176864
0,0,38,0.46007667944657443,1.7302883813968994
0,0,39,0.40006667777962995,1.2902150358393065
0,0,40,0.6301050175029171,1.4802467077846309
0,0,41,0.7001166861143524,1.910318386397733
0,0,42,0.6401066844474079,1.5902650441740291
0,0,43,0.6101016836139357,1.4902483747291215
0,0,44,0.8501416902817136,1.1001833638939824
0,0,45,0.6101016836139357,1.510251708618103
0,0,46,0.680113352225371,1.2802133688948159
0,0,47,0.6401066844474079,1.430238373062177
0,0,48,0.49008168028004667,1.4602433738956493
0,0,49,0.7801300216702785,1.3202200366727788
