segment,memory,reaction_mean,reaction_std,retention_mean,retention_std
0,0,0.6403067177862977,0.2912773993675958,56.86267711285214,8.110452308698777
