segment,memory,reaction_mean,reaction_std,retention_mean,retention_std
0,0,0.638038038038038,0.09140405377987203,2.7761761761761763,0.4406335875687676
