segment,memory,reaction_mean,reaction_std,retention_mean,retention_std
0,0,0.5221221221221222,0.1324178235621718,7.0994994994995,0.939804860039289
