segment,memory,reaction_mean,reaction_std,retention_mean,retention_std
0,0,0.6676676676676676,0.10701628546608809,1.689089089089089,0.2353454803324993
