segment,memory,reaction_mean,reaction_std,retention_mean,retention_std
0,0,0.5560926821136857,0.12757277233186323,58.00966827804634,0.0
