segment,memory,reaction_mean,reaction_std,retention_mean,retention_std
0,0,0.6892892892892892,0.08556165928491428,1.592992992992993,0.20613866178922693
