segment,memory,reaction_mean,reaction_std,retention_mean,retention_std
0,0,0.6179029838306385,0.10347363491936554,13.043573928988165,7.461591297948016
