segment,memory,reaction_mean,reaction_std,retention_mean,retention_std
0,0,0.5625625625625625,0.10166093285958086,3.282082082082082,0.5834778744429985
