segment,memory,reaction_mean,reaction_std,retention_mean,retention_std
0,0,0.2118118118118118,0.03806920575120269,8.008008008008009,0.0
