segment,memory,reaction_mean,reaction_std,retention_mean,retention_std
0,0,0.6967161193532256,0.09848654871401459,1.2212035339223204,0.1360186180886798
