segment,memory,reaction_mean,reaction_std,retention_mean,retention_std
0,0,0.467077846307718,0.09619295246710124,58.00966827804634,0.0
