segment,memory,reaction_mean,reaction_std,retention_mean,retention_std
0,0,0.6578578578578579,0.09198900323378316,2.208208208208208,0.34230542552798005
