segment,memory,reaction_mean,reaction_std,retention_mean,retention_std
0,0,0.2950950950950951,0.05461182762827528,8.007007007007008,0.0070781459578234274
