segment,memory,reaction_mean,reaction_std,retention_mean,retention_std
0,0,0.1691691691691692,0.0319917879610998,8.008008008008009,0.0
