segment,memory,trial,reaction_time,retention_time
0,0,0,0.6906906906906907,4.684684684684685
0,0,1,0.6506506506506506,2.9229229229229228
0,0,2,0.7307307307307307,2.4724724724724725
0,0,3,0.6806806806806807,7.327327327327327
0,0,4,0.5005005005005005,6.116116116116116
0,0,5,0.6406406406406406,3.2132132132132134
0,0,6,0.6406406406406406,5.115115115115115
0,0,7,0.6006006006006006,7.687687687687688
0,0,8,0.8208208208208209,4.934934934934935
0,0,9,0.6106106106106106,2.8828828828828827
0,0,10,0.5105105105105106,4.2642642642642645
0,0,11,0.5805805805805806,3.2432432432432434
0,0,12,0.5905905905905906,3.4934934934934936
0,0,13,0.7907907907907907,3.823823823823824
0,0,14,0.6806806806806807,3.923923923923924
0,0,15,0.6606606606606606,5.685685685685685
0,0,16,0.5405405405405406,5.345345345345345
0,0,17,0.8208208208208209,6.616616616616617
0,0,18,0.6006006006006006,4.834834834834835
0,0,19,0.4904904904904905,3.3433433433433435
0,0,20,0.5305305305305306,3.2532532532532534
0,0,21,0.6406406406406406,4.504504504504505
0,0,22,0.7007007007007007,6.036036036036036
0,0,23,0.6406406406406406,3.6336336336336337
0,0,24,0.7107107107107107,2.8628628628628627
0,0,25,0.6806806806806807,3.3433433433433435
0,0,26,0.5705705705705706,4.064064064064064
0,0,27,0.6306306306306306,2.7427427427427427
0,0,28,0.6706706706706707,4.594594594594595
0,0,29,0.6606606606606606,4.594594594594595
0,0,30,0.6906906906906907,5.485485485485485
0,0,31,0.8008008008008007,3.6336336336336337
0,0,32,0.7007007007007007,3.6136136136136137
0,0,33,0.6506506506506506,2.9129129129129128
0,0,34,0.5705705705705706,3.3633633633633635
0,0,35,0.7807807807807807,3.033033033033033
0,0,36,0.6406406406406406,3.193193193193193
0,0,37,0.5905905905905906,4.324324324324325
0,0,38,0.6506506506506506,4.1441441441441444
0,0,39,0.6306306306306306,2.6326326326326326
0,0,40,0.6306306306306306,5.685685685685685
0,0,41,0.7607607607607607,4.2242242242242245
0,0,42,0.6506506506506506,3.6836836836836837
0,0,43,0.7007007007007007,3.7737737737737738
0,0,44,0.5605605605605606,4.2342342342342345
0,0,45,0.5405405405405406,2.8228228228228227
0,0,46,0.6506506506506506,3.4834834834834836
0,0,47,0.6706706706706707,4.984984984984985
0,0,48,0.7407407407407407,4.864864864864865
0,0,49,0.5905905905905906,3.883883883883884
