segment,memory,reaction_mean,reaction_std,retention_mean,retention_std
0,0,0.6494494494494495,0.07994309134496434,4.190790790790791,1.2129069648011501
