segment,memory,reaction_mean,reaction_std,retention_mean,retention_std
0,0,0.2164164164164164,0.03920864696255734,8.008008008008009,0.0
