segment,memory,reaction_mean,reaction_std,retention_mean,retention_std
0,0,0.2930930930930931,0.04878967055495994,5.2994994994995,1.1604866279880526
