segment,memory,reaction_mean,reaction_std,retention_mean,retention_std
0,0,0.6071011835305885,0.1082553102668978,54.782330388398066,8.135936103447001
