segment,memory,reaction_mean,reaction_std,retention_mean,retention_std
0,0,0.5977977977977978,0.10447900087439738,4.234034034034034,1.2377411886202088
