segment,memory,reaction_mean,reaction_std,retention_mean,retention_std
0,0,0.6019003167194533,0.21842278671782542,37.39543257209535,19.270369662366427
