segment,memory,reaction_mean,reaction_std,retention_mean,retention_std
0,0,0.3403403403403404,0.0741673243522948,7.8808808808808815,0.41850085774793927
