segment,memory,reaction_mean,reaction_std,retention_mean,retention_std
0,0,0.5986997832972162,0.10756971932278925,14.232172028671446,6.015604726838529
