segment,memory,reaction_mean,reaction_std,retention_mean,retention_std
0,0,0.5442907151191866,0.1136436361108753,58.00966827804634,0.0
