segment,memory,reaction_mean,reaction_std,retention_mean,retention_std
0,0,0.2316316316316316,0.03420125783433857,5.812612612612612,1.0581535965486994
