segment,memory,reaction_mean,reaction_std,retention_mean,retention_std
0,0,0.18158158158158158,0.0317196108151789,8.008008008008009,0.0
