segment,memory,reaction_mean,reaction_std,retention_mean,retention_std
0,0,0.1885885885885886,0.029539828591277805,5.183983983983984,0.9058393468827813
