segment,memory,trial,reaction_time,retention_time
0,0,0,1.901901901901902,0.6906906906906907
0,0,1,1.5515515515515514,1.0410410410410411
0,0,2,0.950950950950951,1.2212212212212212
0,0,3,1.4814814814814814,0.7507507507507507
0,0,4,1.2112112112112112,1.5715715715715715
0,0,5,1.001001001001001,1.6516516516516517
0,0,6,1.3113113113113113,0.9109109109109109
0,0,7,1.3113113113113113,2.4024024024024024
0,0,8,1.2212212212212212,1.7017017017017018
0,0,9,1.3413413413413413,0.7707707707707707
0,0,10,1.2812812812812813,0.7007007007007007
0,0,11,1.2212212212212212,1.3313313313313313
0,0,12,1.6116116116116117,1.3713713713713713
0,0,13,1.0610610610610611,0.980980980980981
0,0,14,1.4414414414414414,0.24024024024024024
0,0,15,1.6416416416416417,1.4714714714714714
0,0,16,0.8408408408408409,0.7607607607607607
0,0,17,1.3513513513513513,0.5905905905905906
0,0,18,1.5215215215215214,0.6106106106106106
0,0,19,1.8318318318318318,0.2902902902902903
0,0,20,1.5015015015015014,0.7807807807807807
0,0,21,1.2112112112112112,1.4514514514514514
0,0,22,1.3313313313313313,0.6506506506506506
0,0,23,1.3613613613613613,1.031031031031031
0,0,24,1.2612612612612613,1.7917917917917918
0,0,25,1.0610610610610611,0.6506506506506506
0,0,26,1.031031031031031,2.032032032032032
0,0,27,1.4014014014014013,1.1811811811811812
0,0,28,1.2712712712712713,1.0610610610610611
0,0,29,1.8818818818818819,0.990990990990991
0,0,30,1.0810810810810811,1.7717717717717718
0,0,31,1.5615615615615615,1.011011011011011
0,0,32,1.3513513513513513,1.3113113113113113
0,0,33,1.4914914914914914,0.5505505505505506
0,0,34,0.7507507507507507,1.3713713713713713
0,0,35,2.1921921921921923,0.0
0,0,36,1.5915915915915915,1.1511511511511512
0,0,37,1.8418418418418419,0.35035035035035034
0,0,38,1.2312312312312312,0.960960960960961
0,0,39,1.5615615615615615,1.1611611611611612
0,0,40,1.4914914914914914,0.7207207207207207
0,0,41,1.4014014014014013,1.4414414414414414
0,0,42,1.4214214214214214,1.3013013013013013
0,0,43,0.8808808808808809,1.7917917917917918
0,0,44,1.2712712712712713,1.5415415415415414
0,0,45,2.022022022022022,0.5605605605605606
0,0,46,1.5115115115115114,0.35035035035035034
0,0,47,1.3213213213213213,1.8018018018018018
0,0,48,1.5215215215215214,1.0510510510510511
0,0,49,1.7517517517517518,0.6006006006006006
