segment,memory,reaction_mean,reaction_std,retention_mean,retention_std
0,0,1.392992992992993,0.29942304092408323,1.0696696696696697,0.5088716297833986
