segment,memory,reaction_mean,reaction_std,retention_mean,retention_std
0,0,0.4750791798633106,0.06906487674768813,58.00966827804634,0.0
