segment,memory,reaction_mean,reaction_std,retention_mean,retention_std
0,0,0.6079013168861477,0.11511080790821845,57.56299383230538,2.227357484830665
