segment,memory,reaction_mean,reaction_std,retention_mean,retention_std
0,0,1.2932932932932935,0.23376915300351148,4.954354354354354,1.8884298176921452
