segment,memory,reaction_mean,reaction_std,retention_mean,retention_std
0,0,0.3183183183183183,0.04114827561829875,4.2694694694694695,0.7598873133622382
