segment,memory,trial,reaction_time,retention_time
0,0,0,0.6901150191698616,2.1703617269544924
0,0,1,0.49008168028004667,1.9303217202867144
0,0,2,0.5500916819469912,2.2403733955659275
0,0,3,0.6001000166694449,1.7002833805634272
0,0,4,0.5900983497249542,2.230371728621437
0,0,5,0.7401233538923154,2.4904150691781965
0,0,6,0.5500916819469912,2.0403400566761127
0,0,7,0.31005167527921323,2.060343390565094
0,0,8,0.5700950158359727,1.9303217202867144
0,0,9,0.6901150191698616,1.750291715285881
0,0,10,0.6601100183363894,2.3303883980663445
0,0,11,0.6401066844474079,1.9403233872312053
0,0,12,0.7901316886147691,2.150358393065511
0,0,13,0.6001000166694449,1.9803300550091683
0,0,14,0.5800966827804634,2.4004000666777796
0,0,15,0.5600933488914819,2.2603767294549093
0,0,16,0.6901150191698616,1.6002667111185198
0,0,17,0.8301383563927321,2.630438406401067
0,0,18,0.6501083513918987,1.9003167194532422
0,0,19,0.6301050175029171,1.9203200533422238
0,0,20,0.7301216869478246,2.110351725287548
0,0,21,0.6401066844474079,2.320386731121854
0,0,22,0.5800966827804634,2.030338389731622
0,0,23,0.5800966827804634,2.0503417236206034
0,0,24,0.6601100183363894,2.1203533922320386
0,0,25,0.6501083513918987,2.2503750625104186
0,0,26,0.5900983497249542,1.950325054175696
0,0,27,0.48008001333555594,2.550425070845141
0,0,28,0.5500916819469912,2.0203367227871314
0,0,29,0.680113352225371,2.080346724454076
0,0,30,0.520086681113519,1.8003000500083348
0,0,31,0.6401066844474079,2.0103350558426407
0,0,32,0.6001000166694449,2.2703783963994
0,0,33,0.6001000166694449,1.5002500416736124
0,0,34,0.6201033505584265,2.1603600600100017
0,0,35,0.5600933488914819,1.8803133855642609
0,0,36,0.6301050175029171,1.9203200533422238
0,0,37,0.7501250208368062,1.87031171861977
0,0,38,0.7301216869478246,1.7602933822303717
0,0,39,0.6901150191698616,2.180363393898983
0,0,40,0.5900983497249542,2.2703783963994
0,0,41,0.6701116852808802,2.070345057509585
0,0,42,0.5400900150025004,1.6902817136189365
0,0,43,0.720120020003334,2.510418403067178
0,0,44,0.5800966827804634,1.9703283880646776
0,0,45,0.6401066844474079,2.2103683947324555
0,0,46,0.6501083513918987,2.0203367227871314
0,0,47,0.7101183530588432,2.2403733955659275
0,0,48,0.7101183530588432,1.7902983830638441
0,0,49,0.5800966827804634,1.990331721953659
