segment,memory,reaction_mean,reaction_std,retention_mean,retention_std
0,0,0.6257042840473412,0.08717284125366079,2.06514419069845,0.24236956892796144
