segment,memory,reaction_mean,reaction_std,retention_mean,retention_std
0,0,0.6180196699449908,0.2738288909298557,53.465510918486416,15.568159724300358
