segment,memory,reaction_mean,reaction_std,retention_mean,retention_std
0,0,0.5768961493582264,0.11482936318604897,48.8287381230205,13.599882946362825
