segment,memory,reaction_mean,reaction_std,retention_mean,retention_std
0,0,0.5671671671671672,0.079506279126183,2.0294294294294293,0.23079186438805868
