segment,memory,reaction_mean,reaction_std,retention_mean,retention_std
0,0,0.6026026026026026,0.09448836571818549,7.02962962962963,1.018963691753034
