segment,memory,reaction_mean,reaction_std,retention_mean,retention_std
0,0,1.6660563002026418,0.7769697576025033,2.8834834834834835,2.512364307253332
