segment,memory,reaction_mean,reaction_std,retention_mean,retention_std
0,0,0.553953953953954,0.06476533152151803,6.388388388388389,1.350298490412473
