segment,memory,reaction_mean,reaction_std,retention_mean,retention_std
0,0,0.6006006006006006,0.10046714182897351,7.496696696696697,0.9603539549512543
