segment,memory,reaction_mean,reaction_std,retention_mean,retention_std
0,0,0.22462462462462462,0.03041300738008511,7.681681681681682,0.62577228572502
