segment,memory,reaction_mean,reaction_std,retention_mean,retention_std
0,0,0.6069011501916987,0.18196370822960142,32.71005167527922,17.151584403579616
