segment,memory,reaction_mean,reaction_std,retention_mean,retention_std
0,0,0.6401066844474079,0.09193365337353607,4.746791131855309,1.2278172188452483
