segment,memory,reaction_mean,reaction_std,retention_mean,retention_std
0,0,0.5710951825304218,0.09676427507014272,22.247707951325225,15.53282843125889
