segment,memory,reaction_mean,reaction_std,retention_mean,retention_std
0,0,0.7573573573573573,0.1357011835158559,4.663263263263263,1.4804403755312874
