segment,memory,trial,reaction_time,retention_time
0,0,0,0.6606606606606606,5.905905905905906
0,0,1,0.9309309309309309,3.5335335335335336
0,0,2,0.7007007007007007,3.4534534534534536
0,0,3,1.0610610610610611,3.163163163163163
0,0,4,0.7507507507507507,3.093093093093093
0,0,5,0.7807807807807807,4.364364364364365
0,0,6,0.7707707707707707,5.115115115115115
0,0,7,0.7507507507507507,4.2142142142142145
0,0,8,0.7507507507507507,4.374374374374375
0,0,9,0.7307307307307307,7.5675675675675675
0,0,10,0.6306306306306306,4.764764764764765
0,0,11,0.6306306306306306,7.597597597597598
0,0,12,0.6906906906906907,3.7337337337337337
0,0,13,0.8708708708708709,3.183183183183183
0,0,14,0.6406406406406406,4.814814814814815
0,0,15,0.7807807807807807,5.8258258258258255
0,0,16,0.6906906906906907,4.454454454454455
0,0,17,0.8808808808808809,3.003003003003003
0,0,18,0.8308308308308309,5.225225225225225
0,0,19,0.7307307307307307,4.054054054054054
0,0,20,0.7607607607607607,3.813813813813814
0,0,21,0.7507507507507507,4.544544544544545
0,0,22,0.8308308308308309,6.526526526526527
0,0,23,0.7407407407407407,3.4834834834834836
0,0,24,0.6706706706706707,4.534534534534535
0,0,25,0.6806806806806807,7.5575575575575575
0,0,26,1.031031031031031,4.554554554554555
0,0,27,0.7807807807807807,3.6236236236236237
0,0,28,0.980980980980981,8.008008008008009
0,0,29,0.6106106106106106,7.127127127127127
0,0,30,0.8608608608608609,4.584584584584585
0,0,31,1.0810810810810811,4.014014014014014
0,0,32,0.5705705705705706,3.053053053053053
0,0,33,0.6806806806806807,3.153153153153153
0,0,34,0.6706706706706707,4.654654654654655
0,0,35,0.7307307307307307,2.8728728728728727
0,0,36,0.7207207207207207,3.933933933933934
0,0,37,0.6006006006006006,8.008008008008009
0,0,38,0.47047047047047047,5.7357357357357355
0,0,39,0.8708708708708709,2.7727727727727727
0,0,40,0.9309309309309309,2.8928928928928928
0,0,41,0.7807807807807807,5.425425425425425
0,0,42,0.7507507507507507,3.003003003003003
0,0,43,0.4804804804804805,5.315315315315315
0,0,44,0.8808808808808809,2.962962962962963
0,0,45,0.8408408408408409,6.936936936936937
0,0,46,0.7507507507507507,4.114114114114114
0,0,47,0.9009009009009009,5.115115115115115
0,0,48,0.7007007007007007,4.494494494494495
0,0,49,0.4904904904904905,4.904904904904905
