segment,memory,reaction_mean,reaction_std,retention_mean,retention_std
0,0,0.18158158158158158,0.025501380328134145,5.431031031031031,0.8203427522028759
