segment,memory,reaction_mean,reaction_std,retention_mean,retention_std
0,0,0.6033005500916819,0.0894220211332926,10.526154359059845,4.157717084681789
