segment,memory,reaction_mean,reaction_std,retention_mean,retention_std
0,0,0.47107107107107105,0.08873870388453543,2.568568568568568,0.4639996575334394
