segment,memory,reaction_mean,reaction_std,retention_mean,retention_std
0,0,0.5738391452677167,0.1671050645372862,7.847847847847849,1.132503353251728
