segment,memory,reaction_mean,reaction_std,retention_mean,retention_std
0,0,0.35475475475475476,0.05419535627957756,4.864064064064064,1.034492804316035
