segment,memory,reaction_mean,reaction_std,retention_mean,retention_std
0,0,0.14574574574574575,0.025190764917894796,8.008008008008009,0.0
