segment,memory,reaction_mean,reaction_std,retention_mean,retention_std
0,0,0.6947157859643274,0.09568139286035046,1.5912652108684782,0.2580040007249754
