segment,memory,reaction_mean,reaction_std,retention_mean,retention_std
0,0,0.15715715715715717,0.025600620320274787,7.474074074074075,0.8163532616720715
