segment,memory,reaction_mean,reaction_std,retention_mean,retention_std
0,0,0.5748958159693283,0.12188072205168334,47.41770295049175,15.31087627747284
