segment,memory,trial,reaction_time,retention_time
0,0,0,0.5305305305305306,1.0510510510510511
0,0,1,0.5705705705705706,1.4914914914914914
0,0,2,0.6206206206206206,1.5815815815815815
0,0,3,0.7707707707707707,1.5015015015015014
0,0,4,0.44044044044044045,1.5715715715715715
0,0,5,0.5405405405405406,1.6716716716716717
0,0,6,0.8108108108108109,1.5915915915915915
0,0,7,0.46046046046046046,1.991991991991992
0,0,8,0.8508508508508509,1.8518518518518519
0,0,9,0.8008008008008007,2.002002002002002
0,0,10,0.6406406406406406,1.2612612612612613
0,0,11,0.6806806806806807,1.6716716716716717
0,0,12,0.7607607607607607,1.5415415415415414
0,0,13,0.7307307307307307,1.2612612612612613
0,0,14,0.7407407407407407,1.901901901901902
0,0,15,0.5805805805805806,1.3513513513513513
0,0,16,0.7307307307307307,1.901901901901902
0,0,17,0.970970970970971,1.3613613613613613
0,0,18,0.7007007007007007,1.5615615615615615
0,0,19,0.6906906906906907,1.6416416416416417
0,0,20,0.7807807807807807,1.7017017017017018
0,0,21,0.7907907907907907,1.3513513513513513
0,0,22,0.7507507507507507,1.4314314314314314
0,0,23,0.7907907907907907,1.6616616616616617
0,0,24,0.7707707707707707,1.5415415415415414
0,0,25,0.7407407407407407,1.3613613613613613
0,0,26,0.7107107107107107,1.3713713713713713
0,0,27,0.5705705705705706,1.5615615615615615
0,0,28,0.6206206206206206,1.2412412412412412
0,0,29,0.5405405405405406,1.961961961961962
0,0,30,0.6606606606606606,1.6116116116116117
0,0,31,0.7307307307307307,1.0710710710710711
0,0,32,0.42042042042042044,1.2612612612612613
0,0,33,0.6906906906906907,1.6416416416416417
0,0,34,0.6706706706706707,1.5215215215215214
0,0,35,0.7007007007007007,1.1311311311311312
0,0,36,0.6106106106106106,1.3013013013013013
0,0,37,0.7507507507507507,1.3513513513513513
0,0,38,0.7707707707707707,1.0910910910910911
0,0,39,0.8308308308308309,1.5515515515515514
0,0,40,0.5405405405405406,1.8318318318318318
0,0,41,0.7007007007007007,1.6216216216216217
0,0,42,0.7007007007007007,2.042042042042042
0,0,43,0.6806806806806807,1.7117117117117118
0,0,44,0.6706706706706707,1.2412412412412412
0,0,45,0.7307307307307307,1.2612612612612613
0,0,46,0.5805805805805806,1.3613613613613613
0,0,47,0.7907907907907907,1.4514514514514514
0,0,48,0.7707707707707707,1.7717717717717718
0,0,49,1.1111111111111112,1.8918918918918919
