segment,memory,reaction_mean,reaction_std,retention_mean,retention_std
0,0,0.696096096096096,0.12532247312205752,1.5333333333333334,0.2571513962933414
