segment,memory,reaction_mean,reaction_std,retention_mean,retention_std
0,0,0.6716716716716716,0.11187419488719659,2.7805805805805806,0.656229790787226
