segment,memory,reaction_mean,reaction_std,retention_mean,retention_std
0,0,0.6031005167527922,0.1026010628016838,12.570495082513753,6.0046783465604925
