segment,memory,reaction_mean,reaction_std,retention_mean,retention_std
0,0,0.23463463463463463,0.045990055426888554,4.082282282282282,0.6352255320628649
