segment,memory,reaction_mean,reaction_std,retention_mean,retention_std
0,0,0.5782963827304551,0.12573020818071867,58.00966827804634,0.0
