segment,memory,reaction_mean,reaction_std,retention_mean,retention_std
0,0,0.8848848848848848,0.11454302527956976,1.1747747747747748,0.19449869950066598
