segment,memory,trial,reaction_time,retention_time
0,0,0,1.031031031031031,0.960960960960961
0,0,1,0.8208208208208209,1.3313313313313313
0,0,2,1.0610610610610611,1.2512512512512513
0,0,3,0.8508508508508509,1.4014014014014013
0,0,4,0.8508508508508509,0.9309309309309309
0,0,5,0.7907907907907907,1.1611611611611612
0,0,6,0.9309309309309309,1.2612612612612613
0,0,7,1.011011011011011,1.4614614614614614
0,0,8,0.7907907907907907,1.021021021021021
0,0,9,0.9409409409409409,1.0410410410410411
0,0,10,0.9409409409409409,0.7807807807807807
0,0,11,1.001001001001001,0.990990990990991
0,0,12,0.8808808808808809,1.0510510510510511
0,0,13,0.960960960960961,0.950950950950951
0,0,14,0.8908908908908909,1.6216216216216217
0,0,15,0.970970970970971,1.021021021021021
0,0,16,0.8408408408408409,1.031031031031031
0,0,17,0.9109109109109109,0.9109109109109109
0,0,18,1.001001001001001,1.2012012012012012
0,0,19,1.031031031031031,1.2812812812812813
0,0,20,0.7607607607607607,0.950950950950951
0,0,21,0.970970970970971,0.9409409409409409
0,0,22,0.9309309309309309,1.0410410410410411
0,0,23,0.7607607607607607,1.1111111111111112
0,0,24,0.950950950950951,1.1011011011011012
0,0,25,0.9409409409409409,1.1511511511511512
0,0,26,0.7407407407407407,1.4714714714714714
0,0,27,0.960960960960961,1.0710710710710711
0,0,28,0.6206206206206206,1.1911911911911912
0,0,29,0.8308308308308309,1.3813813813813813
0,0,30,0.8508508508508509,1.2812812812812813
0,0,31,0.6706706706706707,1.0510510510510511
0,0,32,0.9409409409409409,1.2512512512512513
0,0,33,0.9309309309309309,1.1411411411411412
0,0,34,0.7707707707707707,1.2012012012012012
0,0,35,0.990990990990991,1.5615615615615615
0,0,36,1.1811811811811812,1.0410410410410411
0,0,37,0.7207207207207207,1.3813813813813813
0,0,38,0.970970970970971,1.1411411411411412
0,0,39,0.9109109109109109,1.3913913913913913
0,0,40,0.8208208208208209,1.2612612612612613
0,0,41,0.6706706706706707,1.5415415415415414
0,0,42,0.990990990990991,1.4614614614614614
0,0,43,0.9009009009009009,1.3313313313313313
0,0,44,0.9309309309309309,1.2012012012012012
0,0,45,0.9009009009009009,1.011011011011011
0,0,46,0.8308308308308309,0.970970970970971
0,0,47,0.7107107107107107,1.3613613613613613
0,0,48,0.7007007007007007,1.0410410410410411
0,0,49,0.8708708708708709,1.0410410410410411
