segment,memory,reaction_mean,reaction_std,retention_mean,retention_std
0,0,0.14034034034034035,0.02283439609052029,8.008008008008009,0.0
