segment,memory,reaction_mean,reaction_std,retention_mean,retention_std
0,0,0.5876979496582764,0.1423019726806228,29.628538089681616,13.075324425737849
