segment,memory,trial,reaction_time,retention_time
0,0,0,0.6001000166694449,27.094515752625437
0,0,1,0.5300883480580096,21.623603933989
0,0,2,0.6201033505584265,23.473912318719787
0,0,3,0.5800966827804634,58.00966827804634
0,0,4,0.5800966827804634,14.402400400066679
0,0,5,0.5500916819469912,38.4864144024004
0,0,6,0.49008168028004667,35.435905984330724
0,0,7,0.5100850141690282,58.00966827804634
0,0,8,0.6101016836139357,32.115352558759795
0,0,9,0.520086681113519,14.052342057009502
0,0,10,0.9801633605600933,26.61443573928988
0,0,11,0.720120020003334,23.123853975662612
0,0,12,0.42007001166861146,14.722453742290382
0,0,13,0.5400900150025004,17.522920486747793
0,0,14,0.8301383563927321,11.271878646441074
0,0,15,0.5700950158359727,20.31338556426071
0,0,16,0.3900650108351392,26.374395732622105
0,0,17,0.5400900150025004,14.542423737289548
0,0,18,0.680113352225371,28.214702450408403
0,0,19,0.6001000166694449,16.892815469244876
0,0,20,1.0201700283380564,35.245874312385396
0,0,21,0.49008168028004667,33.80563427237873
0,0,22,0.5700950158359727,58.00966827804634
0,0,23,0.4700783463910652,43.787297882980496
0,0,24,0.5300883480580096,17.382897149524922
0,0,25,0.30005000833472245,16.55275879313219
0,0,26,0.6901150191698616,57.05950991831972
0,0,27,0.9101516919486582,29.09484914152359
0,0,28,0.4500750125020837,39.47657942990499
0,0,29,0.5000833472245374,28.774795799299884
0,0,30,0.3900650108351392,44.167361226871144
0,0,31,0.8701450241706952,28.564760793465577
0,0,32,0.4400733455575929,18.83313885647608
0,0,33,0.6901150191698616,14.152358726454409
0,0,34,0.6101016836139357,11.001833638939823
0,0,35,0.5900983497249542,36.28604767461243
0,0,36,0.49008168028004667,43.58726454409069
0,0,37,0.6501083513918987,21.793632272045343
0,0,38,0.48008001333555594,33.625604267377895
0,0,39,0.6001000166694449,27.724620770128357
0,0,40,0.6201033505584265,16.28271378563094
0,0,41,0.6101016836139357,38.206367727954664
0,0,42,0.5100850141690282,35.99599933322221
0,0,43,0.5400900150025004,20.893482247041174
0,0,44,0.6901150191698616,33.02550425070845
0,0,45,0.5800966827804634,35.605934322387064
0,0,46,0.5900983497249542,27.21453575595933
0,0,47,0.5500916819469912,35.245874312385396
0,0,48,0.46007667944657443,58.00966827804634
0,0,49,0.6301050175029171,19.723287214535755
