segment,memory,reaction_mean,reaction_std,retention_mean,retention_std
0,0,0.6067011168528088,0.11748620677669355,57.746824470745125,1.324271453892437
