segment,memory,reaction_mean,reaction_std,retention_mean,retention_std
0,0,0.6819136522753793,0.0944461494790564,1.8255042507084513,0.3218612930311125
