segment,memory,reaction_mean,reaction_std,retention_mean,retention_std
0,0,0.6546546546546547,0.09541442767116988,2.4524524524524525,0.43560857442143
