segment,memory,reaction_mean,reaction_std,retention_mean,retention_std
0,0,0.6699116519419904,0.08290765218259409,1.5390565094182365,0.18216778418548613
