segment,memory,reaction_mean,reaction_std,retention_mean,retention_std
0,0,0.23343343343343342,0.03263663037597815,5.103303303303304,0.9540793146776463
