segment,memory,reaction_mean,reaction_std,retention_mean,retention_std
0,0,0.5726954492415403,0.12900196079920426,55.90791798633106,7.502304734501898
