segment,memory,reaction_mean,reaction_std,retention_mean,retention_std
0,0,0.6082082082082082,0.18486948758900343,8.008008008008009,0.0
