segment,memory,reaction_mean,reaction_std,retention_mean,retention_std
0,0,0.6041006834472412,0.09126503611175948,3.9414569094849146,0.8305055358089526
