segment,memory,reaction_mean,reaction_std,retention_mean,retention_std
0,0,0.4268268268268268,0.06679071170450185,4.525725725725726,0.9623848853969024
