segment,memory,reaction_mean,reaction_std,retention_mean,retention_std
0,0,0.6086086086086087,0.10375150663358818,4.205605605605606,1.01211983730688
