segment,memory,reaction_mean,reaction_std,retention_mean,retention_std
0,0,0.3653653653653654,0.08965208042752275,8.008008008008009,0.0
