segment,memory,reaction_mean,reaction_std,retention_mean,retention_std
0,0,0.6894894894894895,0.08922658905707664,1.2426426426426427,0.18373164564821556
