segment,memory,reaction_mean,reaction_std,retention_mean,retention_std
0,0,0.6082082082082082,0.09798505033999105,7.699899899899901,0.7613553498632281
