segment,memory,reaction_mean,reaction_std,retention_mean,retention_std
0,0,1.9552886219552887,0.6992155002065832,0.1133133133133133,0.403409663729751
