segment,memory,reaction_mean,reaction_std,retention_mean,retention_std
0,0,0.6085014169028171,0.12293343304376597,58.00966827804634,0.0
