segment,memory,reaction_mean,reaction_std,retention_mean,retention_std
0,0,0.5481481481481482,0.17453704940307876,8.008008008008009,0.0
