segment,memory,reaction_mean,reaction_std,retention_mean,retention_std
0,0,0.4554759126521087,0.10117767652566315,58.00966827804634,0.0
