segment,memory,reaction_mean,reaction_std,retention_mean,retention_std
0,0,0.2078078078078078,0.03188358074502339,5.185785785785786,1.0587814216603337
