segment,memory,reaction_mean,reaction_std,retention_mean,retention_std
0,0,0.11991991991991992,0.018916059780891937,7.996396396396396,0.06027621416811424
