segment,memory,reaction_mean,reaction_std,retention_mean,retention_std
0,0,0.1825825825825826,0.029205656882527648,5.079479479479479,0.8042462294542311
