segment,memory,reaction_mean,reaction_std,retention_mean,retention_std
0,0,0.5154859143190532,0.11296110938416326,58.00966827804634,0.0
