segment,memory,reaction_mean,reaction_std,retention_mean,retention_std
0,0,0.5918986497749625,0.14866061445601458,17.443907317886314,6.591316798852988
