segment,memory,trial,reaction_time,retention_time
0,0,0,0.5005005005005005,3.4634634634634636
0,0,1,0.6606606606606606,3.2732732732732734
0,0,2,0.7607607607607607,3.5335335335335336
0,0,3,0.5405405405405406,5.245245245245245
0,0,4,0.5405405405405406,3.5035035035035036
0,0,5,0.5505505505505506,6.006006006006006
0,0,6,0.8408408408408409,4.734734734734735
0,0,7,0.6906906906906907,4.604604604604605
0,0,8,0.6606606606606606,7.917917917917918
0,0,9,0.6106106106106106,5.115115115115115
0,0,10,0.6106106106106106,4.054054054054054
0,0,11,0.6106106106106106,4.724724724724725
0,0,12,0.6106106106106106,5.035035035035035
0,0,13,0.46046046046046046,8.008008008008009
0,0,14,0.47047047047047047,4.984984984984985
0,0,15,0.6606606606606606,4.2442442442442445
0,0,16,0.7207207207207207,5.545545545545545
0,0,17,0.5605605605605606,4.554554554554555
0,0,18,0.7307307307307307,5.6956956956956954
0,0,19,0.46046046046046046,7.837837837837838
0,0,20,0.5805805805805806,3.3233233233233235
0,0,21,0.8508508508508509,6.876876876876877
0,0,22,0.45045045045045046,3.2832832832832834
0,0,23,0.5205205205205206,8.008008008008009
0,0,24,0.4904904904904905,4.754754754754755
0,0,25,0.7707707707707707,4.844844844844845
0,0,26,0.5405405405405406,5.095095095095095
0,0,27,0.5805805805805806,5.865865865865866
0,0,28,0.6006006006006006,5.445445445445445
0,0,29,0.7207207207207207,5.8358358358358355
0,0,30,0.6706706706706707,6.316316316316316
0,0,31,0.7107107107107107,8.008008008008009
0,0,32,0.6706706706706707,4.434434434434435
0,0,33,0.5805805805805806,6.346346346346346
0,0,34,0.6206206206206206,8.008008008008009
0,0,35,0.6506506506506506,5.125125125125125
0,0,36,0.6406406406406406,4.714714714714715
0,0,37,0.7607607607607607,6.186186186186186
0,0,38,0.6606606606606606,6.166166166166166
0,0,39,0.6406406406406406,4.2142142142142145
0,0,40,0.5805805805805806,4.854854854854855
0,0,41,0.7607607607607607,6.376376376376376
0,0,42,0.5905905905905906,8.008008008008009
0,0,43,0.6606606606606606,4.884884884884885
0,0,44,0.37037037037037035,4.984984984984985
0,0,45,0.7207207207207207,5.305305305305305
0,0,46,0.7407407407407407,7.267267267267267
0,0,47,0.6006006006006006,8.008008008008009
0,0,48,0.7807807807807807,8.008008008008009
0,0,49,0.5905905905905906,5.955955955955956
