segment,memory,reaction_mean,reaction_std,retention_mean,retention_std
0,0,0.6272272272272272,0.10447058440630597,5.571771771771772,1.4538507296431005
