segment,memory,reaction_mean,reaction_std,retention_mean,retention_std
0,0,0.3931931931931932,0.05152134607029934,4.344144144144144,1.0490841552306607
