segment,memory,reaction_mean,reaction_std,retention_mean,retention_std
0,0,0.4696696696696697,0.06032640309637383,4.74974974974975,1.5188072721707497
