segment,memory,reaction_mean,reaction_std,retention_mean,retention_std
0,0,0.5787787787787788,0.1009076534594818,7.735935935935936,0.7061679214661116
