segment,memory,reaction_mean,reaction_std,retention_mean,retention_std
0,0,0.6048048048048048,0.10028562407644842,4.578778778778779,1.2232357778825962
