segment,memory,reaction_mean,reaction_std,retention_mean,retention_std
0,0,0.5758959826637774,0.1154614280585732,58.00966827804634,0.0
