segment,memory,reaction_mean,reaction_std,retention_mean,retention_std
0,0,0.19099099099099098,0.029503809465027998,5.374974974974975,1.0576365595028687
