segment,memory,trial,reaction_time,retention_time
0,0,0,0.36036036036036034,3.7737737737737738
0,0,1,0.3303303303303303,4.794794794794795
0,0,2,0.3203203203203203,4.324324324324325
0,0,3,0.37037037037037035,4.2442442442442445
0,0,4,0.37037037037037035,4.2642642642642645
0,0,5,0.3003003003003003,4.614614614614615
0,0,6,0.3003003003003003,4.104104104104104
0,0,7,0.35035035035035034,4.954954954954955
0,0,8,0.3103103103103103,3.943943943943944
0,0,9,0.41041041041041043,4.2242242242242245
0,0,10,0.24024024024024024,3.943943943943944
0,0,11,0.3303303303303303,5.475475475475475
0,0,12,0.2802802802802803,5.555555555555555
0,0,13,0.34034034034034033,4.054054054054054
0,0,14,0.2802802802802803,4.2242242242242245
0,0,15,0.34034034034034033,5.435435435435435
0,0,16,0.35035035035035034,5.395395395395395
0,0,17,0.2602602602602603,5.195195195195195
0,0,18,0.34034034034034033,4.374374374374375
0,0,19,0.35035035035035034,6.986986986986987
0,0,20,0.34034034034034033,4.934934934934935
0,0,21,0.46046046046046046,3.5535535535535536
0,0,22,0.2602602602602603,4.814814814814815
0,0,23,0.42042042042042044,4.1641641641641645
0,0,24,0.37037037037037035,4.854854854854855
0,0,25,0.3203203203203203,3.913913913913914
0,0,26,0.3103103103103103,4.804804804804805
0,0,27,0.3103103103103103,5.8158158158158155
0,0,28,0.36036036036036034,6.586586586586587
0,0,29,0.22022022022022023,4.884884884884885
0,0,30,0.3303303303303303,3.6336336336336337
0,0,31,0.2802802802802803,6.236236236236236
0,0,32,0.3203203203203203,4.2142142142142145
0,0,33,0.2802802802802803,5.225225225225225
0,0,34,0.2602602602602603,4.124124124124124
0,0,35,0.3003003003003003,3.6536536536536537
0,0,36,0.3003003003003003,5.675675675675675
0,0,37,0.17017017017017017,3.863863863863864
0,0,38,0.3103103103103103,5.665665665665665
0,0,39,0.3103103103103103,4.604604604604605
0,0,40,0.35035035035035034,4.924924924924925
0,0,41,0.38038038038038036,3.5035035035035036
0,0,42,0.3103103103103103,3.7137137137137137
0,0,43,0.35035035035035034,6.356356356356356
0,0,44,0.2902902902902903,3.053053053053053
0,0,45,0.38038038038038036,3.843843843843844
0,0,46,0.34034034034034033,4.1541541541541545
0,0,47,0.34034034034034033,6.106106106106106
0,0,48,0.3303303303303303,6.366366366366366
0,0,49,0.24024024024024024,4.2642642642642645
