segment,memory,reaction_mean,reaction_std,retention_mean,retention_std
0,0,0.32172172172172175,0.05124156271419592,4.7079079079079085,0.9131394808891954
