segment,memory,reaction_mean,reaction_std,retention_mean,retention_std
0,0,0.5713713713713714,0.09534667909250608,2.1047047047047047,0.3407355243282962
