segment,memory,reaction_mean,reaction_std,retention_mean,retention_std
0,0,0.1701701701701702,0.03146003146003146,8.008008008008009,0.0
