segment,memory,reaction_mean,reaction_std,retention_mean,retention_std
0,0,0.8038038038038039,0.13112809019861035,1.318918918918919,0.30244148232279416
