segment,memory,reaction_mean,reaction_std,retention_mean,retention_std
0,0,0.19079079079079078,0.032193140430774154,8.008008008008009,0.0
