segment,memory,reaction_mean,reaction_std,retention_mean,retention_std
0,0,0.7145190865144191,0.09633949132978674,1.198999833305551,0.17860279569687681
