segment,memory,reaction_mean,reaction_std,retention_mean,retention_std
0,0,0.6098098098098098,0.09882210058284208,5.640840840840841,1.679132547454609
