segment,memory,reaction_mean,reaction_std,retention_mean,retention_std
0,0,0.6273045507584597,0.10617583753732747,3.0831138523087187,0.6484806424443748
