segment,memory,trial,reaction_time,retention_time
0,0,0,0.35035035035035034,4.2442442442442445
0,0,1,0.38038038038038036,6.186186186186186
0,0,2,0.46046046046046046,4.2542542542542545
0,0,3,0.35035035035035034,3.6236236236236237
0,0,4,0.3303303303303303,4.984984984984985
0,0,5,0.35035035035035034,3.923923923923924
0,0,6,0.41041041041041043,5.345345345345345
0,0,7,0.38038038038038036,4.594594594594595
0,0,8,0.3303303303303303,3.943943943943944
0,0,9,0.4804804804804805,7.127127127127127
0,0,10,0.34034034034034033,4.934934934934935
0,0,11,0.2902902902902903,5.375375375375375
0,0,12,0.40040040040040037,3.7737737737737738
0,0,13,0.46046046046046046,5.155155155155155
0,0,14,0.42042042042042044,5.545545545545545
0,0,15,0.3303303303303303,6.346346346346346
0,0,16,0.3003003003003003,6.356356356356356
0,0,17,0.2702702702702703,3.863863863863864
0,0,18,0.41041041041041043,5.595595595595595
0,0,19,0.3103103103103103,4.124124124124124
0,0,20,0.34034034034034033,4.634634634634635
0,0,21,0.2902902902902903,8.008008008008009
0,0,22,0.40040040040040037,5.135135135135135
0,0,23,0.2602602602602603,5.545545545545545
0,0,24,0.36036036036036034,3.5235235235235236
0,0,25,0.39039039039039036,4.2642642642642645
0,0,26,0.35035035035035034,5.155155155155155
0,0,27,0.42042042042042044,3.6736736736736737
0,0,28,0.2702702702702703,4.864864864864865
0,0,29,0.2902902902902903,4.394394394394395
0,0,30,0.39039039039039036,4.2242242242242245
0,0,31,0.34034034034034033,7.877877877877878
0,0,32,0.38038038038038036,8.008008008008009
0,0,33,0.3103103103103103,4.424424424424425
0,0,34,0.3103103103103103,4.484484484484485
0,0,35,0.4904904904904905,3.3533533533533535
0,0,36,0.39039039039039036,4.794794794794795
0,0,37,0.42042042042042044,4.384384384384385
0,0,38,0.4904904904904905,4.104104104104104
0,0,39,0.41041041041041043,6.446446446446447
0,0,40,0.2602602602602603,3.7537537537537538
0,0,41,0.34034034034034033,7.227227227227227
0,0,42,0.3203203203203203,6.866866866866867
0,0,43,0.3203203203203203,4.814814814814815
0,0,44,0.3203203203203203,5.8358358358358355
0,0,45,0.38038038038038036,4.964964964964965
0,0,46,0.35035035035035034,4.404404404404405
0,0,47,0.39039039039039036,8.008008008008009
0,0,48,0.2802802802802803,4.724724724724725
0,0,49,0.35035035035035034,5.875875875875876
