segment,memory,reaction_mean,reaction_std,retention_mean,retention_std
0,0,0.3595595595595596,0.05947293254965553,5.1415415415415415,1.2654482689407107
