segment,memory,reaction_mean,reaction_std,retention_mean,retention_std
0,0,0.5724954159026505,0.12139938283691748,12.041406901150191,6.221104902810503
