segment,memory,trial,reaction_time,retention_time
0,0,0,0.5000833472245374,7.831305217536256
0,0,1,0.48008001333555594,6.8111351891982
0,0,2,0.6301050175029171,9.861643607267878
0,0,3,0.8201366894482414,13.252208701450241
0,0,4,0.5600933488914819,9.121520253375563
0,0,5,0.5900983497249542,9.971661943657276
0,0,6,0.5100850141690282,6.55109184864144
0,0,7,0.5100850141690282,17.182863810635105
0,0,8,0.6101016836139357,16.052675445907653
0,0,9,0.6901150191698616,38.206367727954664
0,0,10,0.5500916819469912,11.541923653942325
0,0,11,0.5400900150025004,6.891148524754126
0,0,12,0.9101516919486582,12.932155359226538
0,0,13,0.4300716786131022,11.531921986997833
0,0,14,0.6401066844474079,7.821303550591765
0,0,15,0.8201366894482414,11.141856976162694
0,0,16,0.40006667777962995,8.441406901150192
0,0,17,0.4400733455575929,9.001500250041675
0,0,18,0.6001000166694449,9.951658609768295
0,0,19,0.5700950158359727,9.48158026337723
0,0,20,0.5600933488914819,6.201033505584264
0,0,21,0.4500750125020837,10.311718619769962
0,0,22,0.7301216869478246,29.064844140690116
0,0,23,0.7801300216702785,17.142857142857142
0,0,24,0.6301050175029171,7.4312385397566265
0,0,25,0.6601100183363894,7.5512585430905155
0,0,26,0.5100850141690282,15.832638773128856
0,0,27,0.42007001166861146,13.692282047007835
0,0,28,0.6501083513918987,8.891481913652276
0,0,29,0.6101016836139357,23.36389398233039
0,0,30,0.5100850141690282,7.191198533088849
0,0,31,0.6901150191698616,8.871478579763295
0,0,32,0.49008168028004667,16.882813802300383
0,0,33,0.6001000166694449,10.981830305050842
0,0,34,0.4500750125020837,12.522087014502418
0,0,35,0.49008168028004667,11.041840306717786
0,0,36,0.40006667777962995,8.491415235872646
0,0,37,0.4400733455575929,23.863977329554928
0,0,38,0.6901150191698616,10.641773628938157
0,0,39,0.49008168028004667,5.520920153358893
0,0,40,0.4100683447241207,7.201200200033339
0,0,41,0.6001000166694449,10.051675279213203
0,0,42,0.5400900150025004,7.691281880313386
0,0,43,0.46007667944657443,11.141856976162694
0,0,44,0.4300716786131022,14.29238206367728
0,0,45,0.5000833472245374,9.031505250875146
0,0,46,0.6101016836139357,8.771461910318386
0,0,47,0.8101350225037507,22.773795632605434
0,0,48,0.6201033505584265,10.531755292548759
0,0,49,0.5900983497249542,11.511918653108852
