segment,memory,reaction_mean,reaction_std,retention_mean,retention_std
0,0,0.1953953953953954,0.03719323485087112,7.998398398398399,0.06795020119510384
