segment,memory,reaction_mean,reaction_std,retention_mean,retention_std
0,0,0.1085085085085085,0.01767194818335525,8.008008008008009,0.0
