segment,memory,reaction_mean,reaction_std,retention_mean,retention_std
0,0,0.9386886886886886,0.4850175043090957,5.934734734734735,3.405089930579702
