segment,memory,reaction_mean,reaction_std,retention_mean,retention_std
0,0,0.6680680680680681,0.10355047070578308,4.536936936936937,1.3512485386602275
