segment,memory,reaction_mean,reaction_std,retention_mean,retention_std
0,0,0.5300883480580096,0.11955986105192025,58.00966827804634,0.0
