segment,memory,reaction_mean,reaction_std,retention_mean,retention_std
0,0,0.6019003167194533,0.08755910081431088,5.506717786297717,1.388733937777644
