segment,memory,reaction_mean,reaction_std,retention_mean,retention_std
0,0,0.6095015835972662,0.17538205251754474,55.978729788298054,7.899511266560103
