segment,memory,reaction_mean,reaction_std,retention_mean,retention_std
0,0,0.2530530530530531,0.04544795620301732,6.041041041041041,1.1461249590919527
