segment,memory,reaction_mean,reaction_std,retention_mean,retention_std
0,0,0.6074074074074074,0.09967920336698738,6.706106106106106,1.1937513013609302
