segment,memory,reaction_mean,reaction_std,retention_mean,retention_std
0,0,0.5736956159359894,0.2026771276248102,9.797632938823137,2.902997170207352
