segment,memory,trial,reaction_time,retention_time
0,0,0,0.48008001333555594,8.481413568928154
0,0,1,0.6701116852808802,14.062343723953992
0,0,2,0.6301050175029171,5.780963493915653
0,0,3,0.520086681113519,10.191698616436073
0,0,4,0.520086681113519,6.651108518086348
0,0,5,0.7501250208368062,11.001833638939823
0,0,6,0.6201033505584265,11.49191531921987
0,0,7,0.5800966827804634,8.521420236706119
0,0,8,0.6101016836139357,7.971328554759126
0,0,9,0.4300716786131022,11.011835305884315
0,0,10,0.360060010001667,11.311885314219037
0,0,11,0.6101016836139357,11.191865310885149
0,0,12,0.520086681113519,9.571595265877647
0,0,13,0.5000833472245374,7.931321886981164
0,0,14,0.5600933488914819,8.791465244207368
0,0,15,0.38006334389064844,8.691448574762461
0,0,16,0.6401066844474079,7.7312885480913485
0,0,17,0.6101016836139357,13.822303717286214
0,0,18,0.6201033505584265,11.50191698616436
0,0,19,0.6001000166694449,8.981496916152693
0,0,20,0.6901150191698616,9.6216036006001
0,0,21,0.720120020003334,6.131021836972829
0,0,22,0.5500916819469912,10.271711951992
0,0,23,0.5800966827804634,14.562427071178531
0,0,24,0.49008168028004667,5.380896816136023
0,0,25,0.4700783463910652,8.131355225870978
0,0,26,0.5900983497249542,6.301050175029172
0,0,27,0.3900650108351392,14.272378729788299
0,0,28,0.6301050175029171,9.761626937822971
0,0,29,0.6301050175029171,15.582597099516587
0,0,30,0.3900650108351392,7.641273545590932
0,0,31,0.3700616769461577,17.442907151191864
0,0,32,0.5400900150025004,9.6216036006001
0,0,33,0.48008001333555594,5.380896816136023
0,0,34,0.5500916819469912,8.27137856309385
0,0,35,0.49008168028004667,6.731121853642274
0,0,36,0.5300883480580096,14.382397066177697
0,0,37,0.520086681113519,7.07117852975496
0,0,38,0.6701116852808802,8.67144524087348
0,0,39,1.7802967161193533,15.462577096182697
0,0,40,0.7901316886147691,10.361726954492417
0,0,41,0.5700950158359727,11.441906984497416
0,0,42,0.48008001333555594,8.581430238373063
0,0,43,0.6401066844474079,6.621103517252876
0,0,44,0.40006667777962995,8.531421903650608
0,0,45,0.38006334389064844,6.521086847807968
0,0,46,0.49008168028004667,10.68178029671612
0,0,47,0.48008001333555594,10.14169028171362
0,0,48,0.7101183530588432,13.212202033672279
0,0,49,0.4700783463910652,8.401400233372229
