segment,memory,reaction_mean,reaction_std,retention_mean,retention_std
0,0,0.24604604604604607,0.048370842058769056,8.008008008008009,0.0
