segment,memory,reaction_mean,reaction_std,retention_mean,retention_std
0,0,0.9153153153153153,0.16486818835364175,1.6452452452452453,0.4351377571959782
