segment,memory,reaction_mean,reaction_std,retention_mean,retention_std
0,0,0.7165194199033172,0.5875683267876732,54.179029838306384,12.447678213487904
