segment,memory,reaction_mean,reaction_std,retention_mean,retention_std
0,0,0.27627627627627627,0.05019284648872942,7.501701701701702,0.8885985392155104
