segment,memory,reaction_mean,reaction_std,retention_mean,retention_std
0,0,0.31811811811811813,0.054538762279228575,7.996596596596597,0.05183671355407369
