segment,memory,reaction_mean,reaction_std,retention_mean,retention_std
0,0,0.5822970495082513,0.2880976860341543,58.00966827804634,0.0
