segment,memory,reaction_mean,reaction_std,retention_mean,retention_std
0,0,0.388988988988989,0.07046323884218701,8.008008008008009,0.0
