segment,memory,reaction_mean,reaction_std,retention_mean,retention_std
0,0,1.1942498053609165,0.9363868343100381,3.344544544544545,3.364087187221207
