segment,memory,reaction_mean,reaction_std,retention_mean,retention_std
0,0,0.6428428428428429,0.09503411232266008,2.0932932932932933,0.3684502956751493
