segment,memory,reaction_mean,reaction_std,retention_mean,retention_std
0,0,0.5591591591591591,0.15151281863342606,7.935135135135136,0.35743766073993244
