segment,memory,reaction_mean,reaction_std,retention_mean,retention_std
0,0,0.22762762762762762,0.037878035950795814,4.88988988988989,0.9225144157761673
