segment,memory,reaction_mean,reaction_std,retention_mean,retention_std
0,0,0.847847847847848,0.1285769307225744,3.773973973973974,1.0481637158837604
