segment,memory,reaction_mean,reaction_std,retention_mean,retention_std
0,0,0.5053053053053054,0.1198173954999948,3.215615615615616,0.6697280367125436
