segment,memory,trial,reaction_time,retention_time
0,0,0,0.4904904904904905,3.3433433433433435
0,0,1,0.37037037037037035,3.4934934934934936
0,0,2,0.47047047047047047,3.143143143143143
0,0,3,0.43043043043043044,2.6626626626626626
0,0,4,0.3003003003003003,3.053053053053053
0,0,5,0.40040040040040037,3.4334334334334335
0,0,6,0.42042042042042044,2.7927927927927927
0,0,7,0.2902902902902903,2.932932932932933
0,0,8,0.45045045045045046,3.183183183183183
0,0,9,0.38038038038038036,3.6736736736736737
0,0,10,0.3103103103103103,3.103103103103103
0,0,11,0.3103103103103103,3.143143143143143
0,0,12,0.2502502502502503,3.5135135135135136
0,0,13,0.34034034034034033,3.4134134134134135
0,0,14,0.34034034034034033,2.8328328328328327
0,0,15,0.3003003003003003,3.5735735735735736
0,0,16,0.35035035035035034,2.4124124124124124
0,0,17,0.2802802802802803,3.083083083083083
0,0,18,0.3303303303303303,2.932932932932933
0,0,19,0.35035035035035034,4.2642642642642645
0,0,20,0.36036036036036034,3.3633633633633635
0,0,21,0.39039039039039036,3.6536536536536537
0,0,22,0.34034034034034033,2.2822822822822824
0,0,23,0.4804804804804805,2.5525525525525525
0,0,24,0.44044044044044045,2.9029029029029028
0,0,25,0.44044044044044045,2.5625625625625625
0,0,26,0.42042042042042044,2.8528528528528527
0,0,27,0.42042042042042044,3.4034034034034035
0,0,28,0.40040040040040037,2.8628628628628627
0,0,29,0.35035035035035034,3.863863863863864
0,0,30,0.39039039039039036,2.8028028028028027
0,0,31,0.35035035035035034,2.6026026026026026
0,0,32,0.3103103103103103,3.023023023023023
0,0,33,0.40040040040040037,2.932932932932933
0,0,34,0.2502502502502503,3.113113113113113
0,0,35,0.36036036036036034,2.1321321321321323
0,0,36,0.34034034034034033,3.083083083083083
0,0,37,0.3303303303303303,3.033033033033033
0,0,38,0.41041041041041043,2.7627627627627627
0,0,39,0.38038038038038036,3.3033033033033035
0,0,40,0.3103103103103103,2.8828828828828827
0,0,41,0.3303303303303303,3.2232232232232234
0,0,42,0.37037037037037035,2.6426426426426426
0,0,43,0.34034034034034033,3.4434434434434436
0,0,44,0.2802802802802803,2.8728728728728727
0,0,45,0.42042042042042044,3.2632632632632634
0,0,46,0.3303303303303303,3.6636636636636637
0,0,47,0.44044044044044045,3.023023023023023
0,0,48,0.36036036036036034,3.5735735735735736
0,0,49,0.39039039039039036,2.3423423423423424
