segment,memory,reaction_mean,reaction_std,retention_mean,retention_std
0,0,0.36616616616616615,0.05798439795649733,3.08008008008008,0.4262567778223587
