segment,memory,reaction_mean,reaction_std,retention_mean,retention_std
0,0,0.44844844844844844,0.08101939353190503,7.846846846846847,0.4694337725237857
