segment,memory,reaction_mean,reaction_std,retention_mean,retention_std
0,0,0.6038038038038038,0.13346502964376272,7.9557557557557566,0.2878198233659708
