segment,memory,reaction_mean,reaction_std,retention_mean,retention_std
0,0,0.5523891238176952,0.13692559272484625,7.853853853853854,1.090034477504788
