segment,memory,reaction_mean,reaction_std,retention_mean,retention_std
0,0,0.2176176176176176,0.03925659970195712,3.290690690690691,0.34380642655948096
