segment,memory,reaction_mean,reaction_std,retention_mean,retention_std
0,0,0.5163163163163164,0.10042825824268792,2.5639639639639635,0.3864233783609699
