segment,memory,reaction_mean,reaction_std,retention_mean,retention_std
0,0,0.5713713713713714,0.10966982942874924,8.008008008008009,0.0
