segment,memory,reaction_mean,reaction_std,retention_mean,retention_std
0,0,0.6439073178863144,0.09195341476450909,3.8814469078179696,0.8694393424799902
