segment,memory,reaction_mean,reaction_std,retention_mean,retention_std
0,0,0.5697697697697698,0.09039238006356827,7.961161161161162,0.24181353779206743
