segment,memory,reaction_mean,reaction_std,retention_mean,retention_std
0,0,0.6484484484484484,0.19759173800275864,7.974574574574575,0.11572608505881532
