segment,memory,reaction_mean,reaction_std,retention_mean,retention_std
0,0,0.5673673673673674,0.1061180542324048,7.938938938938939,0.37859270980135995
