segment,memory,reaction_mean,reaction_std,retention_mean,retention_std
0,0,0.32412412412412417,0.05135636666422339,5.303303303303303,1.2773363203066446
