segment,memory,reaction_mean,reaction_std,retention_mean,retention_std
0,0,0.6830830830830831,0.10690750369556509,1.6896896896896896,0.21436670615121994
