segment,memory,reaction_mean,reaction_std,retention_mean,retention_std
0,0,0.23043043043043043,0.04736263177269116,8.008008008008009,0.0
