segment,memory,trial,reaction_time,retention_time
0,0,0,0.5505505505505506,6.696696696696697
0,0,1,0.7207207207207207,3.2232232232232234
0,0,2,0.5305305305305306,5.275275275275275
0,0,3,0.7507507507507507,8.008008008008009
0,0,4,0.6406406406406406,8.008008008008009
0,0,5,0.6406406406406406,6.736736736736737
0,0,6,0.5905905905905906,8.008008008008009
0,0,7,0.39039039039039036,8.008008008008009
0,0,8,0.6506506506506506,5.015015015015015
0,0,9,0.6306306306306306,8.008008008008009
0,0,10,0.5405405405405406,4.104104104104104
0,0,11,0.7307307307307307,7.097097097097097
0,0,12,0.7107107107107107,6.966966966966967
0,0,13,0.6406406406406406,8.008008008008009
0,0,14,0.37037037037037035,3.803803803803804
0,0,15,0.47047047047047047,7.967967967967968
0,0,16,0.5705705705705706,8.008008008008009
0,0,17,0.6906906906906907,7.5375375375375375
0,0,18,0.6506506506506506,8.008008008008009
0,0,19,0.6206206206206206,8.008008008008009
0,0,20,0.5205205205205206,5.505505505505505
0,0,21,0.45045045045045046,5.285285285285285
0,0,22,0.5405405405405406,8.008008008008009
0,0,23,0.5305305305305306,8.008008008008009
0,0,24,0.7707707707707707,5.685685685685685
0,0,25,0.6006006006006006,8.008008008008009
0,0,26,0.7007007007007007,6.026026026026026
0,0,27,0.8108108108108109,8.008008008008009
0,0,28,0.46046046046046046,6.446446446446447
0,0,29,0.6506506506506506,5.8158158158158155
0,0,30,0.7507507507507507,4.884884884884885
0,0,31,0.5205205205205206,6.916916916916917
0,0,32,0.7207207207207207,6.706706706706707
0,0,33,0.5905905905905906,7.847847847847848
0,0,34,0.5905905905905906,6.786786786786787
0,0,35,0.7407407407407407,6.486486486486487
0,0,36,0.6406406406406406,4.584584584584585
0,0,37,0.41041041041041043,8.008008008008009
0,0,38,0.7107107107107107,3.5535535535535536
0,0,39,0.6106106106106106,8.008008008008009
0,0,40,0.5705705705705706,5.555555555555555
0,0,41,0.6306306306306306,4.454454454454455
0,0,42,0.6806806806806807,7.197197197197197
0,0,43,0.5605605605605606,5.275275275275275
0,0,44,0.5905905905905906,6.326326326326326
0,0,45,0.7107107107107107,8.008008008008009
0,0,46,0.5205205205205206,3.833833833833834
0,0,47,0.5605605605605606,8.008008008008009
0,0,48,0.5905905905905906,5.875875875875876
0,0,49,0.47047047047047047,3.6236236236236237
