segment,memory,reaction_mean,reaction_std,retention_mean,retention_std
0,0,0.606006006006006,0.10232676971118126,6.504704704704705,1.523778671645774
