segment,memory,reaction_mean,reaction_std,retention_mean,retention_std
0,0,0.5227227227227228,0.09445135088555612,3.105705705705706,0.6161989160488914
