segment,memory,reaction_mean,reaction_std,retention_mean,retention_std
0,0,0.6474548479168297,0.3741321767765491,56.76626104350725,8.212894175499287
