segment,memory,reaction_mean,reaction_std,retention_mean,retention_std
0,0,0.5105105105105106,0.07063685991836674,4.485285285285285,1.1226901793002453
