segment,memory,reaction_mean,reaction_std,retention_mean,retention_std
0,0,0.6593098849808301,0.09421132984699078,2.6490415069178197,0.49087879098457576
