segment,memory,trial,reaction_time,retention_time
0,0,0,0.6301050175029171,2.2903817302883813
0,0,1,0.6101016836139357,2.0203367227871314
0,0,2,0.7801300216702785,2.150358393065511
0,0,3,0.6601100183363894,2.980496749458243
0,0,4,0.7401233538923154,2.2103683947324555
0,0,5,0.5800966827804634,3.500583430571762
0,0,6,0.7001166861143524,2.3303883980663445
0,0,7,0.5900983497249542,2.8104684114019003
0,0,8,0.7301216869478246,3.0405067511251875
0,0,9,0.7501250208368062,2.2403733955659275
0,0,10,0.5600933488914819,3.7606267711285217
0,0,11,0.7001166861143524,2.580430071678613
0,0,12,0.8901483580596766,2.9004834139023172
0,0,13,0.6601100183363894,2.2503750625104186
0,0,14,0.6401066844474079,2.5704284047341224
0,0,15,0.7801300216702785,2.4404067344557427
0,0,16,0.7101183530588432,2.720453408901484
0,0,17,0.6701116852808802,2.350391731955326
0,0,18,0.7401233538923154,2.3703950658443076
0,0,19,0.6501083513918987,3.1105184197366227
0,0,20,0.720120020003334,2.180363393898983
0,0,21,0.5600933488914819,3.020503417236206
0,0,22,0.5600933488914819,2.2703783963994
0,0,23,0.6401066844474079,2.6604434072345393
0,0,24,0.6001000166694449,2.5404234039006504
0,0,25,0.9001500250041674,2.310385064177363
0,0,26,0.5300883480580096,3.220536756126021
0,0,27,0.7401233538923154,2.2103683947324555
0,0,28,0.6901150191698616,2.0403400566761127
0,0,29,0.6601100183363894,3.0105017502917155
0,0,30,0.8401400233372229,3.4405734289048175
0,0,31,0.5700950158359727,3.900650108351392
0,0,32,0.5100850141690282,2.6504417402900486
0,0,33,0.6101016836139357,2.9904984164027337
0,0,34,0.6601100183363894,2.6104350725120855
0,0,35,0.6701116852808802,2.200366727787965
0,0,36,0.6501083513918987,2.1603600600100017
0,0,37,0.7001166861143524,2.3303883980663445
0,0,38,0.7101183530588432,2.480413402233706
0,0,39,0.6101016836139357,3.190531755292549
0,0,40,0.6101016836139357,2.0003333888981496
0,0,41,0.48008001333555594,3.590598433072179
0,0,42,0.6101016836139357,3.310551758626438
0,0,43,0.48008001333555594,2.860476746124354
0,0,44,0.5100850141690282,2.4704117352892148
0,0,45,0.5900983497249542,2.310385064177363
0,0,46,0.680113352225371,3.030505084180697
0,0,47,0.7901316886147691,1.8103017169528255
0,0,48,0.6601100183363894,2.600433405567595
0,0,49,0.6501083513918987,2.4204034005667614
