segment,memory,reaction_mean,reaction_std,retention_mean,retention_std
0,0,0.572972972972973,0.1048408549717082,1.3829829829829832,0.22036280277642398
