{
  "w_s": 0.17222222222222217,
  "w_external": 0.6777777777777778,
  "noise_levels": [
    0.8
  ],
  "stim_duration": 2.0,
  "segment_count": 1,
  "segment_duration": 10,
  "dt": 0.01,
  "stim_sequence": [
    0
  ]
}