segment,memory,reaction_mean,reaction_std,retention_mean,retention_std
0,0,0.6821136856142691,0.3244436104934791,58.00966827804634,0.0
