segment,memory,reaction_mean,reaction_std,retention_mean,retention_std
0,0,0.1981981981981982,0.02874267301907877,7.741741741741743,0.6361529762414181
