segment,memory,reaction_mean,reaction_std,retention_mean,retention_std
0,0,0.5973973973973974,0.09821184858826738,8.008008008008009,0.0
