segment,memory,reaction_mean,reaction_std,retention_mean,retention_std
0,0,0.5724772391439058,0.2948075352840852,6.667267267267269,2.9559318849858305
