segment,memory,reaction_mean,reaction_std,retention_mean,retention_std
0,0,0.1785785785785786,0.02552943069288877,5.652052052052052,0.9454175409181699
