segment,memory,reaction_mean,reaction_std,retention_mean,retention_std
0,0,0.33333333333333337,0.049752953688302015,5.248448448448448,1.1633699974514335
