segment,memory,reaction_mean,reaction_std,retention_mean,retention_std
0,0,0.5478913152192032,0.11954773711510755,56.52482080346724,7.563277664610293
