segment,memory,reaction_mean,reaction_std,retention_mean,retention_std
0,0,0.11611611611611611,0.020121903731546244,7.971171171171172,0.19277395217081622
