segment,memory,reaction_mean,reaction_std,retention_mean,retention_std
0,0,0.34734734734734735,0.05109129153424809,2.8358358358358355,0.29286938999300255
