segment,memory,reaction_mean,reaction_std,retention_mean,retention_std
0,0,1.7578104420209684,0.64438572825176,0.7871871871871872,0.7678528733054794
