segment,memory,reaction_mean,reaction_std,retention_mean,retention_std
0,0,0.6385064177362895,0.09306717558135624,4.9686281046841145,1.335271715059858
