segment,memory,trial,reaction_time,retention_time
0,0,0,0.5400900150025004,35.64594099016503
0,0,1,0.4400733455575929,11.131855309218203
0,0,2,0.8201366894482414,15.782630438406402
0,0,3,0.520086681113519,20.523420570095016
0,0,4,0.8401400233372229,36.47607934655776
0,0,5,0.5900983497249542,15.48258043007168
0,0,6,0.6101016836139357,16.482747124520753
0,0,7,0.5600933488914819,26.84447407901317
0,0,8,0.6401066844474079,15.652608768128022
0,0,9,0.6601100183363894,30.73512252042007
0,0,10,0.520086681113519,15.09251541923654
0,0,11,0.6001000166694449,20.30338389731622
0,0,12,0.49008168028004667,22.653775629271546
0,0,13,0.5600933488914819,9.861643607267878
0,0,14,0.4500750125020837,20.473412235372564
0,0,15,0.6201033505584265,54.139023170528425
0,0,16,0.6501083513918987,26.394399066511085
0,0,17,0.6701116852808802,24.374062343723956
0,0,18,0.5300883480580096,37.44624104017336
0,0,19,0.5800966827804634,30.285047507917987
0,0,20,0.6201033505584265,21.553592265377564
0,0,21,0.6101016836139357,16.5427571261877
0,0,22,0.5900983497249542,33.21553592265378
0,0,23,0.6601100183363894,17.572928821470246
0,0,24,0.5700950158359727,18.57309551591932
0,0,25,0.6701116852808802,58.00966827804634
0,0,26,0.5800966827804634,17.052842140356727
0,0,27,0.6001000166694449,29.75495915985998
0,0,28,0.6001000166694449,30.805134189031506
0,0,29,0.5100850141690282,21.10351725287548
0,0,30,0.4500750125020837,17.60293382230372
0,0,31,0.5500916819469912,53.38889814969162
0,0,32,0.5700950158359727,15.562593765627605
0,0,33,0.5500916819469912,33.68561426904484
0,0,34,0.5500916819469912,11.941990331721954
0,0,35,0.6301050175029171,22.313718953158862
0,0,36,0.4500750125020837,26.744457409568263
0,0,37,0.5900983497249542,17.25287547924654
0,0,38,0.5600933488914819,17.852975495915988
0,0,39,0.46007667944657443,14.612435405900984
0,0,40,0.520086681113519,39.11651941990332
0,0,41,0.5100850141690282,45.9476579429905
0,0,42,0.40006667777962995,22.513752292048675
0,0,43,0.5600933488914819,45.71761960326721
0,0,44,0.4500750125020837,40.636772795465916
0,0,45,0.5000833472245374,34.20570095015836
0,0,46,0.6601100183363894,27.054509084847474
0,0,47,0.520086681113519,26.274379063177197
0,0,48,0.5600933488914819,15.552592098683114
0,0,49,0.5300883480580096,48.548091348558096
