segment,memory,reaction_mean,reaction_std,retention_mean,retention_std
0,0,0.5694949158193032,0.08533259344878745,26.52982163693949,12.012489711271257
