segment,memory,reaction_mean,reaction_std,retention_mean,retention_std
0,0,0.6564564564564564,0.10272328453732296,3.9719719719719717,1.0736730333515936
