segment,memory,reaction_mean,reaction_std,retention_mean,retention_std
0,0,0.6267044507417903,0.19921120655457286,58.00966827804634,0.0
