segment,memory,reaction_mean,reaction_std,retention_mean,retention_std
0,0,0.4228228228228228,0.054361123960608486,4.231631631631632,0.7558441887970723
