segment,memory,trial,reaction_time,retention_time
0,0,0,0.3103103103103103,5.7057057057057055
0,0,1,0.3203203203203203,3.7137137137137137
0,0,2,0.42042042042042044,4.454454454454455
0,0,3,0.34034034034034033,4.2142142142142145
0,0,4,0.44044044044044045,4.344344344344345
0,0,5,0.37037037037037035,4.114114114114114
0,0,6,0.5605605605605606,3.023023023023023
0,0,7,0.43043043043043044,3.4734734734734736
0,0,8,0.38038038038038036,5.215215215215215
0,0,9,0.40040040040040037,3.923923923923924
0,0,10,0.43043043043043044,4.084084084084084
0,0,11,0.39039039039039036,6.426426426426427
0,0,12,0.5105105105105106,4.2542542542542545
0,0,13,0.5405405405405406,3.5835835835835836
0,0,14,0.43043043043043044,3.993993993993994
0,0,15,0.40040040040040037,4.894894894894895
0,0,16,0.5005005005005005,4.614614614614615
0,0,17,0.43043043043043044,4.854854854854855
0,0,18,0.3103103103103103,4.414414414414415
0,0,19,0.5305305305305306,4.404404404404405
0,0,20,0.42042042042042044,6.056056056056056
0,0,21,0.43043043043043044,3.4134134134134135
0,0,22,0.40040040040040037,3.993993993993994
0,0,23,0.39039039039039036,5.195195195195195
0,0,24,0.43043043043043044,3.6636636636636637
0,0,25,0.38038038038038036,4.664664664664665
0,0,26,0.40040040040040037,4.404404404404405
0,0,27,0.44044044044044045,4.424424424424425
0,0,28,0.42042042042042044,4.754754754754755
0,0,29,0.46046046046046046,4.564564564564565
0,0,30,0.46046046046046046,3.3733733733733735
0,0,31,0.4904904904904905,3.6036036036036037
0,0,32,0.42042042042042044,3.903903903903904
0,0,33,0.40040040040040037,3.923923923923924
0,0,34,0.40040040040040037,3.5735735735735736
0,0,35,0.43043043043043044,3.863863863863864
0,0,36,0.4804804804804805,3.6436436436436437
0,0,37,0.38038038038038036,5.025025025025025
0,0,38,0.45045045045045046,3.933933933933934
0,0,39,0.5005005005005005,4.1641641641641645
0,0,40,0.45045045045045046,4.484484484484485
0,0,41,0.38038038038038036,5.445445445445445
0,0,42,0.45045045045045046,3.823823823823824
0,0,43,0.45045045045045046,2.5925925925925926
0,0,44,0.36036036036036034,4.2142142142142145
0,0,45,0.37037037037037035,3.163163163163163
0,0,46,0.43043043043043044,4.414414414414415
0,0,47,0.41041041041041043,4.2742742742742745
0,0,48,0.41041041041041043,4.324324324324325
0,0,49,0.39039039039039036,2.992992992992993
