segment,memory,reaction_mean,reaction_std,retention_mean,retention_std
0,0,0.6527087847974663,0.2467733227942188,56.87507917986331,8.022756451855507
