segment,memory,reaction_mean,reaction_std,retention_mean,retention_std
0,0,0.6026026026026026,0.08264369098698633,7.486486486486487,0.9603463106500443
