segment,memory,reaction_mean,reaction_std,retention_mean,retention_std
0,0,1.2962962962962963,0.20953547017195584,0.674074074074074,0.19196787877479948
