segment,memory,reaction_mean,reaction_std,retention_mean,retention_std
0,0,0.15015015015015015,0.025096423244364705,7.965365365365366,0.17686765024249124
