segment,memory,reaction_mean,reaction_std,retention_mean,retention_std
0,0,0.5737737737737738,0.09288274848647247,8.008008008008009,0.0
