segment,memory,reaction_mean,reaction_std,retention_mean,retention_std
0,0,0.6007123636252301,0.2682595504545888,55.71788631438573,11.342299620747818
