segment,memory,trial,reaction_time,retention_time
0,0,0,0.7407407407407407,3.833833833833834
0,0,1,0.7407407407407407,3.173173173173173
0,0,2,0.6406406406406406,2.6926926926926926
0,0,3,0.4904904904904905,5.015015015015015
0,0,4,0.6006006006006006,6.006006006006006
0,0,5,0.5605605605605606,3.113113113113113
0,0,6,0.45045045045045046,3.063063063063063
0,0,7,0.7207207207207207,3.2232232232232234
0,0,8,0.5605605605605606,3.003003003003003
0,0,9,0.8608608608608609,2.7827827827827827
0,0,10,0.5505505505505506,3.7437437437437437
0,0,11,0.5805805805805806,3.203203203203203
0,0,12,0.7307307307307307,2.3223223223223224
0,0,13,0.7207207207207207,3.5935935935935936
0,0,14,0.5805805805805806,3.953953953953954
0,0,15,0.5805805805805806,4.2042042042042045
0,0,16,0.7007007007007007,3.4434434434434436
0,0,17,0.5005005005005005,3.2532532532532534
0,0,18,0.5405405405405406,5.355355355355355
0,0,19,0.6106106106106106,3.3033033033033035
0,0,20,0.6706706706706707,2.4224224224224224
0,0,21,0.5805805805805806,5.565565565565565
0,0,22,0.5505505505505506,3.993993993993994
0,0,23,0.6106106106106106,4.494494494494495
0,0,24,0.7507507507507507,4.324324324324325
0,0,25,0.6506506506506506,4.1541541541541545
0,0,26,0.6306306306306306,4.1541541541541545
0,0,27,0.5905905905905906,3.7637637637637638
0,0,28,0.6806806806806807,2.6726726726726726
0,0,29,0.9009009009009009,5.8458458458458455
0,0,30,0.6206206206206206,3.903903903903904
0,0,31,0.7007007007007007,4.804804804804805
0,0,32,0.5605605605605606,4.534534534534535
0,0,33,0.41041041041041043,4.064064064064064
0,0,34,0.7307307307307307,4.634634634634635
0,0,35,0.6406406406406406,3.5735735735735736
0,0,36,0.6106106106106106,2.7827827827827827
0,0,37,0.5605605605605606,3.6936936936936937
0,0,38,0.7107107107107107,3.903903903903904
0,0,39,0.5805805805805806,4.334334334334335
0,0,40,0.7207207207207207,4.484484484484485
0,0,41,0.5405405405405406,2.6326326326326326
0,0,42,0.6906906906906907,4.074074074074074
0,0,43,0.5705705705705706,3.863863863863864
0,0,44,0.5005005005005005,3.163163163163163
0,0,45,0.7407407407407407,2.7627627627627627
0,0,46,0.5005005005005005,4.954954954954955
0,0,47,0.5905905905905906,4.714714714714715
0,0,48,0.6206206206206206,2.5625625625625625
0,0,49,0.7007007007007007,3.153153153153153
