segment,memory,reaction_mean,reaction_std,retention_mean,retention_std
0,0,0.6276276276276276,0.09814540598026887,3.805405405405405,0.8989088629007279
