segment,memory,reaction_mean,reaction_std,retention_mean,retention_std
0,0,0.6528528528528529,0.07825361901696083,2.2950950950950952,0.351763144838251
