segment,memory,reaction_mean,reaction_std,retention_mean,retention_std
0,0,0.554954954954955,0.08642131742388993,3.3965965965965967,0.87981572153641
