segment,memory,reaction_mean,reaction_std,retention_mean,retention_std
0,0,0.5074845807634606,0.10306878002469191,58.00966827804634,0.0
