segment,memory,reaction_mean,reaction_std,retention_mean,retention_std
0,0,1.2192192192192193,0.21556530457556144,0.9877877877877879,0.3149604688085389
