segment,memory,reaction_mean,reaction_std,retention_mean,retention_std
0,0,0.6122122122122122,0.09926641040971819,4.566366366366366,0.8203390878616995
