segment,memory,reaction_mean,reaction_std,retention_mean,retention_std
0,0,0.6081013502250375,0.11049050039300573,55.898316386064344,6.586178003593762
