segment,memory,reaction_mean,reaction_std,retention_mean,retention_std
0,0,0.1985985985985986,0.030760657022162175,7.95915915915916,0.3454135227417773
