segment,memory,reaction_mean,reaction_std,retention_mean,retention_std
0,0,0.5707707707707708,0.08841734805595028,8.008008008008009,0.0
