segment,memory,reaction_mean,reaction_std,retention_mean,retention_std
0,0,0.3027027027027027,0.04578506394603009,7.807407407407408,0.6011075604816807
