segment,memory,reaction_mean,reaction_std,retention_mean,retention_std
0,0,0.2564564564564565,0.04874144718260806,8.008008008008009,0.0
