segment,memory,reaction_mean,reaction_std,retention_mean,retention_std
0,0,0.5936989498249708,0.11845787804070307,35.36009334889148,17.051128630867524
