segment,memory,reaction_mean,reaction_std,retention_mean,retention_std
0,0,0.539489914985831,0.1359159180926123,57.77122853808968,1.6860235702771087
