segment,memory,reaction_mean,reaction_std,retention_mean,retention_std
0,0,0.45747624604100684,0.09188500893376661,58.00966827804634,0.0
