segment,memory,reaction_mean,reaction_std,retention_mean,retention_std
0,0,0.6524524524524524,0.09982782524516608,2.7949949949949953,0.5029877931274148
