segment,memory,reaction_mean,reaction_std,retention_mean,retention_std
0,0,0.25825825825825827,0.0430428055006218,4.855255255255256,0.751653043346483
