segment,memory,reaction_mean,reaction_std,retention_mean,retention_std
0,0,0.6133022170361727,0.10166539804941073,7.401833638939824,2.964292914175063
