segment,memory,reaction_mean,reaction_std,retention_mean,retention_std
0,0,0.24704704704704705,0.042777842066725545,6.022422422422422,1.217010628990668
