segment,memory,reaction_mean,reaction_std,retention_mean,retention_std
0,0,0.22842842842842842,0.03442058296356816,5.403203203203203,1.0361409665760406
