segment,memory,reaction_mean,reaction_std,retention_mean,retention_std
0,0,0.1847847847847848,0.03354930862344398,8.008008008008009,0.0
