segment,memory,reaction_mean,reaction_std,retention_mean,retention_std
0,0,0.6752752752752752,0.09946911503677808,1.3405405405405406,0.21207302087226315
