segment,memory,reaction_mean,reaction_std,retention_mean,retention_std
0,0,0.6223037172862145,0.09829316750328355,2.9780963493915653,0.5986066173373717
