segment,memory,reaction_mean,reaction_std,retention_mean,retention_std
0,0,0.9145145145145145,0.18316035308820613,1.5247247247247246,0.45698084749230045
