segment,memory,reaction_mean,reaction_std,retention_mean,retention_std
0,0,0.6594594594594595,0.09204678276404862,1.8634634634634635,0.32818679245367843
