segment,memory,reaction_mean,reaction_std,retention_mean,retention_std
0,0,0.5446907817969662,0.10692632666287785,58.00966827804634,0.0
