segment,memory,reaction_mean,reaction_std,retention_mean,retention_std
0,0,0.5427876856448285,0.21212076171069025,7.852252252252253,1.1013595110373053
