segment,memory,reaction_mean,reaction_std,retention_mean,retention_std
0,0,0.6075012502083681,0.10689959374414842,50.76626104350725,12.08795357781469
