segment,memory,reaction_mean,reaction_std,retention_mean,retention_std
0,0,0.697563069022142,0.3403984289232373,51.35195865977663,18.0306242332913
