segment,memory,reaction_mean,reaction_std,retention_mean,retention_std
0,0,0.5552925487581264,0.1723388374979807,23.51431905317553,9.531400428598175
