segment,memory,reaction_mean,reaction_std,retention_mean,retention_std
0,0,0.6115019169861644,0.1393951472428398,58.00966827804634,0.0
