segment,memory,reaction_mean,reaction_std,retention_mean,retention_std
0,0,0.5951951951951951,0.07653407197400701,7.3893893893893905,1.025670955521685
