segment,memory,reaction_mean,reaction_std,retention_mean,retention_std
0,0,0.6077012835472579,0.11468918284057185,57.185730955159194,3.3585346617862024
