segment,memory,reaction_mean,reaction_std,retention_mean,retention_std
0,0,0.6425070845140857,0.09112086664479944,4.095482580430072,0.9281968343356898
