segment,memory,reaction_mean,reaction_std,retention_mean,retention_std
0,0,0.595995995995996,0.09021960505979912,7.726526526526527,0.8666484468516114
