segment,memory,reaction_mean,reaction_std,retention_mean,retention_std
0,0,0.6119769961660276,0.1979762100067026,54.592298716452746,13.666870734928214
