segment,memory,reaction_mean,reaction_std,retention_mean,retention_std
0,0,0.5224870811801967,0.1117866123518471,58.00966827804634,0.0
