segment,memory,reaction_mean,reaction_std,retention_mean,retention_std
0,0,0.17697697697697698,0.027090130670589713,7.928928928928929,0.27469616554639315
