segment,memory,reaction_mean,reaction_std,retention_mean,retention_std
0,0,0.45345345345345345,0.15927995037097364,8.008008008008009,0.0
