segment,memory,trial,reaction_time,retention_time
0,0,0,0.2802802802802803,8.008008008008009
0,0,1,0.3203203203203203,8.008008008008009
0,0,2,0.44044044044044045,8.008008008008009
0,0,3,0.4904904904904905,8.008008008008009
0,0,4,0.44044044044044045,8.008008008008009
0,0,5,0.34034034034034033,8.008008008008009
0,0,6,0.2502502502502503,8.008008008008009
0,0,7,0.3103103103103103,8.008008008008009
0,0,8,0.3303303303303303,8.008008008008009
0,0,9,0.3003003003003003,8.008008008008009
0,0,10,0.46046046046046046,8.008008008008009
0,0,11,0.44044044044044045,8.008008008008009
0,0,12,0.44044044044044045,8.008008008008009
0,0,13,0.41041041041041043,8.008008008008009
0,0,14,0.7007007007007007,8.008008008008009
0,0,15,0.6106106106106106,8.008008008008009
0,0,16,0.40040040040040037,8.008008008008009
0,0,17,0.34034034034034033,8.008008008008009
0,0,18,0.39039039039039036,8.008008008008009
0,0,19,0.5505505505505506,8.008008008008009
0,0,20,0.4804804804804805,8.008008008008009
0,0,21,0.2602602602602603,8.008008008008009
0,0,22,0.5505505505505506,8.008008008008009
0,0,23,0.38038038038038036,8.008008008008009
0,0,24,0.42042042042042044,8.008008008008009
0,0,25,0.41041041041041043,8.008008008008009
0,0,26,0.6806806806806807,8.008008008008009
0,0,27,0.24024024024024024,8.008008008008009
0,0,28,0.6306306306306306,8.008008008008009
0,0,29,0.46046046046046046,8.008008008008009
0,0,30,0.45045045045045046,8.008008008008009
0,0,31,0.4804804804804805,8.008008008008009
0,0,32,0.38038038038038036,8.008008008008009
0,0,33,0.4904904904904905,8.008008008008009
0,0,34,0.6106106106106106,8.008008008008009
0,0,35,0.4804804804804805,8.008008008008009
0,0,36,1.2312312312312312,8.008008008008009
0,0,37,0.40040040040040037,8.008008008008009
0,0,38,0.5505505505505506,8.008008008008009
0,0,39,0.6706706706706707,8.008008008008009
0,0,40,0.2802802802802803,8.008008008008009
0,0,41,0.45045045045045046,8.008008008008009
0,0,42,0.41041041041041043,8.008008008008009
0,0,43,0.36036036036036034,8.008008008008009
0,0,44,0.45045045045045046,8.008008008008009
0,0,45,0.4904904904904905,8.008008008008009
0,0,46,0.3203203203203203,8.008008008008009
0,0,47,0.5505505505505506,8.008008008008009
0,0,48,0.35035035035035034,8.008008008008009
0,0,49,0.5005005005005005,8.008008008008009
