segment,memory,reaction_mean,reaction_std,retention_mean,retention_std
0,0,0.5894982497082847,0.08734246364388146,58.00966827804634,0.0
