segment,memory,trial,reaction_time,retention_time
0,0,0,0.5600933488914819,20.56342723787298
0,0,1,0.5800966827804634,31.215202533755626
0,0,2,0.7501250208368062,14.322387064510753
0,0,3,0.6101016836139357,15.542590431738624
0,0,4,0.680113352225371,17.282880480080014
0,0,5,0.5600933488914819,37.97632938823137
0,0,6,0.5900983497249542,14.14235705950992
0,0,7,0.5400900150025004,13.162193698949826
0,0,8,0.680113352225371,21.973662277046174
0,0,9,0.7501250208368062,28.814802467077847
0,0,10,0.520086681113519,34.67577929654943
0,0,11,0.6401066844474079,17.972995499249876
0,0,12,0.9001500250041674,25.104184030671778
0,0,13,0.6201033505584265,10.241706951158527
0,0,14,0.6001000166694449,26.0543423903984
0,0,15,0.7401233538923154,25.404234039006504
0,0,16,0.6301050175029171,12.472078679779964
0,0,17,0.6601100183363894,9.571595265877647
0,0,18,0.7401233538923154,29.884980830138357
0,0,19,0.6101016836139357,46.407734622437076
0,0,20,0.6401066844474079,23.23387231205201
0,0,21,0.5100850141690282,18.253042173695615
0,0,22,0.520086681113519,35.745957659609935
0,0,23,0.6301050175029171,9.61160193365561
0,0,24,0.5600933488914819,27.76462743790632
0,0,25,0.8301383563927321,25.514252375395902
0,0,26,0.48008001333555594,10.981830305050842
0,0,27,0.7301216869478246,58.00966827804634
0,0,28,0.5500916819469912,6.971161860310052
0,0,29,0.5900983497249542,18.343057176196034
0,0,30,0.7501250208368062,25.25420903483914
0,0,31,0.5500916819469912,12.772128688114686
0,0,32,0.4500750125020837,11.911985330888482
0,0,33,0.5800966827804634,22.733788964827472
0,0,34,0.6301050175029171,38.86647774629105
0,0,35,0.6201033505584265,19.343223870645108
0,0,36,0.5600933488914819,30.41506917819637
0,0,37,0.7401233538923154,26.904484080680113
0,0,38,0.6601100183363894,37.036172695449245
0,0,39,0.5600933488914819,45.37756292715453
0,0,40,0.5900983497249542,51.388564760793464
0,0,41,0.4500750125020837,38.506417736289386
0,0,42,0.6101016836139357,43.52725454242374
0,0,43,0.48008001333555594,9.89164860810135
0,0,44,0.4400733455575929,23.123853975662612
0,0,45,0.5600933488914819,58.00966827804634
0,0,46,0.5700950158359727,22.83380563427238
0,0,47,0.7701283547257877,42.03700616769462
0,0,48,0.6301050175029171,11.401900316719454
0,0,49,0.6301050175029171,12.212035339223204
