segment,memory,reaction_mean,reaction_std,retention_mean,retention_std
0,0,0.6167027837972996,0.0980086293457657,25.415235872645443,13.090414221101868
