segment,memory,reaction_mean,reaction_std,retention_mean,retention_std
0,0,1.9337519337519338,1.313150620572056,4.43023023023023,3.479224976698514
