segment,memory,reaction_mean,reaction_std,retention_mean,retention_std
0,0,0.5536922820470078,0.17073837863595182,17.971595265877646,7.297834199894358
