segment,memory,reaction_mean,reaction_std,retention_mean,retention_std
0,0,0.7051175195865977,0.09452306918638297,1.4106351058509754,0.2223437033787876
