segment,memory,reaction_mean,reaction_std,retention_mean,retention_std
0,0,0.9107107107107107,0.20400953909497094,5.352552552552553,1.628895339912729
