segment,memory,trial,reaction_time,retention_time
0,0,0,0.9009009009009009,3.6136136136136137
0,0,1,0.6906906906906907,4.484484484484485
0,0,2,1.0810810810810811,2.982982982982983
0,0,3,0.7207207207207207,4.794794794794795
0,0,4,0.5105105105105106,8.008008008008009
0,0,5,1.1211211211211212,8.008008008008009
0,0,6,0.9309309309309309,7.4974974974974975
0,0,7,0.8208208208208209,3.6536536536536537
0,0,8,0.6106106106106106,5.7857857857857855
0,0,9,0.8208208208208209,4.3043043043043046
0,0,10,1.021021021021021,3.3833833833833835
0,0,11,1.031031031031031,2.2422422422422423
0,0,12,0.8308308308308309,3.3233233233233235
0,0,13,0.9209209209209209,4.084084084084084
0,0,14,0.960960960960961,5.925925925925926
0,0,15,1.0710710710710711,6.446446446446447
0,0,16,1.0910910910910911,8.008008008008009
0,0,17,0.5905905905905906,5.925925925925926
0,0,18,0.8108108108108109,5.8258258258258255
0,0,19,0.8308308308308309,5.565565565565565
0,0,20,0.9309309309309309,3.7637637637637638
0,0,21,0.8308308308308309,5.7457457457457455
0,0,22,1.4714714714714714,5.475475475475475
0,0,23,0.8108108108108109,5.975975975975976
0,0,24,0.9009009009009009,4.024024024024024
0,0,25,1.021021021021021,5.8158158158158155
0,0,26,1.4814814814814814,7.157157157157157
0,0,27,0.6506506506506506,8.008008008008009
0,0,28,0.7507507507507507,7.927927927927928
0,0,29,0.6606606606606606,3.103103103103103
0,0,30,1.2812812812812813,5.7057057057057055
0,0,31,0.8908908908908909,5.415415415415415
0,0,32,1.1211211211211212,4.964964964964965
0,0,33,0.8408408408408409,5.305305305305305
0,0,34,0.7607607607607607,3.3033033033033035
0,0,35,0.7507507507507507,3.853853853853854
0,0,36,1.011011011011011,5.005005005005005
0,0,37,1.011011011011011,6.616616616616617
0,0,38,0.970970970970971,5.7257257257257255
0,0,39,0.9109109109109109,3.983983983983984
0,0,40,1.2012012012012012,5.395395395395395
0,0,41,0.960960960960961,8.008008008008009
0,0,42,1.0610610610610611,3.133133133133133
0,0,43,0.950950950950951,6.226226226226226
0,0,44,1.0510510510510511,4.084084084084084
0,0,45,0.970970970970971,5.515515515515515
0,0,46,0.8708708708708709,3.013013013013013
0,0,47,0.7107107107107107,7.317317317317317
0,0,48,0.5605605605605606,8.008008008008009
0,0,49,0.7707707707707707,6.186186186186186
