segment,memory,reaction_mean,reaction_std,retention_mean,retention_std
0,0,0.6193032172028672,0.09660781514834833,17.613935655942658,8.677351224166408
