segment,memory,reaction_mean,reaction_std,retention_mean,retention_std
0,0,0.5787787787787788,0.08681156970409953,8.008008008008009,0.0
