segment,memory,reaction_mean,reaction_std,retention_mean,retention_std
0,0,0.838038038038038,0.09903294202959646,1.3453453453453454,0.24455951181389324
