segment,memory,reaction_mean,reaction_std,retention_mean,retention_std
0,0,0.5751751751751751,0.15960007582185834,7.976376376376376,0.15029798038211695
