segment,memory,reaction_mean,reaction_std,retention_mean,retention_std
0,0,0.17997997997998,0.03070276676976901,5.082082082082082,0.8174537853057587
