segment,memory,trial,reaction_time,retention_time
0,0,0,0.14014014014014015,4.464464464464465
0,0,1,0.20020020020020018,5.955955955955956
0,0,2,0.19019019019019018,5.195195195195195
0,0,3,0.19019019019019018,4.834834834834835
0,0,4,0.18018018018018017,5.295295295295295
0,0,5,0.12012012012012012,5.965965965965966
0,0,6,0.19019019019019018,4.684684684684685
0,0,7,0.19019019019019018,4.354354354354355
0,0,8,0.21021021021021022,4.424424424424425
0,0,9,0.18018018018018017,4.914914914914915
0,0,10,0.21021021021021022,5.6956956956956954
0,0,11,0.22022022022022023,3.913913913913914
0,0,12,0.17017017017017017,5.585585585585585
0,0,13,0.17017017017017017,4.564564564564565
0,0,14,0.15015015015015015,4.774774774774775
0,0,15,0.15015015015015015,4.2342342342342345
0,0,16,0.20020020020020018,4.084084084084084
0,0,17,0.19019019019019018,5.8558558558558556
0,0,18,0.20020020020020018,4.714714714714715
0,0,19,0.20020020020020018,4.984984984984985
0,0,20,0.16016016016016016,5.455455455455455
0,0,21,0.13013013013013014,4.034034034034034
0,0,22,0.14014014014014015,4.714714714714715
0,0,23,0.15015015015015015,4.794794794794795
0,0,24,0.19019019019019018,5.245245245245245
0,0,25,0.14014014014014015,4.794794794794795
0,0,26,0.22022022022022023,4.884884884884885
0,0,27,0.17017017017017017,4.434434434434435
0,0,28,0.15015015015015015,3.973973973973974
0,0,29,0.16016016016016016,7.207207207207207
0,0,30,0.17017017017017017,6.076076076076076
0,0,31,0.21021021021021022,6.086086086086086
0,0,32,0.16016016016016016,4.794794794794795
0,0,33,0.22022022022022023,4.324324324324325
0,0,34,0.18018018018018017,5.225225225225225
0,0,35,0.24024024024024024,6.706706706706707
0,0,36,0.19019019019019018,4.804804804804805
0,0,37,0.18018018018018017,5.475475475475475
0,0,38,0.24024024024024024,4.784784784784785
0,0,39,0.13013013013013014,4.1541541541541545
0,0,40,0.20020020020020018,4.724724724724725
0,0,41,0.20020020020020018,4.534534534534535
0,0,42,0.15015015015015015,6.876876876876877
0,0,43,0.19019019019019018,4.1841841841841845
0,0,44,0.16016016016016016,4.844844844844845
0,0,45,0.13013013013013014,5.195195195195195
0,0,46,0.17017017017017017,7.077077077077077
0,0,47,0.2502502502502503,5.165165165165165
0,0,48,0.20020020020020018,4.624624624624625
0,0,49,0.16016016016016016,6.406406406406406
