segment,memory,reaction_mean,reaction_std,retention_mean,retention_std
0,0,0.5816969494915819,0.15262682598107447,58.00966827804634,0.0
