segment,memory,reaction_mean,reaction_std,retention_mean,retention_std
0,0,0.6016433099766433,0.2617895398540361,7.610810810810811,1.6481973903688107
