segment,memory,reaction_mean,reaction_std,retention_mean,retention_std
0,0,0.617302883813969,0.09793423885090875,23.648141356892815,12.851074158995962
