segment,memory,trial,reaction_time,retention_time
0,0,0,0.5600933488914819,18.993165527587934
0,0,1,0.5800966827804634,9.89164860810135
0,0,2,0.7601266877812969,12.982163693948992
0,0,3,0.6101016836139357,15.162527087847975
0,0,4,0.680113352225371,16.55275879313219
0,0,5,0.5600933488914819,12.41206867811302
0,0,6,0.5900983497249542,13.902317052842141
0,0,7,0.5400900150025004,12.882147024504084
0,0,8,0.680113352225371,21.25354225704284
0,0,9,0.7501250208368062,28.754792465410905
0,0,10,0.520086681113519,34.31571928654776
0,0,11,0.6401066844474079,14.7024504084014
0,0,12,0.9001500250041674,25.07417902983831
0,0,13,0.6201033505584265,10.041673612268712
0,0,14,0.6001000166694449,25.90431738623104
0,0,15,0.7401233538923154,24.234039006501085
0,0,16,0.6301050175029171,11.821970328388065
0,0,17,0.6601100183363894,9.33155525920987
0,0,18,0.7401233538923154,29.80496749458243
0,0,19,0.6101016836139357,45.55759293215536
0,0,20,0.6401066844474079,23.173862310385065
0,0,21,0.5100850141690282,17.012835472578764
0,0,22,0.520086681113519,35.69594932488748
0,0,23,0.6301050175029171,9.551591931988666
0,0,24,0.5600933488914819,25.294215702617105
0,0,25,0.8301383563927321,24.58409734955826
0,0,26,0.49008168028004667,10.801800300050008
0,0,27,0.7301216869478246,48.388064677446245
0,0,28,0.5500916819469912,6.911151858643107
0,0,29,0.5900983497249542,18.32305384230705
0,0,30,0.7501250208368062,24.914152358726454
0,0,31,0.5500916819469912,12.732122020336723
0,0,32,0.4500750125020837,11.781963660610103
0,0,33,0.5800966827804634,22.643773962327057
0,0,34,0.6301050175029171,38.79646607767962
0,0,35,0.6201033505584265,17.452908818136358
0,0,36,0.5600933488914819,30.07501250208368
0,0,37,0.7401233538923154,23.043840640106687
0,0,38,0.6601100183363894,36.3260543423904
0,0,39,0.5600933488914819,45.087514585764296
0,0,40,0.5900983497249542,49.52825470911819
0,0,41,0.4500750125020837,38.47641273545591
0,0,42,0.6101016836139357,43.42723787297883
0,0,43,0.48008001333555594,9.661610268378064
0,0,44,0.4400733455575929,22.863810635105853
0,0,45,0.5600933488914819,58.00966827804634
0,0,46,0.5800966827804634,22.133688948158028
0,0,47,0.7701283547257877,41.85697616269378
0,0,48,0.6301050175029171,10.82180363393899
0,0,49,0.6301050175029171,9.461576929488249
