segment,memory,reaction_mean,reaction_std,retention_mean,retention_std
0,0,0.5947947947947948,0.1097676773001684,7.443243243243244,1.0995792149862105
