segment,memory,trial,reaction_time,retention_time
0,0,0,0.6206206206206206,6.036036036036036
0,0,1,0.7507507507507507,8.008008008008009
0,0,2,0.6306306306306306,8.008008008008009
0,0,3,0.5505505505505506,8.008008008008009
0,0,4,0.6206206206206206,8.008008008008009
0,0,5,0.4804804804804805,8.008008008008009
0,0,6,0.44044044044044045,3.883883883883884
0,0,7,0.6306306306306306,8.008008008008009
0,0,8,0.5905905905905906,8.008008008008009
0,0,9,0.6006006006006006,8.008008008008009
0,0,10,0.7007007007007007,8.008008008008009
0,0,11,0.5505505505505506,8.008008008008009
0,0,12,0.41041041041041043,8.008008008008009
0,0,13,0.5005005005005005,8.008008008008009
0,0,14,0.5305305305305306,8.008008008008009
0,0,15,0.8408408408408409,8.008008008008009
0,0,16,0.38038038038038036,8.008008008008009
0,0,17,0.5005005005005005,8.008008008008009
0,0,18,0.47047047047047047,6.986986986986987
0,0,19,0.4904904904904905,8.008008008008009
0,0,20,0.5505505505505506,6.306306306306306
0,0,21,0.40040040040040037,8.008008008008009
0,0,22,0.6706706706706707,8.008008008008009
0,0,23,0.5605605605605606,8.008008008008009
0,0,24,0.6506506506506506,8.008008008008009
0,0,25,0.5905905905905906,8.008008008008009
0,0,26,0.5905905905905906,8.008008008008009
0,0,27,0.6206206206206206,8.008008008008009
0,0,28,0.6506506506506506,8.008008008008009
0,0,29,0.6506506506506506,7.967967967967968
0,0,30,0.6306306306306306,8.008008008008009
0,0,31,0.7107107107107107,4.774774774774775
0,0,32,0.5805805805805806,8.008008008008009
0,0,33,0.6006006006006006,5.095095095095095
0,0,34,0.7807807807807807,8.008008008008009
0,0,35,0.4804804804804805,6.136136136136136
0,0,36,0.5805805805805806,8.008008008008009
0,0,37,0.5705705705705706,8.008008008008009
0,0,38,0.5105105105105106,6.406406406406406
0,0,39,0.5705705705705706,8.008008008008009
0,0,40,0.7407407407407407,6.566566566566567
0,0,41,0.5505505505505506,8.008008008008009
0,0,42,0.8208208208208209,4.914914914914915
0,0,43,0.41041041041041043,8.008008008008009
0,0,44,0.7507507507507507,5.555555555555555
0,0,45,0.5705705705705706,8.008008008008009
0,0,46,0.7607607607607607,8.008008008008009
0,0,47,0.7507507507507507,5.235235235235235
0,0,48,0.6306306306306306,8.008008008008009
0,0,49,0.5105105105105106,8.008008008008009
