segment,memory,reaction_mean,reaction_std,retention_mean,retention_std
0,0,0.11671671671671671,0.015215914072044789,8.008008008008009,0.0
