segment,memory,reaction_mean,reaction_std,retention_mean,retention_std
0,0,0.6211239288180683,0.2808436265933565,54.96156026004334,12.373809338038047
