segment,memory,reaction_mean,reaction_std,retention_mean,retention_std
0,0,0.4318719786631105,0.07431705408739044,58.00966827804634,0.0
