segment,memory,reaction_mean,reaction_std,retention_mean,retention_std
0,0,0.7293052243401111,0.32714292124189975,56.84947491248541,8.203805962757745
