segment,memory,trial,reaction_time,retention_time
0,0,0,0.5900983497249542,10.931821970328388
