segment,memory,reaction_mean,reaction_std,retention_mean,retention_std
0,0,0.7163193865644274,0.09635495926502397,1.174995832638773,0.17434099865358343
