segment,memory,reaction_mean,reaction_std,retention_mean,retention_std
0,0,0.41041041041041043,0.07866307758887499,2.0904904904904904,0.19919011391473043
