segment,memory,reaction_mean,reaction_std,retention_mean,retention_std
0,0,0.4718718718718719,0.0673471467047551,2.5223223223223226,0.2728980050285597
