segment,memory,reaction_mean,reaction_std,retention_mean,retention_std
0,0,0.5948991498583097,0.08872987917680725,25.54985830971829,13.760041310889036
