segment,memory,trial,reaction_time,retention_time
0,0,0,0.40006667777962995,13.792298716452743
0,0,1,0.4300716786131022,22.133688948158028
0,0,2,0.6501083513918987,5.20086681113519
0,0,3,0.46007667944657443,21.863643940656775
0,0,4,0.720120020003334,12.112018669778298
0,0,5,0.5600933488914819,7.441240206701117
0,0,6,0.6301050175029171,40.23670611768628
0,0,7,0.6401066844474079,36.11601933655609
0,0,8,0.6101016836139357,34.445740956826135
0,0,9,0.6701116852808802,16.622770461743624
0,0,10,0.5900983497249542,25.38423070511752
0,0,11,0.7001166861143524,47.6779463243874
0,0,12,0.4700783463910652,18.503083847307884
0,0,13,0.6301050175029171,35.00583430571762
0,0,14,0.7701283547257877,17.162860476746125
0,0,15,0.6501083513918987,7.531255209201534
0,0,16,0.5500916819469912,31.845307551258543
0,0,17,0.6001000166694449,47.217869644940826
0,0,18,0.5700950158359727,38.44640773462244
0,0,19,0.5300883480580096,15.832638773128856
0,0,20,0.5800966827804634,12.482080346724455
0,0,21,0.6101016836139357,18.383063843973996
0,0,22,0.4400733455575929,28.214702450408403
0,0,23,0.49008168028004667,33.34555759293216
0,0,24,0.7001166861143524,41.57692948824804
0,0,25,0.5400900150025004,8.641440240040007
0,0,26,0.6901150191698616,21.37356226037673
0,0,27,0.6701116852808802,10.30171695282547
0,0,28,0.6401066844474079,58.00966827804634
0,0,29,0.6201033505584265,40.45674279046508
0,0,30,0.4400733455575929,8.931488581430239
0,0,31,0.5300883480580096,50.77846307717953
0,0,32,0.6101016836139357,26.784464077346225
0,0,33,0.6001000166694449,20.723453908984833
0,0,34,0.6701116852808802,17.1928654775796
0,0,35,0.680113352225371,28.34472412068678
0,0,36,0.5700950158359727,23.733955659276546
0,0,37,0.6301050175029171,22.373728954825804
0,0,38,0.7301216869478246,58.00966827804634
0,0,39,0.5400900150025004,17.032838806467744
0,0,40,0.5300883480580096,27.22453742290382
0,0,41,0.5500916819469912,24.16402733788965
0,0,42,0.4300716786131022,35.93598933155526
0,0,43,0.6101016836139357,11.381896982830472
0,0,44,0.7001166861143524,45.66761126854476
0,0,45,0.5900983497249542,9.171528588098017
0,0,46,0.6701116852808802,5.7409568261376895
0,0,47,0.6501083513918987,22.17369561593599
0,0,48,0.5000833472245374,26.484414069011503
0,0,49,0.7001166861143524,28.28471411901984
