segment,memory,reaction_mean,reaction_std,retention_mean,retention_std
0,0,0.6063010501750292,0.08389655373937965,5.036639439906652,1.1906589782982075
