segment,memory,reaction_mean,reaction_std,retention_mean,retention_std
0,0,0.6153025504250709,0.09874800497213336,29.351691948658107,15.4073243010132
