segment,memory,reaction_mean,reaction_std,retention_mean,retention_std
0,0,0.16236236236236237,0.03186625916099865,6.238038038038038,0.9601598475123525
