segment,memory,trial,reaction_time,retention_time
0,0,0,0.16016016016016016,6.756756756756757
0,0,1,0.20020020020020018,6.446446446446447
0,0,2,0.09009009009009009,7.837837837837838
0,0,3,0.10010010010010009,5.085085085085085
0,0,4,0.19019019019019018,5.055055055055055
0,0,5,0.14014014014014015,6.966966966966967
0,0,6,0.14014014014014015,5.505505505505505
0,0,7,0.15015015015015015,5.645645645645645
0,0,8,0.17017017017017017,6.606606606606607
0,0,9,0.16016016016016016,7.087087087087087
0,0,10,0.12012012012012012,6.026026026026026
0,0,11,0.14014014014014015,5.145145145145145
0,0,12,0.14014014014014015,7.067067067067067
0,0,13,0.19019019019019018,8.008008008008009
0,0,14,0.12012012012012012,6.656656656656657
0,0,15,0.22022022022022023,5.365365365365365
0,0,16,0.19019019019019018,6.566566566566567
0,0,17,0.14014014014014015,8.008008008008009
0,0,18,0.12012012012012012,5.385385385385385
0,0,19,0.17017017017017017,6.056056056056056
0,0,20,0.19019019019019018,5.7257257257257255
0,0,21,0.16016016016016016,5.055055055055055
0,0,22,0.13013013013013014,6.076076076076076
0,0,23,0.21021021021021022,5.205205205205205
0,0,24,0.17017017017017017,7.007007007007007
0,0,25,0.21021021021021022,6.796796796796797
0,0,26,0.20020020020020018,7.067067067067067
0,0,27,0.19019019019019018,5.315315315315315
0,0,28,0.15015015015015015,8.008008008008009
0,0,29,0.13013013013013014,6.126126126126126
0,0,30,0.15015015015015015,8.008008008008009
0,0,31,0.15015015015015015,5.8558558558558556
0,0,32,0.16016016016016016,6.096096096096096
0,0,33,0.14014014014014015,6.606606606606607
0,0,34,0.16016016016016016,6.846846846846847
0,0,35,0.16016016016016016,6.126126126126126
0,0,36,0.19019019019019018,5.7157157157157155
0,0,37,0.12012012012012012,5.885885885885886
0,0,38,0.17017017017017017,6.406406406406406
0,0,39,0.13013013013013014,5.925925925925926
0,0,40,0.24024024024024024,5.8458458458458455
0,0,41,0.17017017017017017,3.873873873873874
0,0,42,0.16016016016016016,5.075075075075075
0,0,43,0.17017017017017017,6.806806806806807
0,0,44,0.15015015015015015,6.696696696696697
0,0,45,0.19019019019019018,6.876876876876877
0,0,46,0.20020020020020018,8.008008008008009
0,0,47,0.21021021021021022,5.025025025025025
0,0,48,0.15015015015015015,5.545545545545545
0,0,49,0.15015015015015015,5.015015015015015
