segment,memory,trial,reaction_time,retention_time
0,0,0,0.3203203203203203,4.624624624624625
0,0,1,0.2502502502502503,6.926926926926927
0,0,2,0.3003003003003003,5.415415415415415
0,0,3,0.3103103103103103,6.046046046046046
0,0,4,0.24024024024024024,3.933933933933934
0,0,5,0.3103103103103103,4.324324324324325
0,0,6,0.22022022022022023,5.235235235235235
0,0,7,0.34034034034034033,4.414414414414415
0,0,8,0.18018018018018017,3.5235235235235236
0,0,9,0.34034034034034033,5.085085085085085
0,0,10,0.17017017017017017,5.115115115115115
0,0,11,0.3103103103103103,3.843843843843844
0,0,12,0.2802802802802803,4.3043043043043046
0,0,13,0.2802802802802803,4.474474474474475
0,0,14,0.19019019019019018,4.804804804804805
0,0,15,0.2802802802802803,4.914914914914915
0,0,16,0.2502502502502503,4.734734734734735
0,0,17,0.3003003003003003,4.704704704704705
0,0,18,0.2602602602602603,4.624624624624625
0,0,19,0.2502502502502503,7.297297297297297
0,0,20,0.2802802802802803,4.014014014014014
0,0,21,0.2802802802802803,6.496496496496497
0,0,22,0.2502502502502503,5.485485485485485
0,0,23,0.2802802802802803,3.4834834834834836
0,0,24,0.2902902902902903,3.933933933933934
0,0,25,0.3003003003003003,4.804804804804805
0,0,26,0.19019019019019018,4.724724724724725
0,0,27,0.22022022022022023,4.984984984984985
0,0,28,0.21021021021021022,4.864864864864865
0,0,29,0.2502502502502503,4.694694694694695
0,0,30,0.21021021021021022,5.595595595595595
0,0,31,0.21021021021021022,4.984984984984985
0,0,32,0.2502502502502503,4.2042042042042045
0,0,33,0.2702702702702703,4.004004004004004
0,0,34,0.24024024024024024,3.923923923923924
0,0,35,0.22022022022022023,4.564564564564565
0,0,36,0.24024024024024024,4.814814814814815
0,0,37,0.2602602602602603,4.354354354354355
0,0,38,0.2602602602602603,4.644644644644645
0,0,39,0.2902902902902903,3.853853853853854
0,0,40,0.2602602602602603,6.306306306306306
0,0,41,0.3303303303303303,4.784784784784785
0,0,42,0.19019019019019018,4.054054054054054
0,0,43,0.3003003003003003,3.803803803803804
0,0,44,0.3003003003003003,4.814814814814815
0,0,45,0.34034034034034033,5.7057057057057055
0,0,46,0.2902902902902903,4.514514514514515
0,0,47,0.24024024024024024,4.674674674674675
0,0,48,0.3103103103103103,3.5435435435435436
0,0,49,0.2602602602602603,4.464464464464465
