segment,memory,reaction_mean,reaction_std,retention_mean,retention_std
0,0,0.2642642642642643,0.04379634729333206,4.748948948948949,0.8276832711856085
