segment,memory,reaction_mean,reaction_std,retention_mean,retention_std
0,0,0.6128128128128129,0.09259278583582743,1.3777777777777778,0.2057886832309346
