segment,memory,reaction_mean,reaction_std,retention_mean,retention_std
0,0,0.5548924820803467,0.10740315014867978,5.765560926821137,1.2331151522411568
