segment,memory,reaction_mean,reaction_std,retention_mean,retention_std
0,0,0.5936989498249708,0.09734294058670412,10.666577762960493,3.863212666130781
