segment,memory,reaction_mean,reaction_std,retention_mean,retention_std
0,0,0.49289289289289295,0.0825585290555411,2.6496496496496498,0.46533419874496257
