segment,memory,reaction_mean,reaction_std,retention_mean,retention_std
0,0,0.6268268268268268,0.26718374182616805,8.008008008008009,0.0
