segment,memory,reaction_mean,reaction_std,retention_mean,retention_std
0,0,0.6671115560004449,0.30662015200781695,7.082682682682684,2.536682402484944
