segment,memory,reaction_mean,reaction_std,retention_mean,retention_std
0,0,0.507907907907908,0.06907987465284945,2.0152152152152154,0.29127440737812166
