segment,memory,reaction_mean,reaction_std,retention_mean,retention_std
0,0,0.6276276276276276,0.08873501675099026,3.50990990990991,0.7420391924229984
