segment,memory,reaction_mean,reaction_std,retention_mean,retention_std
0,0,0.6758758758758759,0.1221833925275767,1.412212212212212,0.22525895257489917
