segment,memory,reaction_mean,reaction_std,retention_mean,retention_std
0,0,0.6086086086086087,0.09991607361397638,4.713713713713713,1.1097497513123349
