segment,memory,reaction_mean,reaction_std,retention_mean,retention_std
0,0,0.5810968494749126,0.13208956103372277,55.66907817969662,8.748669326611283
