segment,memory,trial,reaction_time,retention_time
0,0,0,0.4804804804804805,3.2232232232232234
0,0,1,0.40040040040040037,2.8428428428428427
0,0,2,0.41041041041041043,3.3633633633633635
0,0,3,0.5005005005005005,3.4834834834834836
0,0,4,0.4804804804804805,3.6236236236236237
0,0,5,0.4804804804804805,3.6236236236236237
0,0,6,0.5505505505505506,3.173173173173173
0,0,7,0.44044044044044045,2.3623623623623624
0,0,8,0.6206206206206206,3.4834834834834836
0,0,9,0.5905905905905906,2.5825825825825826
0,0,10,0.39039039039039036,2.7927927927927927
0,0,11,0.5305305305305306,3.3633633633633635
0,0,12,0.41041041041041043,2.5425425425425425
0,0,13,0.42042042042042044,2.8028028028028027
0,0,14,0.3203203203203203,3.3133133133133135
0,0,15,0.5305305305305306,2.7627627627627627
0,0,16,0.5405405405405406,3.063063063063063
0,0,17,0.44044044044044045,2.5325325325325325
0,0,18,0.5605605605605606,3.2932932932932935
0,0,19,0.5505505505505506,2.5025025025025025
0,0,20,0.6406406406406406,2.8228228228228227
0,0,21,0.5805805805805806,3.3533533533533535
0,0,22,0.2902902902902903,3.113113113113113
0,0,23,0.6406406406406406,3.3933933933933935
0,0,24,0.5605605605605606,3.113113113113113
0,0,25,0.41041041041041043,2.1721721721721723
0,0,26,0.5905905905905906,2.3823823823823824
0,0,27,0.43043043043043044,3.5035035035035036
0,0,28,0.5405405405405406,3.183183183183183
0,0,29,0.5705705705705706,2.5125125125125125
0,0,30,0.5605605605605606,2.6626626626626626
0,0,31,0.5205205205205206,3.2932932932932935
0,0,32,0.41041041041041043,3.033033033033033
0,0,33,0.5305305305305306,3.193193193193193
0,0,34,0.5205205205205206,3.013013013013013
0,0,35,0.6006006006006006,2.6326326326326326
0,0,36,0.5205205205205206,2.5825825825825826
0,0,37,0.38038038038038036,4.1741741741741745
0,0,38,0.36036036036036034,3.3733733733733735
0,0,39,0.4904904904904905,2.982982982982983
0,0,40,0.5605605605605606,3.113113113113113
0,0,41,0.34034034034034033,3.913913913913914
0,0,42,0.46046046046046046,3.6536536536536537
0,0,43,0.47047047047047047,2.8528528528528527
0,0,44,0.5105105105105106,4.2242242242242245
0,0,45,0.6906906906906907,3.2732732732732734
0,0,46,0.6006006006006006,2.2922922922922924
0,0,47,0.5805805805805806,2.2622622622622623
0,0,48,0.5105105105105106,3.3633633633633635
0,0,49,0.47047047047047047,2.5825825825825826
