segment,memory,reaction_mean,reaction_std,retention_mean,retention_std
0,0,0.4998998998998999,0.08862340845515476,3.055055055055055,0.47938118612687897
