segment,memory,reaction_mean,reaction_std,retention_mean,retention_std
0,0,0.5562927154525754,0.19993013180294644,58.00966827804634,0.0
