segment,memory,reaction_mean,reaction_std,retention_mean,retention_std
0,0,0.35315315315315315,0.0612414703696085,4.283483483483483,0.8614019059984401
