segment,memory,reaction_mean,reaction_std,retention_mean,retention_std
0,0,0.6209034839139858,0.08593882725726734,10.235705950991832,4.713366205068889
