segment,memory,reaction_mean,reaction_std,retention_mean,retention_std
0,0,0.6545988957343231,0.21405535201713738,56.84947491248541,8.203805962757745
