segment,memory,reaction_mean,reaction_std,retention_mean,retention_std
0,0,0.6619103183863977,0.09362115891717873,2.493815635939323,0.4561265463979155
