segment,memory,trial,reaction_time,retention_time
0,0,0,0.6301050175029171,2.230371728621437
0,0,1,0.6101016836139357,2.0003333888981496
0,0,2,0.7901316886147691,1.9803300550091683
0,0,3,0.6601100183363894,2.880480080013336
0,0,4,0.7401233538923154,2.0103350558426407
0,0,5,0.5800966827804634,3.1105184197366227
0,0,6,0.7001166861143524,2.2403733955659275
0,0,7,0.5900983497249542,2.7604600766794465
0,0,8,0.7301216869478246,3.020503417236206
0,0,9,0.7501250208368062,1.9403233872312053
0,0,10,0.5800966827804634,3.120520086681114
0,0,11,0.7001166861143524,2.4504084014002334
0,0,12,0.8901483580596766,2.8404734122353728
0,0,13,0.6601100183363894,2.200366727787965
0,0,14,0.6501083513918987,2.480413402233706
0,0,15,0.7801300216702785,2.3803967327887983
0,0,16,0.7101183530588432,2.390398399733289
0,0,17,0.6701116852808802,2.220370061676946
0,0,18,0.7401233538923154,2.1403567261210203
0,0,19,0.6501083513918987,2.580430071678613
0,0,20,0.720120020003334,2.100350058343057
0,0,21,0.5600933488914819,2.8904817469578266
0,0,22,0.5600933488914819,2.190365060843474
0,0,23,0.6401066844474079,2.4004000666777796
0,0,24,0.6001000166694449,2.4204034005667614
0,0,25,0.9101516919486582,2.110351725287548
0,0,26,0.5300883480580096,3.2105350891815303
0,0,27,0.7401233538923154,2.190365060843474
0,0,28,0.6901150191698616,1.9603267211201867
0,0,29,0.6601100183363894,2.9304884147357892
0,0,30,0.8401400233372229,2.830471745290882
0,0,31,0.5800966827804634,3.8906484414069014
0,0,32,0.520086681113519,2.5404234039006504
0,0,33,0.6101016836139357,2.9704950825137524
0,0,34,0.6601100183363894,2.510418403067178
0,0,35,0.6701116852808802,2.190365060843474
0,0,36,0.6501083513918987,2.1303550591765297
0,0,37,0.7001166861143524,2.2903817302883813
0,0,38,0.720120020003334,2.320386731121854
0,0,39,0.6101016836139357,3.1605267544590765
0,0,40,0.6201033505584265,1.9703283880646776
0,0,41,0.48008001333555594,3.3205534255709286
0,0,42,0.6101016836139357,3.0405067511251875
0,0,43,0.48008001333555594,2.8004667444574096
0,0,44,0.5300883480580096,2.070345057509585
0,0,45,0.5900983497249542,1.9303217202867144
0,0,46,0.7001166861143524,2.8704784130688448
0,0,47,0.7901316886147691,1.7302883813968994
0,0,48,0.6601100183363894,2.4704117352892148
0,0,49,0.6501083513918987,2.2703783963994
