segment,memory,reaction_mean,reaction_std,retention_mean,retention_std
0,0,0.3055055055055055,0.04991667792779262,4.824424424424425,1.1496694977629818
