segment,memory,trial,reaction_time,retention_time
0,0,0,0.5900983497249542,9.631605267544591
0,0,1,0.5900983497249542,6.491081846974496
0,0,2,0.7701283547257877,7.261210201700283
0,0,3,0.6301050175029171,12.15202533755626
0,0,4,0.6901150191698616,10.181696949491583
0,0,5,0.5600933488914819,5.20086681113519
0,0,6,0.6001000166694449,3.4905817636272714
0,0,7,0.5500916819469912,4.800800133355559
0,0,8,0.6901150191698616,10.571761960326722
0,0,9,0.7501250208368062,22.28371395232539
0,0,10,0.5400900150025004,9.671611935322554
0,0,11,0.6701116852808802,6.521086847807968
0,0,12,0.9001500250041674,6.2710451741957
0,0,13,0.6401066844474079,4.890815135855976
0,0,14,0.6101016836139357,14.472412068678114
0,0,15,0.7501250208368062,16.212702117019504
0,0,16,0.6701116852808802,6.771128521420237
0,0,17,0.6601100183363894,7.791298549758293
0,0,18,0.7401233538923154,7.261210201700283
0,0,19,0.6301050175029171,8.581430238373063
0,0,20,0.6701116852808802,4.0506751125187535
0,0,21,0.520086681113519,11.08184697449575
0,0,22,0.5300883480580096,10.68178029671612
0,0,23,0.6301050175029171,4.450741790298383
0,0,24,0.5700950158359727,7.661276879479914
0,0,25,0.8401400233372229,4.14069011501917
0,0,26,0.5000833472245374,6.041006834472412
0,0,27,0.7301216869478246,12.172028671445242
0,0,28,0.5700950158359727,5.080846807801301
0,0,29,0.6101016836139357,8.481413568928154
0,0,30,0.7501250208368062,7.301216869478247
0,0,31,0.5600933488914819,11.49191531921987
0,0,32,0.46007667944657443,9.551591931988666
0,0,33,0.5900983497249542,14.632438739789965
0,0,34,0.6401066844474079,5.670945157526255
0,0,35,0.6301050175029171,12.922153692282048
0,0,36,0.5800966827804634,14.072345390898484
0,0,37,0.7001166861143524,7.101183530588432
0,0,38,0.6901150191698616,6.611101850308385
0,0,39,0.5800966827804634,7.311218536422738
0,0,40,0.5900983497249542,4.220703450575096
0,0,41,0.4500750125020837,8.28138023003834
0,0,42,0.6101016836139357,6.171028504750792
0,0,43,0.48008001333555594,6.291048508084681
0,0,44,0.4700783463910652,7.851308551425237
0,0,45,0.5600933488914819,5.7709618269711624
0,0,46,0.5900983497249542,8.641440240040007
0,0,47,0.7701283547257877,3.8406401066844476
0,0,48,0.6301050175029171,9.641606934489081
0,0,49,0.6301050175029171,6.561093515585931
