segment,memory,reaction_mean,reaction_std,retention_mean,retention_std
0,0,0.6273045507584597,0.09505697248602084,8.365794299049842,3.6868592667152336
