segment,memory,reaction_mean,reaction_std,retention_mean,retention_std
0,0,0.5317317317317317,0.08552891033084481,4.233033033033033,0.9835221748912274
