segment,memory,trial,reaction_time,retention_time
0,0,0,0.7607607607607607,6.666666666666667
0,0,1,0.6906906906906907,8.008008008008009
0,0,2,0.8308308308308309,6.566566566566567
0,0,3,0.8708708708708709,3.3033033033033035
0,0,4,0.5705705705705706,8.008008008008009
0,0,5,0.7707707707707707,3.3433433433433435
0,0,6,0.6206206206206206,8.008008008008009
0,0,7,0.9109109109109109,6.076076076076076
0,0,8,0.8308308308308309,4.2142142142142145
0,0,9,0.7607607607607607,8.008008008008009
0,0,10,0.9209209209209209,8.008008008008009
0,0,11,0.980980980980981,8.008008008008009
0,0,12,0.6806806806806807,8.008008008008009
0,0,13,0.6206206206206206,8.008008008008009
0,0,14,0.5405405405405406,8.008008008008009
0,0,15,0.6506506506506506,8.008008008008009
0,0,16,0.8608608608608609,8.008008008008009
0,0,17,1.2412412412412412,7.4374374374374375
0,0,18,0.5705705705705706,7.867867867867868
0,0,19,0.960960960960961,5.375375375375375
0,0,20,1.1111111111111112,6.466466466466467
0,0,21,0.5805805805805806,8.008008008008009
0,0,22,0.6906906906906907,7.287287287287287
0,0,23,0.6606606606606606,8.008008008008009
0,0,24,0.8908908908908909,8.008008008008009
0,0,25,0.6606606606606606,8.008008008008009
0,0,26,0.5805805805805806,8.008008008008009
0,0,27,0.8308308308308309,8.008008008008009
0,0,28,0.950950950950951,7.027027027027027
0,0,29,0.6106106106106106,5.975975975975976
0,0,30,0.8208208208208209,8.008008008008009
0,0,31,0.7107107107107107,6.336336336336336
0,0,32,0.970970970970971,8.008008008008009
0,0,33,0.7607607607607607,6.716716716716717
0,0,34,0.5505505505505506,8.008008008008009
0,0,35,0.8808808808808809,8.008008008008009
0,0,36,0.7907907907907907,8.008008008008009
0,0,37,0.6906906906906907,8.008008008008009
0,0,38,0.47047047047047047,8.008008008008009
0,0,39,0.960960960960961,8.008008008008009
0,0,40,1.1211211211211212,6.746746746746747
0,0,41,0.7207207207207207,8.008008008008009
0,0,42,0.7407407407407407,3.193193193193193
0,0,43,0.970970970970971,8.008008008008009
0,0,44,0.5705705705705706,8.008008008008009
0,0,45,0.6306306306306306,8.008008008008009
0,0,46,0.5905905905905906,8.008008008008009
0,0,47,0.8908908908908909,8.008008008008009
0,0,48,0.41041041041041043,8.008008008008009
0,0,49,0.6406406406406406,5.7157157157157155
