segment,memory,reaction_mean,reaction_std,retention_mean,retention_std
0,0,0.7621621621621621,0.17656910446413365,7.251451451451452,1.332709302401838
