segment,memory,reaction_mean,reaction_std,retention_mean,retention_std
0,0,0.5517517517517517,0.0949986016816017,1.250850850850851,0.19235470103073904
