segment,memory,reaction_mean,reaction_std,retention_mean,retention_std
0,0,0.592992992992993,0.08968195567503144,7.327127127127128,1.0183527849845324
