segment,memory,reaction_mean,reaction_std,retention_mean,retention_std
0,0,0.21901901901901902,0.03835177458365854,8.008008008008009,0.0
