segment,memory,reaction_mean,reaction_std,retention_mean,retention_std
0,0,0.6418418418418419,0.12250764746836161,3.693293293293293,1.1048775545351621
