segment,memory,reaction_mean,reaction_std,retention_mean,retention_std
0,0,0.5945945945945946,0.10262190829692067,7.707307307307308,0.8004226804384632
