segment,memory,reaction_mean,reaction_std,retention_mean,retention_std
0,0,0.35195195195195195,0.06738812514319031,7.941541541541542,0.30111470536664436
