segment,memory,reaction_mean,reaction_std,retention_mean,retention_std
0,0,0.4730788464744124,0.09831310417042352,58.00966827804634,0.0
