segment,memory,reaction_mean,reaction_std,retention_mean,retention_std
0,0,0.5105105105105106,0.101156809288302,8.008008008008009,0.0
