segment,memory,reaction_mean,reaction_std,retention_mean,retention_std
0,0,0.9194488606253312,0.3509619641679067,4.647047047047048,3.8462203588842
