segment,memory,reaction_mean,reaction_std,retention_mean,retention_std
0,0,0.32232232232232233,0.045715336373933296,4.292492492492492,0.8048829835662986
