segment,memory,reaction_mean,reaction_std,retention_mean,retention_std
0,0,0.3655655655655656,0.07339794906203079,7.967567567567569,0.2233180631965647
