segment,memory,reaction_mean,reaction_std,retention_mean,retention_std
0,0,0.6565094182363729,0.10555334881169219,2.418003000500083,0.39225733255501477
