segment,memory,reaction_mean,reaction_std,retention_mean,retention_std
0,0,0.5977977977977978,0.10282177656812248,6.233433433433434,1.5405689398708984
