segment,memory,reaction_mean,reaction_std,retention_mean,retention_std
0,0,0.6164164164164164,0.09324859394431555,3.4952952952952954,0.9450734156078189
