segment,memory,reaction_mean,reaction_std,retention_mean,retention_std
0,0,0.5757757757757758,0.12916388473021995,8.008008008008009,0.0
