segment,memory,reaction_mean,reaction_std,retention_mean,retention_std
0,0,0.5615221584549807,0.23164531442132533,35.055642607101184,18.676714417943415
