segment,memory,reaction_mean,reaction_std,retention_mean,retention_std
0,0,0.14554554554554555,0.02911097993708659,8.008008008008009,0.0
