segment,memory,reaction_mean,reaction_std,retention_mean,retention_std
0,0,0.6045007501250208,0.09439144652864694,3.7572262043673947,0.9624251859516629
