segment,memory,reaction_mean,reaction_std,retention_mean,retention_std
0,0,0.13793793793793793,0.022546003163399237,7.937537537537538,0.27922739755224807
