segment,memory,reaction_mean,reaction_std,retention_mean,retention_std
0,0,0.2112112112112112,0.03160594323652274,6.909709709709709,0.9923304077928339
