segment,memory,reaction_mean,reaction_std,retention_mean,retention_std
0,0,0.6233038839806635,0.09545132319301787,11.25547591265211,4.535767497359812
