segment,memory,reaction_mean,reaction_std,retention_mean,retention_std
0,0,0.8495161828495162,0.2886099504757634,4.207207207207207,3.8841088288097314
