segment,memory,reaction_mean,reaction_std,retention_mean,retention_std
0,0,0.5547547547547548,0.09530913938156725,2.87967967967968,0.4484756249480803
