segment,memory,reaction_mean,reaction_std,retention_mean,retention_std
0,0,0.6227568540334953,0.1602449897234555,56.84947491248541,8.203805962757745
