segment,memory,reaction_mean,reaction_std,retention_mean,retention_std
0,0,0.7085625382008113,0.4609058904546225,7.506651108518087,3.501264649847823
