segment,memory,reaction_mean,reaction_std,retention_mean,retention_std
0,0,0.5566927821303551,0.13265032898227097,58.00966827804634,0.0
