segment,memory,reaction_mean,reaction_std,retention_mean,retention_std
0,0,0.11371371371371371,0.017602382443505357,8.008008008008009,0.0
