segment,memory,reaction_mean,reaction_std,retention_mean,retention_std
0,0,0.6252252252252252,0.10276547853961752,4.998598598598599,1.445825163658012
