segment,memory,trial,reaction_time,retention_time
0,0,0,0.5405405405405406,4.454454454454455
0,0,1,0.5605605605605606,3.023023023023023
0,0,2,0.5205205205205206,4.504504504504505
0,0,3,0.5605605605605606,4.2842842842842845
0,0,4,0.5705705705705706,5.355355355355355
0,0,5,0.7507507507507507,7.817817817817818
0,0,6,0.7107107107107107,6.016016016016016
0,0,7,0.5805805805805806,4.774774774774775
0,0,8,0.5605605605605606,6.026026026026026
0,0,9,0.5305305305305306,3.6236236236236237
0,0,10,0.6306306306306306,4.034034034034034
0,0,11,0.6106106106106106,5.185185185185185
0,0,12,0.6506506506506506,4.604604604604605
0,0,13,0.5505505505505506,4.504504504504505
0,0,14,0.5305305305305306,5.965965965965966
0,0,15,0.5005005005005005,2.7727727727727727
0,0,16,0.7707707707707707,2.9229229229229228
0,0,17,0.7707707707707707,2.8228228228228227
0,0,18,0.44044044044044045,4.084084084084084
0,0,19,0.7607607607607607,5.245245245245245
0,0,20,0.5205205205205206,3.813813813813814
0,0,21,0.6206206206206206,5.055055055055055
0,0,22,0.6406406406406406,5.275275275275275
0,0,23,0.6306306306306306,7.137137137137137
0,0,24,0.45045045045045046,7.117117117117117
0,0,25,0.7507507507507507,7.687687687687688
0,0,26,0.6506506506506506,5.895895895895896
0,0,27,0.7507507507507507,8.008008008008009
0,0,28,0.46046046046046046,3.843843843843844
0,0,29,0.7707707707707707,4.124124124124124
0,0,30,0.6506506506506506,7.627627627627628
0,0,31,0.5405405405405406,4.2642642642642645
0,0,32,0.8408408408408409,5.385385385385385
0,0,33,0.6106106106106106,7.367367367367367
0,0,34,0.6706706706706707,4.2642642642642645
0,0,35,0.7107107107107107,6.656656656656657
0,0,36,0.8108108108108109,2.5025025025025025
0,0,37,0.7207207207207207,3.833833833833834
0,0,38,0.6706706706706707,5.955955955955956
0,0,39,0.5805805805805806,4.774774774774775
0,0,40,0.6306306306306306,3.823823823823824
0,0,41,0.47047047047047047,6.016016016016016
0,0,42,0.43043043043043044,6.706706706706707
0,0,43,0.6606606606606606,2.6526526526526526
0,0,44,0.6906906906906907,4.644644644644645
0,0,45,0.6606606606606606,4.814814814814815
0,0,46,0.7507507507507507,3.903903903903904
0,0,47,0.5505505505505506,4.1541541541541545
0,0,48,0.6306306306306306,5.685685685685685
0,0,49,0.6306306306306306,4.914914914914915
