segment,memory,reaction_mean,reaction_std,retention_mean,retention_std
0,0,0.5778963160526754,0.09791860341198562,34.559759959993336,14.964113215319577
