segment,memory,reaction_mean,reaction_std,retention_mean,retention_std
0,0,0.638038038038038,0.11164657750197299,2.6736736736736737,0.611125294680132
