segment,memory,trial,reaction_time,retention_time
0,0,0,0.7907907907907907,2.1021021021021022
0,0,1,0.5905905905905906,2.7527527527527527
0,0,2,0.7607607607607607,4.694694694694695
0,0,3,0.35035035035035034,2.2422422422422423
0,0,4,0.6106106106106106,2.062062062062062
0,0,5,0.6306306306306306,2.3323323323323324
0,0,6,0.7407407407407407,2.1221221221221223
0,0,7,0.9109109109109109,4.2442442442442445
0,0,8,0.5305305305305306,1.8018018018018018
0,0,9,0.5805805805805806,2.7927927927927927
0,0,10,0.7107107107107107,2.6426426426426426
0,0,11,0.6706706706706707,2.7927927927927927
0,0,12,0.8408408408408409,2.6226226226226226
0,0,13,0.7607607607607607,1.941941941941942
0,0,14,0.6506506506506506,2.952952952952953
0,0,15,0.5605605605605606,2.3123123123123124
0,0,16,0.6206206206206206,3.3933933933933935
0,0,17,0.6506506506506506,3.6636636636636637
0,0,18,0.6206206206206206,3.2632632632632634
0,0,19,0.6406406406406406,2.8928928928928928
0,0,20,0.5405405405405406,3.2132132132132134
0,0,21,0.6306306306306306,3.153153153153153
0,0,22,0.7107107107107107,2.0820820820820822
0,0,23,0.8508508508508509,2.9029029029029028
0,0,24,0.6506506506506506,2.2722722722722724
0,0,25,0.6506506506506506,2.4824824824824825
0,0,26,0.6206206206206206,3.2232232232232234
0,0,27,0.5705705705705706,2.0820820820820822
0,0,28,0.8108108108108109,2.4724724724724725
0,0,29,0.8208208208208209,2.5625625625625625
0,0,30,0.44044044044044045,2.1821821821821823
0,0,31,0.5505505505505506,2.0820820820820822
0,0,32,0.5405405405405406,2.5525525525525525
0,0,33,0.6406406406406406,2.6526526526526526
0,0,34,0.6606606606606606,3.123123123123123
0,0,35,0.5305305305305306,2.2722722722722724
0,0,36,0.7507507507507507,3.2532532532532534
0,0,37,0.5605605605605606,3.4434434434434436
0,0,38,0.7007007007007007,2.2822822822822824
0,0,39,0.5305305305305306,2.2322322322322323
0,0,40,0.4904904904904905,3.2632632632632634
0,0,41,0.6606606606606606,2.062062062062062
0,0,42,0.6606606606606606,2.4424424424424425
0,0,43,0.5605605605605606,3.2532532532532534
0,0,44,0.6306306306306306,2.952952952952953
0,0,45,0.6106106106106106,3.173173173173173
0,0,46,0.4904904904904905,1.941941941941942
0,0,47,0.6906906906906907,1.961961961961962
0,0,48,0.6606606606606606,2.042042042042042
0,0,49,0.46046046046046046,2.4424424424424425
