segment,memory,reaction_mean,reaction_std,retention_mean,retention_std
0,0,3.2444944944944947,2.2851081363759436,0.3407407407407408,0.9263097603429891
