segment,memory,reaction_mean,reaction_std,retention_mean,retention_std
0,0,0.70271711951992,0.0943838764304174,1.4614435739289882,0.2240876338398061
