segment,memory,reaction_mean,reaction_std,retention_mean,retention_std
0,0,0.1987987987987988,0.03204033007265181,5.204604604604604,0.9929265360655974
