segment,memory,reaction_mean,reaction_std,retention_mean,retention_std
0,0,0.6590590590590591,0.1170744188148093,3.849049049049049,1.0622384052799687
