segment,memory,reaction_mean,reaction_std,retention_mean,retention_std
0,0,0.24124124124124122,0.050121499122899704,7.9633633633633645,0.26404510769481837
