segment,memory,reaction_mean,reaction_std,retention_mean,retention_std
0,0,0.2790790790790791,0.04373280115787098,4.58058058058058,1.0589486462257505
