segment,memory,reaction_mean,reaction_std,retention_mean,retention_std
0,0,0.17757757757757758,0.025485337686682208,8.008008008008009,0.0
