segment,memory,reaction_mean,reaction_std,retention_mean,retention_std
0,0,0.45765765765765765,0.07809012477982782,2.5083083083083086,0.44492623366183837
