segment,memory,reaction_mean,reaction_std,retention_mean,retention_std
0,0,0.5508918153025505,0.16168721143487544,56.64584097349558,5.604459118665943
