segment,memory,reaction_mean,reaction_std,retention_mean,retention_std
0,0,0.32672672672672676,0.047889464757912815,4.563763763763763,0.9202963936265626
