segment,memory,reaction_mean,reaction_std,retention_mean,retention_std
0,0,0.1153153153153153,0.019104305324941787,8.008008008008009,0.0
