segment,memory,reaction_mean,reaction_std,retention_mean,retention_std
0,0,0.5747747747747748,0.08778135732104896,3.3113113113113117,0.7091307739284809
