segment,memory,reaction_mean,reaction_std,retention_mean,retention_std
0,0,0.598998998998999,0.13584802846326188,7.9387387387387385,0.28284285996306674
