segment,memory,reaction_mean,reaction_std,retention_mean,retention_std
0,0,0.2752752752752753,0.048504248837828196,6.971771771771772,1.120263959936865
