segment,memory,reaction_mean,reaction_std,retention_mean,retention_std
0,0,0.15535535535535536,0.024539424532089377,6.574174174174175,1.0195871286961142
