segment,memory,trial,reaction_time,retention_time
0,0,0,0.43043043043043044,2.932932932932933
0,0,1,0.41041041041041043,5.305305305305305
0,0,2,0.36036036036036034,5.015015015015015
0,0,3,0.37037037037037035,4.614614614614615
0,0,4,0.4904904904904905,3.3633633633633635
0,0,5,0.47047047047047047,3.133133133133133
0,0,6,0.41041041041041043,4.2842842842842845
0,0,7,0.2902902902902903,3.4934934934934936
0,0,8,0.38038038038038036,2.972972972972973
0,0,9,0.37037037037037035,3.883883883883884
0,0,10,0.36036036036036034,3.893893893893894
0,0,11,0.38038038038038036,4.544544544544545
0,0,12,0.46046046046046046,4.414414414414415
0,0,13,0.39039039039039036,4.624624624624625
0,0,14,0.3303303303303303,3.3833833833833835
0,0,15,0.36036036036036034,3.3433433433433435
0,0,16,0.43043043043043044,3.853853853853854
0,0,17,0.42042042042042044,3.113113113113113
0,0,18,0.3003003003003003,4.1641641641641645
0,0,19,0.3003003003003003,4.2242242242242245
0,0,20,0.43043043043043044,3.123123123123123
0,0,21,0.47047047047047047,3.5235235235235236
0,0,22,0.37037037037037035,4.2142142142142145
0,0,23,0.42042042042042044,4.474474474474475
0,0,24,0.3203203203203203,4.564564564564565
0,0,25,0.43043043043043044,5.445445445445445
0,0,26,0.44044044044044045,3.973973973973974
0,0,27,0.45045045045045046,3.2232232232232234
0,0,28,0.2602602602602603,4.2342342342342345
0,0,29,0.39039039039039036,6.456456456456457
0,0,30,0.37037037037037035,4.014014014014014
0,0,31,0.44044044044044045,3.3733733733733735
0,0,32,0.41041041041041043,3.5035035035035036
0,0,33,0.47047047047047047,3.203203203203203
0,0,34,0.37037037037037035,3.3833833833833835
0,0,35,0.36036036036036034,3.853853853853854
0,0,36,0.3303303303303303,5.895895895895896
0,0,37,0.44044044044044045,4.434434434434435
0,0,38,0.4904904904904905,4.854854854854855
0,0,39,0.46046046046046046,4.754754754754755
0,0,40,0.3203203203203203,3.7837837837837838
0,0,41,0.4804804804804805,4.2942942942942945
0,0,42,0.41041041041041043,2.8928928928928928
0,0,43,0.47047047047047047,3.7437437437437437
0,0,44,0.36036036036036034,5.095095095095095
0,0,45,0.42042042042042044,4.2142142142142145
0,0,46,0.42042042042042044,4.1441441441441444
0,0,47,0.35035035035035034,4.664664664664665
0,0,48,0.35035035035035034,5.055055055055055
0,0,49,0.40040040040040037,4.354354354354355
