segment,memory,reaction_mean,reaction_std,retention_mean,retention_std
0,0,0.3965965965965966,0.05618613739848038,4.106106106106106,0.7865553846603097
