segment,memory,reaction_mean,reaction_std,retention_mean,retention_std
0,0,0.6462462462462463,0.10873955037872744,3.8352352352352352,1.060800872969974
