segment,memory,trial,reaction_time,retention_time
0,0,0,0.14014014014014015,4.2842842842842845
0,0,1,0.18018018018018017,4.624624624624625
0,0,2,0.21021021021021022,6.906906906906907
0,0,3,0.14014014014014015,5.005005005005005
0,0,4,0.18018018018018017,5.405405405405405
0,0,5,0.18018018018018017,4.1941941941941945
0,0,6,0.15015015015015015,5.425425425425425
0,0,7,0.22022022022022023,5.505505505505505
0,0,8,0.18018018018018017,5.545545545545545
0,0,9,0.22022022022022023,3.983983983983984
0,0,10,0.19019019019019018,6.186186186186186
0,0,11,0.24024024024024024,5.635635635635635
0,0,12,0.14014014014014015,3.6036036036036037
0,0,13,0.18018018018018017,4.794794794794795
0,0,14,0.18018018018018017,6.186186186186186
0,0,15,0.19019019019019018,6.146146146146146
0,0,16,0.18018018018018017,6.346346346346346
0,0,17,0.18018018018018017,4.314314314314315
0,0,18,0.23023023023023023,5.985985985985986
0,0,19,0.21021021021021022,4.724724724724725
0,0,20,0.16016016016016016,5.225225225225225
0,0,21,0.20020020020020018,5.425425425425425
0,0,22,0.15015015015015015,6.146146146146146
0,0,23,0.19019019019019018,3.7237237237237237
0,0,24,0.21021021021021022,6.376376376376376
0,0,25,0.16016016016016016,4.754754754754755
0,0,26,0.17017017017017017,4.2442442442442445
0,0,27,0.21021021021021022,5.945945945945946
0,0,28,0.20020020020020018,5.535535535535535
0,0,29,0.21021021021021022,4.554554554554555
0,0,30,0.21021021021021022,4.774774774774775
0,0,31,0.17017017017017017,4.384384384384385
0,0,32,0.19019019019019018,5.275275275275275
0,0,33,0.23023023023023023,5.135135135135135
0,0,34,0.22022022022022023,3.853853853853854
0,0,35,0.18018018018018017,5.175175175175175
0,0,36,0.20020020020020018,3.933933933933934
0,0,37,0.18018018018018017,4.944944944944945
0,0,38,0.17017017017017017,5.665665665665665
0,0,39,0.17017017017017017,5.165165165165165
0,0,40,0.15015015015015015,6.496496496496497
0,0,41,0.16016016016016016,6.526526526526527
0,0,42,0.20020020020020018,7.327327327327327
0,0,43,0.20020020020020018,4.554554554554555
0,0,44,0.20020020020020018,6.446446446446447
0,0,45,0.21021021021021022,6.926926926926927
0,0,46,0.11011011011011011,5.255255255255255
0,0,47,0.13013013013013014,8.008008008008009
0,0,48,0.22022022022022023,4.524524524524525
0,0,49,0.18018018018018017,6.006006006006006
