segment,memory,reaction_mean,reaction_std,retention_mean,retention_std
0,0,0.1853853853853854,0.028329912763139807,5.342342342342342,0.9873023366633108
