segment,memory,trial,reaction_time,retention_time
0,0,0,0.6706706706706707,3.6036036036036037
0,0,1,0.5905905905905906,3.3133133133133135
0,0,2,0.4904904904904905,3.2832832832832834
0,0,3,0.5405405405405406,5.075075075075075
0,0,4,0.7607607607607607,3.063063063063063
0,0,5,0.6306306306306306,3.903903903903904
0,0,6,0.5805805805805806,2.4824824824824825
0,0,7,0.5605605605605606,3.143143143143143
0,0,8,0.5805805805805806,3.3433433433433435
0,0,9,0.6906906906906907,3.2732732732732734
0,0,10,0.5105105105105106,5.155155155155155
0,0,11,0.5405405405405406,3.023023023023023
0,0,12,0.6206206206206206,3.6136136136136137
0,0,13,0.6606606606606606,2.4024024024024024
0,0,14,0.6406406406406406,2.942942942942943
0,0,15,0.6106106106106106,3.133133133133133
0,0,16,0.4904904904904905,2.7427427427427427
0,0,17,0.7607607607607607,5.035035035035035
0,0,18,0.8008008008008007,4.054054054054054
0,0,19,0.5805805805805806,4.004004004004004
0,0,20,0.5605605605605606,3.6436436436436437
0,0,21,0.6006006006006006,3.003003003003003
0,0,22,0.5605605605605606,3.893893893893894
0,0,23,0.5005005005005005,3.3333333333333335
0,0,24,0.8408408408408409,3.4134134134134135
0,0,25,0.6006006006006006,4.344344344344345
0,0,26,0.5505505505505506,4.784784784784785
0,0,27,0.7607607607607607,2.7727727727727727
0,0,28,0.5705705705705706,3.2632632632632634
0,0,29,0.5405405405405406,3.7237237237237237
0,0,30,0.6306306306306306,2.7127127127127126
0,0,31,0.4904904904904905,2.5925925925925926
0,0,32,0.7307307307307307,3.4734734734734736
0,0,33,0.7207207207207207,3.183183183183183
0,0,34,0.6306306306306306,3.873873873873874
0,0,35,0.6606606606606606,2.8328328328328327
0,0,36,0.6306306306306306,4.884884884884885
0,0,37,0.8408408408408409,3.173173173173173
0,0,38,0.5905905905905906,2.5025025025025025
0,0,39,0.45045045045045046,3.2332332332332334
0,0,40,0.7107107107107107,4.334334334334335
0,0,41,0.6106106106106106,3.4634634634634636
0,0,42,0.7207207207207207,2.6126126126126126
0,0,43,0.4904904904904905,4.854854854854855
0,0,44,0.6406406406406406,3.6436436436436437
0,0,45,0.6406406406406406,3.073073073073073
0,0,46,0.7207207207207207,2.8928928928928928
0,0,47,0.7707707707707707,3.143143143143143
0,0,48,0.6406406406406406,4.604604604604605
0,0,49,0.6006006006006006,2.3323323323323324
