segment,memory,reaction_mean,reaction_std,retention_mean,retention_std
0,0,0.6264264264264264,0.09485750406732806,3.4836836836836835,0.7498676889988926
