segment,memory,reaction_mean,reaction_std,retention_mean,retention_std
0,0,0.6370370370370371,0.09987021876471092,3.237037037037037,0.750509354938378
