segment,memory,reaction_mean,reaction_std,retention_mean,retention_std
0,0,0.23263263263263262,0.04400874414860286,5.165365365365366,1.0050794119721278
