segment,memory,reaction_mean,reaction_std,retention_mean,retention_std
0,0,0.2088088088088088,0.04059844325174971,8.008008008008009,0.0
