segment,memory,trial,reaction_time,retention_time
0,0,0,0.3203203203203203,4.894894894894895
0,0,1,0.2902902902902903,5.115115115115115
0,0,2,0.39039039039039036,4.804804804804805
0,0,3,0.34034034034034033,5.105105105105105
0,0,4,0.2502502502502503,4.464464464464465
0,0,5,0.39039039039039036,3.7137137137137137
0,0,6,0.2702702702702703,7.097097097097097
0,0,7,0.24024024024024024,4.954954954954955
0,0,8,0.37037037037037035,5.115115115115115
0,0,9,0.2902902902902903,6.266266266266266
0,0,10,0.34034034034034033,6.556556556556557
0,0,11,0.36036036036036034,4.2442442442442445
0,0,12,0.3203203203203203,4.944944944944945
0,0,13,0.3003003003003003,5.075075075075075
0,0,14,0.2902902902902903,4.104104104104104
0,0,15,0.2702702702702703,5.305305305305305
0,0,16,0.2702702702702703,5.8058058058058055
0,0,17,0.37037037037037035,4.664664664664665
0,0,18,0.35035035035035034,4.1841841841841845
0,0,19,0.2902902902902903,4.414414414414415
0,0,20,0.39039039039039036,4.054054054054054
0,0,21,0.3303303303303303,4.454454454454455
0,0,22,0.35035035035035034,3.843843843843844
0,0,23,0.37037037037037035,5.335335335335335
0,0,24,0.2902902902902903,4.834834834834835
0,0,25,0.3203203203203203,4.634634634634635
0,0,26,0.2502502502502503,4.344344344344345
0,0,27,0.2602602602602603,4.2842842842842845
0,0,28,0.3203203203203203,6.176176176176176
0,0,29,0.39039039039039036,5.155155155155155
0,0,30,0.3103103103103103,3.843843843843844
0,0,31,0.2702702702702703,4.114114114114114
0,0,32,0.22022022022022023,3.973973973973974
0,0,33,0.2602602602602603,3.5135135135135136
0,0,34,0.23023023023023023,4.634634634634635
0,0,35,0.35035035035035034,3.6936936936936937
0,0,36,0.2602602602602603,4.384384384384385
0,0,37,0.3203203203203203,3.3033033033033035
0,0,38,0.3303303303303303,3.103103103103103
0,0,39,0.3203203203203203,4.024024024024024
0,0,40,0.35035035035035034,3.7637637637637638
0,0,41,0.2702702702702703,4.594594594594595
0,0,42,0.3203203203203203,6.016016016016016
0,0,43,0.2702702702702703,4.024024024024024
0,0,44,0.35035035035035034,4.384384384384385
0,0,45,0.38038038038038036,4.554554554554555
0,0,46,0.39039039039039036,4.574574574574575
0,0,47,0.38038038038038036,3.5535535535535536
0,0,48,0.23023023023023023,5.275275275275275
0,0,49,0.2602602602602603,4.054054054054054
