segment,memory,reaction_mean,reaction_std,retention_mean,retention_std
0,0,0.3133133133133133,0.04967068334894438,4.626626626626627,0.8380320821990282
