segment,memory,reaction_mean,reaction_std,retention_mean,retention_std
0,0,0.5688948158026338,0.09562654258261864,6.812335389231539,1.685859227707658
