segment,memory,reaction_mean,reaction_std,retention_mean,retention_std
0,0,0.573973973973974,0.14265093927682568,8.008008008008009,0.0
