segment,memory,reaction_mean,reaction_std,retention_mean,retention_std
0,0,0.6083013835639274,0.12192175253828393,58.00966827804634,0.0
