segment,memory,reaction_mean,reaction_std,retention_mean,retention_std
0,0,0.6126126126126126,0.08370090448541051,2.9425425425425424,0.6762378636270223
