segment,memory,reaction_mean,reaction_std,retention_mean,retention_std
0,0,0.5896982830471745,0.08977564214899765,10.684980830138356,3.9694440635128245
