segment,memory,reaction_mean,reaction_std,retention_mean,retention_std
0,0,0.6472472472472472,0.09200167339025604,2.063463463463463,0.313343367356058
