segment,memory,reaction_mean,reaction_std,retention_mean,retention_std
0,0,1.072072072072072,0.20081466854545726,1.4544544544544544,0.48378556731956784
