segment,memory,reaction_mean,reaction_std,retention_mean,retention_std
0,0,1.6656049989383321,0.404956710151069,2.260860860860861,2.651089990974892
