segment,memory,reaction_mean,reaction_std,retention_mean,retention_std
0,0,0.6602602602602603,0.08234523889982927,2.3693693693693696,0.35807332891865806
