segment,memory,reaction_mean,reaction_std,retention_mean,retention_std
0,0,0.6385064177362894,0.292151273804131,54.09601600266711,10.514376342765104
