segment,memory,reaction_mean,reaction_std,retention_mean,retention_std
0,0,1.2634634634634636,0.2919815705629207,1.4618618618618617,0.6480508999665984
