segment,memory,reaction_mean,reaction_std,retention_mean,retention_std
0,0,0.6089014835805968,0.12817369510624457,58.00966827804634,0.0
