segment,memory,reaction_mean,reaction_std,retention_mean,retention_std
0,0,0.1843843843843844,0.02817429448239912,7.532132132132133,0.7928534829908128
