segment,memory,reaction_mean,reaction_std,retention_mean,retention_std
0,0,0.4118118118118118,0.07782703137141729,7.762962962962963,0.5993369204054838
