segment,memory,reaction_mean,reaction_std,retention_mean,retention_std
0,0,0.42342342342342343,0.08875805882272401,8.008008008008009,0.0
