segment,memory,reaction_mean,reaction_std,retention_mean,retention_std
0,0,0.43763763763763763,0.08069162418906885,6.551751751751753,1.37683852724957
