segment,memory,reaction_mean,reaction_std,retention_mean,retention_std
0,0,0.5023023023023023,0.15918286226959844,8.008008008008009,0.0
