segment,memory,reaction_mean,reaction_std,retention_mean,retention_std
0,0,0.5115115115115115,0.18200104092758557,8.008008008008009,0.0
