segment,memory,reaction_mean,reaction_std,retention_mean,retention_std
0,0,0.30930930930930933,0.0519643709727059,7.867467467467468,0.46098402295559704
