segment,memory,reaction_mean,reaction_std,retention_mean,retention_std
0,0,0.6407190314031931,0.28722093182185127,49.049974995832635,20.741508377313597
