segment,memory,reaction_mean,reaction_std,retention_mean,retention_std
0,0,0.6258258258258258,0.28125798008949654,8.008008008008009,0.0
