segment,memory,reaction_mean,reaction_std,retention_mean,retention_std
0,0,0.6884126077750548,0.2973001334416858,53.3892982163694,15.828014931294241
