segment,memory,reaction_mean,reaction_std,retention_mean,retention_std
0,0,0.7591591591591592,0.13272632052661865,4.131931931931932,1.2403814434006624
