segment,memory,reaction_mean,reaction_std,retention_mean,retention_std
0,0,0.2042042042042042,0.031524964514584024,5.976776776776777,1.189539175074736
