segment,memory,reaction_mean,reaction_std,retention_mean,retention_std
0,0,0.499483247207868,0.08616586492636293,58.00966827804634,0.0
