segment,memory,reaction_mean,reaction_std,retention_mean,retention_std
0,0,0.5242873812302051,0.14852872298811404,15.739223203867311,5.278042489860308
