segment,memory,trial,reaction_time,retention_time
0,0,0,0.3500583430571762,26.094349058176363
0,0,1,0.5400900150025004,12.482080346724455
0,0,2,0.5700950158359727,14.712452075345892
0,0,3,0.5800966827804634,20.383397232872145
0,0,4,0.40006667777962995,20.04334055675946
0,0,5,0.7801300216702785,18.01300216702784
0,0,6,0.5100850141690282,17.072845474245707
0,0,7,0.8301383563927321,10.101683613935656
0,0,8,0.49008168028004667,12.752125354225704
0,0,9,0.7501250208368062,19.37322887147858
0,0,10,0.48008001333555594,14.032338723120521
0,0,11,0.3500583430571762,26.61443573928988
0,0,12,0.5100850141690282,16.752792132022005
0,0,13,0.520086681113519,12.632105350891816
0,0,14,0.5700950158359727,10.251708618103018
0,0,15,0.3300550091681947,12.9721620270045
0,0,16,0.5400900150025004,14.152358726454409
0,0,17,0.8001333555592599,10.901816969494917
0,0,18,0.5900983497249542,11.001833638939823
0,0,19,0.48008001333555594,18.42307051175196
0,0,20,0.28004667444574094,24.02400400066678
0,0,21,0.4700783463910652,17.582930488414735
0,0,22,0.5900983497249542,11.87197866311052
0,0,23,0.5000833472245374,10.871811968661444
0,0,24,0.4500750125020837,11.511918653108852
0,0,25,0.520086681113519,9.75162527087848
0,0,26,0.5300883480580096,13.522253708951492
0,0,27,0.5400900150025004,16.252708784797466
0,0,28,0.40006667777962995,14.932488748124689
0,0,29,0.360060010001667,22.153692282047007
0,0,30,0.4300716786131022,12.81213535589265
0,0,31,0.5800966827804634,27.894649108184698
0,0,32,0.6701116852808802,8.191365227537924
0,0,33,0.5300883480580096,7.7012835472578764
0,0,34,0.680113352225371,12.272045340890148
0,0,35,0.4400733455575929,19.62327054509085
0,0,36,0.49008168028004667,20.323387231205203
0,0,37,0.5700950158359727,8.181363560593432
0,0,38,0.4700783463910652,18.083013835639274
0,0,39,0.38006334389064844,25.044174029004836
0,0,40,0.6901150191698616,10.381730288381398
0,0,41,0.6601100183363894,11.651941990331723
0,0,42,0.6001000166694449,22.773795632605434
0,0,43,0.3700616769461577,23.143857309551592
0,0,44,0.5400900150025004,15.11251875312552
0,0,45,0.4700783463910652,13.63227204534089
0,0,46,0.31005167527921323,14.182363727287882
0,0,47,0.42007001166861146,14.502417069511585
0,0,48,1.030171695282547,9.021503583930656
0,0,49,0.2700450075012502,21.193532255375896
