segment,memory,reaction_mean,reaction_std,retention_mean,retention_std
0,0,0.2782782782782783,0.0559348125714513,7.726126126126127,0.6805675930222026
