segment,memory,reaction_mean,reaction_std,retention_mean,retention_std
0,0,0.62091981316614,0.28853434475760753,56.84947491248541,8.203805962757745
