segment,memory,trial,reaction_time,retention_time
0,0,0,0.40006667777962995,58.00966827804634
0,0,1,0.4500750125020837,58.00966827804634
0,0,2,1.0201700283380564,58.00966827804634
0,0,3,0.520086681113519,58.00966827804634
0,0,4,0.48008001333555594,58.00966827804634
0,0,5,0.3400566761126855,58.00966827804634
0,0,6,0.6301050175029171,58.00966827804634
0,0,7,0.40006667777962995,58.00966827804634
0,0,8,0.7801300216702785,58.00966827804634
0,0,9,1.3402233705617603,58.00966827804634
0,0,10,0.4400733455575929,58.00966827804634
0,0,11,0.4300716786131022,58.00966827804634
0,0,12,0.8801466911151858,58.00966827804634
0,0,13,0.4300716786131022,58.00966827804634
0,0,14,0.4400733455575929,58.00966827804634
0,0,15,0.7601266877812969,58.00966827804634
0,0,16,0.4700783463910652,58.00966827804634
0,0,17,0.46007667944657443,58.00966827804634
0,0,18,0.48008001333555594,58.00966827804634
0,0,19,0.5600933488914819,58.00966827804634
0,0,20,1.0801800300050008,58.00966827804634
0,0,21,0.40006667777962995,58.00966827804634
0,0,22,0.3500583430571762,58.00966827804634
0,0,23,0.31005167527921323,58.00966827804634
0,0,24,0.8301383563927321,58.00966827804634
0,0,25,0.38006334389064844,58.00966827804634
0,0,26,0.5600933488914819,58.00966827804634
0,0,27,0.48008001333555594,58.00966827804634
0,0,28,0.5500916819469912,58.00966827804634
0,0,29,0.5900983497249542,58.00966827804634
0,0,30,0.5700950158359727,58.00966827804634
0,0,31,0.6501083513918987,58.00966827804634
0,0,32,0.6501083513918987,58.00966827804634
0,0,33,0.5800966827804634,58.00966827804634
0,0,34,0.6701116852808802,58.00966827804634
0,0,35,0.7501250208368062,58.00966827804634
0,0,36,0.5300883480580096,58.00966827804634
0,0,37,1.1901983663943991,58.00966827804634
0,0,38,0.42007001166861146,58.00966827804634
0,0,39,0.5500916819469912,58.00966827804634
0,0,40,0.4300716786131022,58.00966827804634
0,0,41,0.2900483413902317,58.00966827804634
0,0,42,0.49008168028004667,58.00966827804634
0,0,43,1.3802300383397232,58.00966827804634
0,0,44,0.5700950158359727,58.00966827804634
0,0,45,0.720120020003334,58.00966827804634
0,0,46,1.630271711951992,58.00966827804634
0,0,47,0.46007667944657443,58.00966827804634
0,0,48,0.6501083513918987,58.00966827804634
0,0,49,,0.0
