segment,memory,reaction_mean,reaction_std,retention_mean,retention_std
0,0,0.5617617617617617,0.09054608257223468,3.278678678678679,0.7007334148676988
