segment,memory,reaction_mean,reaction_std,retention_mean,retention_std
0,0,0.5887887887887888,0.10644994422342322,7.925125125125126,0.4102087655502922
