segment,memory,reaction_mean,reaction_std,retention_mean,retention_std
0,0,0.6664664664664665,0.10520165881185983,3.840840840840841,1.0470154662332725
