segment,memory,reaction_mean,reaction_std,retention_mean,retention_std
0,0,0.6701116852808802,0.09618764658704161,2.19456576096016,0.35972016715715205
