segment,memory,reaction_mean,reaction_std,retention_mean,retention_std
0,0,0.6263043840640107,0.23959641067392526,58.00966827804634,0.0
