segment,memory,reaction_mean,reaction_std,retention_mean,retention_std
0,0,0.14694694694694696,0.028272108351225272,8.008008008008009,0.0
