segment,memory,reaction_mean,reaction_std,retention_mean,retention_std
0,0,0.6298298298298298,0.0955609088265984,2.3365365365365367,0.38351289371562486
