segment,memory,reaction_mean,reaction_std,retention_mean,retention_std
0,0,0.6478478478478479,0.09985547523406961,3.2910910910910913,0.719062650499714
