segment,memory,reaction_mean,reaction_std,retention_mean,retention_std
0,0,0.2988988988988989,0.05694961619286231,8.005005005005007,0.021234437873469986
