segment,memory,reaction_mean,reaction_std,retention_mean,retention_std
0,0,0.6781130188364728,0.09663232492412116,1.9251208534755793,0.32757614851701067
