segment,memory,reaction_mean,reaction_std,retention_mean,retention_std
0,0,0.2866866866866867,0.05711992098530496,7.875275275275276,0.4596195000627787
