segment,memory,reaction_mean,reaction_std,retention_mean,retention_std
0,0,0.1803803803803804,0.02464336861288704,5.766566566566566,1.0917119061824783
