segment,memory,reaction_mean,reaction_std,retention_mean,retention_std
0,0,0.6337056176029339,0.08999821809309497,3.0217036172695453,0.6902337510180252
