segment,memory,reaction_mean,reaction_std,retention_mean,retention_std
0,0,0.5614935822637106,0.12262832473989498,48.41306884480747,13.829250064216671
