segment,memory,reaction_mean,reaction_std,retention_mean,retention_std
0,0,1.6960710710710711,1.2479880921622823,1.2464464464464464,1.5997213739168423
