segment,memory,reaction_mean,reaction_std,retention_mean,retention_std
0,0,0.6478352452681508,0.3203211791461247,48.94935822637106,20.98550500160214
