segment,memory,trial,reaction_time,retention_time
0,0,0,0.8708708708708709,2.3723723723723724
0,0,1,0.9109109109109109,2.0920920920920922
0,0,2,1.001001001001001,1.2812812812812813
0,0,3,1.2212212212212212,0.9309309309309309
0,0,4,0.9009009009009009,0.8108108108108109
0,0,5,1.2912912912912913,1.021021021021021
0,0,6,0.7807807807807807,1.8218218218218218
0,0,7,1.2212212212212212,1.6916916916916918
0,0,8,0.7307307307307307,1.4114114114114114
0,0,9,1.3713713713713713,2.012012012012012
0,0,10,1.001001001001001,1.1611611611611612
0,0,11,1.5915915915915915,1.3313313313313313
0,0,12,1.1311311311311312,0.8008008008008007
0,0,13,1.021021021021021,1.7217217217217218
0,0,14,1.2812812812812813,1.1711711711711712
0,0,15,1.1311311311311312,1.7017017017017018
0,0,16,1.4414414414414414,1.3213213213213213
0,0,17,0.8408408408408409,1.911911911911912
0,0,18,1.2812812812812813,1.3213213213213213
0,0,19,1.1011011011011012,1.1611611611611612
0,0,20,0.8508508508508509,1.4714714714714714
0,0,21,0.960960960960961,1.921921921921922
0,0,22,1.1011011011011012,1.941941941941942
0,0,23,1.2412412412412412,1.6616616616616617
0,0,24,1.0410410410410411,0.8508508508508509
0,0,25,0.990990990990991,0.8208208208208209
0,0,26,1.3913913913913913,1.3513513513513513
0,0,27,1.1911911911911912,1.981981981981982
0,0,28,0.960960960960961,1.921921921921922
0,0,29,1.3913913913913913,1.001001001001001
0,0,30,0.990990990990991,1.7917917917917918
0,0,31,0.7607607607607607,2.8328328328328327
0,0,32,1.1511511511511512,1.1311311311311312
0,0,33,0.8108108108108109,0.9109109109109109
0,0,34,1.4314314314314314,1.0510510510510511
0,0,35,1.0610610610610611,1.2912912912912913
0,0,36,1.1311311311311312,1.4514514514514514
0,0,37,1.4914914914914914,0.9409409409409409
0,0,38,1.1711711711711712,1.3613613613613613
0,0,39,0.8808808808808809,1.7317317317317318
0,0,40,1.2612612612612613,1.3513513513513513
0,0,41,1.1011011011011012,1.6316316316316317
0,0,42,1.0810810810810811,0.8708708708708709
0,0,43,1.1611611611611612,1.5315315315315314
0,0,44,0.8808808808808809,1.1211211211211212
0,0,45,1.4814814814814814,0.6906906906906907
0,0,46,0.8808808808808809,1.8518518518518519
0,0,47,1.0610610610610611,1.0510510510510511
0,0,48,0.980980980980981,1.021021021021021
0,0,49,0.8808808808808809,1.2412412412412412
