segment,memory,reaction_mean,reaction_std,retention_mean,retention_std
0,0,1.097897897897898,0.21217520625320777,1.4166166166166168,0.45685911635021115
