segment,memory,reaction_mean,reaction_std,retention_mean,retention_std
0,0,0.2084084084084084,0.03418211957783528,4.952152152152152,0.7002045188116438
