segment,memory,reaction_mean,reaction_std,retention_mean,retention_std
0,0,1.221821821821822,0.21758974311429582,0.9909909909909911,0.27724331358507637
