segment,memory,reaction_mean,reaction_std,retention_mean,retention_std
0,0,0.6270270270270271,0.10531181429044587,4.755155155155155,1.2267211403151115
