segment,memory,reaction_mean,reaction_std,retention_mean,retention_std
0,0,0.5803803803803804,0.09685006020575797,7.777577577577579,0.6588862211821329
