segment,memory,reaction_mean,reaction_std,retention_mean,retention_std
0,0,0.21921921921921922,0.029876422730982677,4.857657657657658,0.9059531161673194
