segment,memory,reaction_mean,reaction_std,retention_mean,retention_std
0,0,0.4322322322322322,0.06934224238289637,2.220820820820821,0.2639351125208952
