segment,memory,reaction_mean,reaction_std,retention_mean,retention_std
0,0,0.6472472472472472,0.20102188835437493,7.986386386386386,0.1528879526889834
