segment,memory,reaction_mean,reaction_std,retention_mean,retention_std
0,0,0.23583583583583587,0.041354494173991146,8.008008008008009,0.0
