segment,memory,reaction_mean,reaction_std,retention_mean,retention_std
0,0,0.6318818818818819,0.29201196657182954,7.554354354354355,1.820578216534179
