segment,memory,reaction_mean,reaction_std,retention_mean,retention_std
0,0,0.5751751751751751,0.18782849681838265,8.008008008008009,0.0
