segment,memory,reaction_mean,reaction_std,retention_mean,retention_std
0,0,0.6827137856309384,0.09751162074359862,1.3436239373228873,0.2148314841458621
