segment,memory,reaction_mean,reaction_std,retention_mean,retention_std
0,0,0.7255255255255255,0.14675800294294453,5.923923923923923,1.638542039874885
