segment,memory,reaction_mean,reaction_std,retention_mean,retention_std
0,0,0.16096096096096096,0.023570310628384397,5.401601601601601,0.6296453649699764
