segment,memory,reaction_mean,reaction_std,retention_mean,retention_std
0,0,1.5507815507815508,0.8940297966180507,5.780980980980981,3.5971481973487514
