segment,memory,reaction_mean,reaction_std,retention_mean,retention_std
0,0,0.663710618436406,0.09522262718659658,2.414002333722287,0.4420902110815727
