segment,memory,trial,reaction_time,retention_time
0,0,0,0.6401066844474079,2.220370061676946
0,0,1,0.6101016836139357,1.9603267211201867
0,0,2,0.7901316886147691,1.8903150525087515
0,0,3,0.6601100183363894,2.8704784130688448
0,0,4,0.7401233538923154,1.990331721953659
0,0,5,0.5800966827804634,2.750458409734956
0,0,6,0.7001166861143524,2.2103683947324555
0,0,7,0.5900983497249542,2.710451741956993
0,0,8,0.7501250208368062,2.9304884147357892
0,0,9,0.7501250208368062,1.9303217202867144
0,0,10,0.5800966827804634,2.4904150691781965
0,0,11,0.7101183530588432,2.4504084014002334
0,0,12,0.8901483580596766,2.830471745290882
0,0,13,0.6601100183363894,2.150358393065511
0,0,14,0.6501083513918987,2.460410068344724
0,0,15,0.7801300216702785,2.0503417236206034
0,0,16,0.7101183530588432,2.3803967327887983
0,0,17,0.6701116852808802,2.1303550591765297
0,0,18,0.7401233538923154,2.1303550591765297
0,0,19,0.6501083513918987,2.5604267377896317
0,0,20,0.7301216869478246,2.080346724454076
0,0,21,0.5600933488914819,2.880480080013336
0,0,22,0.5600933488914819,2.080346724454076
0,0,23,0.6401066844474079,1.9803300550091683
0,0,24,0.6001000166694449,2.2603767294549093
0,0,25,0.9301550258376396,2.0503417236206034
0,0,26,0.5300883480580096,3.2005334222370396
0,0,27,0.7401233538923154,2.1603600600100017
0,0,28,0.6901150191698616,1.9403233872312053
0,0,29,0.6601100183363894,2.9204867477912986
0,0,30,0.8401400233372229,2.6604434072345393
0,0,31,0.5800966827804634,3.8806467744624107
0,0,32,0.520086681113519,2.4504084014002334
0,0,33,0.6101016836139357,2.950491748624771
0,0,34,0.6601100183363894,2.4904150691781965
0,0,35,0.6701116852808802,2.180363393898983
0,0,36,0.6501083513918987,2.030338389731622
0,0,37,0.7001166861143524,2.200366727787965
0,0,38,0.720120020003334,2.2803800633438907
0,0,39,0.6101016836139357,2.8004667444574096
0,0,40,0.6201033505584265,1.9603267211201867
0,0,41,0.48008001333555594,3.2405400900150028
0,0,42,0.6101016836139357,3.0105017502917155
0,0,43,0.48008001333555594,2.8004667444574096
0,0,44,0.5300883480580096,2.070345057509585
0,0,45,0.5900983497249542,1.87031171861977
0,0,46,0.7001166861143524,2.8004667444574096
0,0,47,0.7901316886147691,1.710285047507918
0,0,48,0.6701116852808802,2.4404067344557427
0,0,49,0.6601100183363894,2.220370061676946
