segment,memory,reaction_mean,reaction_std,retention_mean,retention_std
0,0,0.1653653653653654,0.02630891742960133,6.787587587587588,1.0639995573405963
