segment,memory,reaction_mean,reaction_std,retention_mean,retention_std
0,0,1.0226893560226895,0.4646766472201346,2.4364364364364364,3.3957984748042733
