segment,memory,trial,reaction_time,retention_time
0,0,0,0.6906906906906907,2.1921921921921923
0,0,1,0.6906906906906907,2.6226226226226226
0,0,2,0.5605605605605606,2.4224224224224224
0,0,3,0.5605605605605606,2.4224224224224224
0,0,4,0.6906906906906907,2.012012012012012
0,0,5,0.6806806806806807,2.042042042042042
0,0,6,0.5805805805805806,1.6816816816816818
0,0,7,0.7507507507507507,2.5625625625625625
0,0,8,0.8208208208208209,1.981981981981982
0,0,9,0.7607607607607607,2.3523523523523524
0,0,10,0.8008008008008007,2.1621621621621623
0,0,11,0.7407407407407407,2.3223223223223224
0,0,12,0.4804804804804805,2.002002002002002
0,0,13,0.6206206206206206,2.5825825825825826
0,0,14,0.6706706706706707,2.2322322322322323
0,0,15,0.6106106106106106,2.2122122122122123
0,0,16,0.7407407407407407,2.6726726726726726
0,0,17,0.7807807807807807,2.2622622622622623
0,0,18,0.6506506506506506,2.0920920920920922
0,0,19,0.6806806806806807,1.941941941941942
0,0,20,0.5805805805805806,2.4624624624624625
0,0,21,0.5605605605605606,2.1121121121121122
0,0,22,0.5505505505505506,1.7817817817817818
0,0,23,0.5905905905905906,2.2822822822822824
0,0,24,0.7707707707707707,2.4324324324324325
0,0,25,0.6406406406406406,2.1721721721721723
0,0,26,0.6106106106106106,1.7017017017017018
0,0,27,0.6606606606606606,1.8218218218218218
0,0,28,0.5605605605605606,2.012012012012012
0,0,29,0.7007007007007007,2.7027027027027026
0,0,30,0.5705705705705706,2.972972972972973
0,0,31,0.6606606606606606,3.043043043043043
0,0,32,0.7507507507507507,2.1321321321321323
0,0,33,0.7507507507507507,2.032032032032032
0,0,34,0.6506506506506506,2.9229229229229228
0,0,35,0.5705705705705706,2.3623623623623624
0,0,36,0.7907907907907907,1.7817817817817818
0,0,37,0.7907907907907907,2.5425425425425425
0,0,38,0.6606606606606606,2.3823823823823824
0,0,39,0.6606606606606606,1.7917917917917918
0,0,40,0.6406406406406406,2.2522522522522523
0,0,41,0.7907907907907907,1.8318318318318318
0,0,42,0.6206206206206206,2.002002002002002
0,0,43,0.6106106106106106,2.3823823823823824
0,0,44,0.5405405405405406,2.2922922922922924
0,0,45,0.6706706706706707,2.4724724724724725
0,0,46,0.6706706706706707,2.7727727727727727
0,0,47,0.6706706706706707,2.1121121121121122
0,0,48,0.7507507507507507,2.4724724724724725
0,0,49,0.7307307307307307,2.7027027027027026
