segment,memory,reaction_mean,reaction_std,retention_mean,retention_std
0,0,0.6668668668668668,0.08221923766369597,2.27027027027027,0.33201295135143366
