segment,memory,reaction_mean,reaction_std,retention_mean,retention_std
0,0,0.5648941490248375,0.19391046234074025,26.81186864477413,13.210177766743367
