segment,memory,reaction_mean,reaction_std,retention_mean,retention_std
0,0,0.3457457457457458,0.0704980552777637,8.008008008008009,0.0
