segment,memory,reaction_mean,reaction_std,retention_mean,retention_std
0,0,0.24244244244244245,0.042530944731579985,5.331331331331331,1.0140958763252437
