segment,memory,reaction_mean,reaction_std,retention_mean,retention_std
0,0,0.18638638638638638,0.028087062854015382,7.617217217217218,0.6351587949961699
