{
  "w_s": 0.7929292929292928,
  "w_external": 1.982323232323232,
  "noise_levels": [
    0.5
  ],
  "stim_duration": 2.0,
  "segment_count": 1,
  "segment_duration": 10,
  "dt": 0.01,
  "stim_sequence": [
    0
  ]
}