segment,memory,reaction_mean,reaction_std,retention_mean,retention_std
0,0,0.2046046046046046,0.03211364243699287,6.867467467467468,1.1530820942210935
