segment,memory,reaction_mean,reaction_std,retention_mean,retention_std
0,0,0.4716716716716716,0.07914615467741525,5.072272272272272,1.2893031831946025
