segment,memory,reaction_mean,reaction_std,retention_mean,retention_std
0,0,0.5935683158077366,0.22209698385671606,8.52082013668945,2.7216428804653963
