segment,memory,reaction_mean,reaction_std,retention_mean,retention_std
0,0,0.15935935935935935,0.02596466792253054,7.754154154154155,0.5100587185486912
