segment,memory,reaction_mean,reaction_std,retention_mean,retention_std
0,0,0.36016016016016017,0.05721757203602599,3.8042042042042046,0.6020797159908365
