segment,memory,reaction_mean,reaction_std,retention_mean,retention_std
0,0,0.16136136136136137,0.030845631374718168,7.7329329329329335,0.5489873640858693
