segment,memory,reaction_mean,reaction_std,retention_mean,retention_std
0,0,0.5228871478579764,0.08798590265959437,58.00966827804634,0.0
