segment,memory,reaction_mean,reaction_std,retention_mean,retention_std
0,0,0.17117117117117117,0.030886044711075616,8.008008008008009,0.0
