segment,memory,reaction_mean,reaction_std,retention_mean,retention_std
0,0,0.24004004004004006,0.04339718618331902,5.012012012012011,0.8653322554077569
