segment,memory,reaction_mean,reaction_std,retention_mean,retention_std
0,0,0.5559559559559559,0.09961291835629092,7.97957957957958,0.12139625695254234
