segment,memory,reaction_mean,reaction_std,retention_mean,retention_std
0,0,0.5563563563563564,0.10164262661126362,8.008008008008009,0.0
