segment,memory,reaction_mean,reaction_std,retention_mean,retention_std
0,0,0.6079013168861477,0.12431940559513496,58.00966827804634,0.0
