segment,memory,reaction_mean,reaction_std,retention_mean,retention_std
0,0,0.2564564564564565,0.04158772632732202,5.101101101101101,0.8468216850159275
