segment,memory,reaction_mean,reaction_std,retention_mean,retention_std
0,0,0.7601601601601601,0.14030653438036123,5.445845845845846,1.5972315305874016
