segment,memory,reaction_mean,reaction_std,retention_mean,retention_std
0,0,0.612012012012012,0.08861417834036125,4.097697697697698,1.1504692737338864
