segment,memory,reaction_mean,reaction_std,retention_mean,retention_std
0,0,0.5815815815815816,0.11265743310311029,7.663863863863864,0.774582790848338
