segment,memory,reaction_mean,reaction_std,retention_mean,retention_std
0,0,0.5465821940646882,0.11177236695073038,27.975725241747245,0.23766710084562837
