segment,memory,reaction_mean,reaction_std,retention_mean,retention_std
0,0,0.6683113852308719,0.09624472249723345,2.2633772295382566,0.3539253868897476
