segment,memory,reaction_mean,reaction_std,retention_mean,retention_std
0,0,0.5731731731731732,0.17711028110776625,8.008008008008009,0.0
