segment,memory,reaction_mean,reaction_std,retention_mean,retention_std
0,0,0.567967967967968,0.14886871216533298,8.008008008008009,0.0
