segment,memory,reaction_mean,reaction_std,retention_mean,retention_std
0,0,0.6648648648648648,0.08367866924271898,1.937937937937938,0.3486623844506245
