segment,memory,reaction_mean,reaction_std,retention_mean,retention_std
0,0,0.6806806806806808,0.08686596624331439,1.628028028028028,0.2341516322854039
