segment,memory,reaction_mean,reaction_std,retention_mean,retention_std
0,0,0.2502502502502503,0.03868940156862201,5.523723723723724,1.1157744849503224
