segment,memory,reaction_mean,reaction_std,retention_mean,retention_std
0,0,0.16656656656656657,0.023036786003834995,5.4598598598598596,0.8579011334390308
