segment,memory,reaction_mean,reaction_std,retention_mean,retention_std
0,0,1.1711711711711712,0.7651385202301552,0.7025025025025025,2.197936564554913
