segment,memory,reaction_mean,reaction_std,retention_mean,retention_std
0,0,1.67334000667334,0.3427084276728767,0.5537537537537538,0.5960119701584708
