segment,memory,reaction_mean,reaction_std,retention_mean,retention_std
0,0,1.008008008008008,0.15401918677163587,4.126126126126127,1.7165140566969055
