segment,memory,reaction_mean,reaction_std,retention_mean,retention_std
0,0,0.45545545545545546,0.060610809245024294,2.6246246246246243,0.3953223370356701
