segment,memory,reaction_mean,reaction_std,retention_mean,retention_std
0,0,0.5142857142857143,0.08959649973143388,58.00966827804634,0.0
