segment,memory,reaction_mean,reaction_std,retention_mean,retention_std
0,0,0.6223037172862145,0.09501938107311328,11.790365060843474,4.859029618042038
