segment,memory,reaction_mean,reaction_std,retention_mean,retention_std
0,0,0.6803133855642608,0.09585789548173462,1.873512252042007,0.3262097087629914
