segment,memory,reaction_mean,reaction_std,retention_mean,retention_std
0,0,0.5887887887887888,0.10912494480408796,7.902902902902904,0.4775872952969134
