segment,memory,reaction_mean,reaction_std,retention_mean,retention_std
0,0,0.709118186364394,0.09642612215188577,1.268011335222537,0.1896638002714745
