segment,memory,reaction_mean,reaction_std,retention_mean,retention_std
0,0,0.5481481481481482,0.1637655718589784,7.951951951951953,0.2522888913513748
