segment,memory,reaction_mean,reaction_std,retention_mean,retention_std
0,0,0.9988936304725778,0.3398558698593828,5.21001001001001,3.692151395013782
