segment,memory,reaction_mean,reaction_std,retention_mean,retention_std
0,0,0.3991991991991992,0.05970628444039402,2.0654654654654654,0.20408089444134975
