segment,memory,reaction_mean,reaction_std,retention_mean,retention_std
0,0,0.6037006167694616,0.08737401213552211,5.420303383897316,2.0325070010709636
