segment,memory,reaction_mean,reaction_std,retention_mean,retention_std
0,0,0.33513513513513515,0.04408673768015654,3.981181181181181,0.5682381623763891
