segment,memory,reaction_mean,reaction_std,retention_mean,retention_std
0,0,0.2106106106106106,0.03322776875097286,8.003403403403404,0.032559471405987236
