segment,memory,reaction_mean,reaction_std,retention_mean,retention_std
0,0,0.606006006006006,0.10158466861135824,4.622422422422423,1.3371580705449984
