segment,memory,trial,reaction_time,retention_time
0,0,0,0.42042042042042044,3.903903903903904
0,0,1,0.7607607607607607,3.7837837837837838
0,0,2,0.5305305305305306,3.043043043043043
0,0,3,0.5905905905905906,4.094094094094094
0,0,4,0.7707707707707707,3.963963963963964
0,0,5,0.5905905905905906,7.5675675675675675
0,0,6,0.7907907907907907,7.007007007007007
0,0,7,0.6006006006006006,3.943943943943944
0,0,8,0.6006006006006006,8.008008008008009
0,0,9,0.5305305305305306,2.932932932932933
0,0,10,0.5505505505505506,5.6956956956956954
0,0,11,0.5705705705705706,4.094094094094094
0,0,12,0.5605605605605606,6.886886886886887
0,0,13,0.36036036036036034,3.3733733733733735
0,0,14,0.6206206206206206,4.404404404404405
0,0,15,0.4904904904904905,4.064064064064064
0,0,16,0.6706706706706707,5.205205205205205
0,0,17,0.6306306306306306,4.714714714714715
0,0,18,0.6206206206206206,4.554554554554555
0,0,19,0.5805805805805806,3.2132132132132134
0,0,20,0.5505505505505506,3.6636636636636637
0,0,21,0.5905905905905906,5.185185185185185
0,0,22,0.46046046046046046,6.416416416416417
0,0,23,0.7007007007007007,3.6336336336336337
0,0,24,0.6206206206206206,4.784784784784785
0,0,25,0.6506506506506506,3.4134134134134135
0,0,26,0.5905905905905906,4.944944944944945
0,0,27,0.7707707707707707,6.056056056056056
0,0,28,0.7707707707707707,5.425425425425425
0,0,29,0.6406406406406406,7.607607607607608
0,0,30,0.4904904904904905,4.784784784784785
0,0,31,0.5105105105105106,3.793793793793794
0,0,32,0.7307307307307307,2.982982982982983
0,0,33,0.8808808808808809,4.484484484484485
0,0,34,0.6406406406406406,2.932932932932933
0,0,35,0.5305305305305306,2.6926926926926926
0,0,36,0.6006006006006006,3.023023023023023
0,0,37,0.6106106106106106,4.034034034034034
0,0,38,0.7107107107107107,5.075075075075075
0,0,39,0.5405405405405406,4.2842842842842845
0,0,40,0.5705705705705706,4.984984984984985
0,0,41,0.5405405405405406,6.506506506506507
0,0,42,0.6306306306306306,3.6336336336336337
0,0,43,0.6806806806806807,3.983983983983984
0,0,44,0.5905905905905906,4.814814814814815
0,0,45,0.5605605605605606,5.875875875875876
0,0,46,0.6206206206206206,3.203203203203203
0,0,47,0.5705705705705706,3.5935935935935936
0,0,48,0.6906906906906907,5.015015015015015
0,0,49,0.41041041041041043,5.8358358358358355
