segment,memory,reaction_mean,reaction_std,retention_mean,retention_std
0,0,0.6242242242242242,0.09315359039336127,2.6548548548548547,0.4971524552517873
