segment,memory,reaction_mean,reaction_std,retention_mean,retention_std
0,0,0.6650650650650651,0.09607992209974792,1.3853853853853855,0.2105649792229862
