segment,memory,reaction_mean,reaction_std,retention_mean,retention_std
0,0,0.5578480767202697,0.16616349813139153,34.428338056342724,19.5562186228099
