segment,memory,trial,reaction_time,retention_time
0,0,0,0.5800966827804634,9.381563593932322
0,0,1,0.5600933488914819,35.255875979329886
0,0,2,0.42007001166861146,17.59293215535923
0,0,3,0.6601100183363894,44.83747291215203
0,0,4,0.4400733455575929,7.841306884480747
0,0,5,0.6301050175029171,14.812468744790799
0,0,6,0.7301216869478246,14.732455409234873
0,0,7,0.4400733455575929,50.4884147357893
0,0,8,0.5300883480580096,58.00966827804634
0,0,9,0.46007667944657443,58.00966827804634
0,0,10,0.5000833472245374,8.601433572262044
0,0,11,0.5700950158359727,25.80430071678613
0,0,12,0.8201366894482414,20.083347224537423
0,0,13,0.520086681113519,18.913152192032005
0,0,14,0.6601100183363894,58.00966827804634
0,0,15,0.6901150191698616,34.3857309551592
0,0,16,0.49008168028004667,58.00966827804634
0,0,17,0.3900650108351392,8.631438573095517
0,0,18,0.5500916819469912,17.962993832305386
0,0,19,0.520086681113519,21.11351891981997
0,0,20,0.46007667944657443,47.03783963993999
0,0,21,0.520086681113519,11.321886981163528
0,0,22,0.5900983497249542,40.016669444907485
0,0,23,0.5800966827804634,24.354059009834973
0,0,24,0.4400733455575929,58.00966827804634
0,0,25,0.5700950158359727,58.00966827804634
0,0,26,0.360060010001667,42.147024504084015
0,0,27,0.5900983497249542,23.423903983997334
0,0,28,0.5300883480580096,43.607267877979666
0,0,29,0.30005000833472245,21.23353892315386
0,0,30,0.7901316886147691,12.44207367894649
0,0,31,0.4400733455575929,58.00966827804634
0,0,32,0.6701116852808802,54.60910151691949
0,0,33,0.7601266877812969,25.204200700116687
0,0,34,0.4300716786131022,58.00966827804634
0,0,35,0.6901150191698616,9.951658609768295
0,0,36,0.40006667777962995,58.00966827804634
0,0,37,1.1801966994499085,17.392898816469412
0,0,38,0.9501583597266211,49.398233038839805
0,0,39,0.3900650108351392,58.00966827804634
0,0,40,0.680113352225371,26.84447407901317
0,0,41,0.3700616769461577,58.00966827804634
0,0,42,0.4300716786131022,58.00966827804634
0,0,43,0.7701283547257877,45.5175862643774
0,0,44,0.30005000833472245,57.49958326387731
0,0,45,0.520086681113519,14.83247207867978
0,0,46,,0.010001666944490749
0,0,47,0.5500916819469912,58.00966827804634
0,0,48,0.49008168028004667,42.87714619103184
0,0,49,0.42007001166861146,7.131188531421904
