segment,memory,reaction_mean,reaction_std,retention_mean,retention_std
0,0,0.6730730730730731,0.10932844914937569,3.5185185185185186,0.857951402359412
