segment,memory,trial,reaction_time,retention_time
0,0,0,0.6306306306306306,3.6436436436436437
0,0,1,0.5205205205205206,3.133133133133133
0,0,2,0.7407407407407407,3.3733733733733735
0,0,3,0.8408408408408409,3.163163163163163
0,0,4,0.7407407407407407,4.1441441441441444
0,0,5,0.7207207207207207,4.794794794794795
0,0,6,0.8208208208208209,3.5435435435435436
0,0,7,0.6506506506506506,3.823823823823824
0,0,8,0.5605605605605606,2.4024024024024024
0,0,9,0.8708708708708709,2.8928928928928928
0,0,10,0.6406406406406406,3.053053053053053
0,0,11,0.7207207207207207,4.344344344344345
0,0,12,0.8308308308308309,3.4134134134134135
0,0,13,0.6306306306306306,4.734734734734735
0,0,14,0.8508508508508509,3.163163163163163
0,0,15,0.6506506506506506,2.9129129129129128
0,0,16,0.7007007007007007,4.554554554554555
0,0,17,0.6806806806806807,5.485485485485485
0,0,18,0.5405405405405406,3.063063063063063
0,0,19,0.6306306306306306,2.7727727727727727
0,0,20,0.46046046046046046,3.7237237237237237
0,0,21,0.6106106106106106,3.023023023023023
0,0,22,0.6306306306306306,3.7437437437437437
0,0,23,0.6506506506506506,2.5525525525525525
0,0,24,0.7607607607607607,3.003003003003003
0,0,25,0.6506506506506506,4.714714714714715
0,0,26,0.5505505505505506,3.823823823823824
0,0,27,0.6606606606606606,2.8528528528528527
0,0,28,0.7907907907907907,3.3233233233233235
0,0,29,0.6906906906906907,3.2932932932932935
0,0,30,0.8508508508508509,3.5935935935935936
0,0,31,0.7007007007007007,6.106106106106106
0,0,32,0.5705705705705706,4.1941941941941945
0,0,33,0.7807807807807807,3.193193193193193
0,0,34,0.7607607607607607,6.186186186186186
0,0,35,0.6106106106106106,3.143143143143143
0,0,36,0.6506506506506506,2.4124124124124124
0,0,37,0.5805805805805806,2.972972972972973
0,0,38,0.41041041041041043,3.823823823823824
0,0,39,0.5505505505505506,3.3933933933933935
0,0,40,0.7007007007007007,3.4434434434434436
0,0,41,0.6506506506506506,3.073073073073073
0,0,42,0.5405405405405406,3.6436436436436437
0,0,43,0.5605605605605606,3.193193193193193
0,0,44,0.7907907907907907,2.4024024024024024
0,0,45,0.5105105105105106,2.9229229229229228
0,0,46,0.7607607607607607,2.7727727727727727
0,0,47,0.8008008008008007,3.3033033033033035
0,0,48,0.6306306306306306,3.183183183183183
0,0,49,0.8108108108108109,2.5025025025025025
