segment,memory,reaction_mean,reaction_std,retention_mean,retention_std
0,0,0.5312885480913486,0.08869305874233241,58.00966827804634,0.0
