segment,memory,reaction_mean,reaction_std,retention_mean,retention_std
0,0,0.706106106106106,0.09699184333141596,1.6444444444444444,0.25934754464662013
