segment,memory,reaction_mean,reaction_std,retention_mean,retention_std
0,0,0.1927927927927928,0.04013237295766484,7.9609609609609615,0.19719766383960644
