segment,memory,reaction_mean,reaction_std,retention_mean,retention_std
0,0,0.5752958826471078,0.13777814367396107,43.885114185697624,18.07504064928488
