segment,memory,reaction_mean,reaction_std,retention_mean,retention_std
0,0,0.41001001001001003,0.07553223694709385,7.997997997997999,0.07078145957823305
