segment,memory,reaction_mean,reaction_std,retention_mean,retention_std
0,0,0.342942942942943,0.06812602454499894,7.796996996996998,0.5105919780412493
