segment,memory,trial,reaction_time,retention_time
0,0,0,1.2212212212212212,7.207207207207207
0,0,1,1.031031031031031,4.504504504504505
0,0,2,0.8508508508508509,5.7457457457457455
0,0,3,0.9309309309309309,7.727727727727728
0,0,4,1.6116116116116117,2.5325325325325325
0,0,5,1.1611611611611612,8.008008008008009
0,0,6,0.6106106106106106,5.975975975975976
0,0,7,0.7507507507507507,5.615615615615615
0,0,8,1.3913913913913913,0.5605605605605606
0,0,9,1.3013013013013013,7.327327327327327
0,0,10,0.5405405405405406,7.877877877877878
0,0,11,0.970970970970971,4.574574574574575
0,0,12,0.960960960960961,3.6936936936936937
0,0,13,1.0510510510510511,3.913913913913914
0,0,14,0.9009009009009009,5.665665665665665
0,0,15,1.2712712712712713,8.008008008008009
0,0,16,1.0710710710710711,5.935935935935936
0,0,17,0.7507507507507507,4.694694694694695
0,0,18,1.1111111111111112,6.016016016016016
0,0,19,1.0710710710710711,2.3323323323323324
0,0,20,1.2612612612612613,4.1941941941941945
0,0,21,1.4614614614614614,8.008008008008009
0,0,22,0.9109109109109109,5.025025025025025
0,0,23,1.4614614614614614,4.1841841841841845
0,0,24,0.960960960960961,6.226226226226226
0,0,25,0.9109109109109109,8.008008008008009
0,0,26,1.1411411411411412,3.4834834834834836
0,0,27,0.8208208208208209,8.008008008008009
0,0,28,0.8408408408408409,8.008008008008009
0,0,29,1.2012012012012012,6.126126126126126
0,0,30,1.4414414414414414,5.975975975975976
0,0,31,1.4714714714714714,5.295295295295295
0,0,32,0.8708708708708709,5.315315315315315
0,0,33,1.0810810810810811,5.915915915915916
0,0,34,1.1511511511511512,4.534534534534535
0,0,35,1.5115115115115114,4.394394394394395
0,0,36,1.3713713713713713,2.3323323323323324
0,0,37,1.2012012012012012,6.546546546546547
0,0,38,1.0510510510510511,6.206206206206206
0,0,39,1.6716716716716717,3.4234234234234235
0,0,40,1.4114114114114114,4.1541541541541545
0,0,41,1.3413413413413413,8.008008008008009
0,0,42,1.1411411411411412,8.008008008008009
0,0,43,1.1311311311311312,3.2332332332332334
0,0,44,1.6216216216216217,1.7217217217217218
0,0,45,1.2612612612612613,3.6236236236236237
0,0,46,1.2512512512512513,6.096096096096096
0,0,47,1.0910910910910911,3.4934934934934936
0,0,48,0.8608608608608609,3.4734734734734736
0,0,49,1.031031031031031,4.2142142142142145
