segment,memory,reaction_mean,reaction_std,retention_mean,retention_std
0,0,1.12992992992993,0.26070490943983315,5.303103103103103,1.914791981677122
