segment,memory,reaction_mean,reaction_std,retention_mean,retention_std
0,0,0.6233038839806635,0.2944349084350499,26.32458743123854,13.637652417117929
