segment,memory,reaction_mean,reaction_std,retention_mean,retention_std
0,0,0.6091015169194866,0.11145172537664311,37.864110685114184,19.050647412217728
