segment,memory,reaction_mean,reaction_std,retention_mean,retention_std
0,0,0.5800966827804634,0.0737741850885181,27.669211535255876,14.87281157478631
