segment,memory,reaction_mean,reaction_std,retention_mean,retention_std
0,0,0.2066066066066066,0.03472048183741857,5.088488488488489,0.7071226504803714
