segment,memory,trial,reaction_time,retention_time
0,0,0,0.18018018018018017,5.605605605605605
0,0,1,0.21021021021021022,5.945945945945946
0,0,2,0.17017017017017017,5.355355355355355
0,0,3,0.21021021021021022,5.205205205205205
0,0,4,0.20020020020020018,4.2342342342342345
0,0,5,0.21021021021021022,4.734734734734735
0,0,6,0.13013013013013014,5.905905905905906
0,0,7,0.20020020020020018,4.944944944944945
0,0,8,0.21021021021021022,4.1741741741741745
0,0,9,0.18018018018018017,4.784784784784785
0,0,10,0.24024024024024024,5.605605605605605
0,0,11,0.2502502502502503,4.044044044044044
0,0,12,0.24024024024024024,5.615615615615615
0,0,13,0.24024024024024024,5.8458458458458455
0,0,14,0.18018018018018017,4.2142142142142145
0,0,15,0.2902902902902903,4.974974974974975
0,0,16,0.18018018018018017,4.474474474474475
0,0,17,0.21021021021021022,4.504504504504505
0,0,18,0.18018018018018017,4.674674674674675
0,0,19,0.17017017017017017,3.863863863863864
0,0,20,0.2702702702702703,7.4874874874874875
0,0,21,0.22022022022022023,5.525525525525525
0,0,22,0.20020020020020018,5.545545545545545
0,0,23,0.24024024024024024,5.595595595595595
0,0,24,0.22022022022022023,5.865865865865866
0,0,25,0.15015015015015015,5.455455455455455
0,0,26,0.19019019019019018,4.994994994994995
0,0,27,0.16016016016016016,6.156156156156156
0,0,28,0.2602602602602603,4.754754754754755
0,0,29,0.19019019019019018,4.944944944944945
0,0,30,0.18018018018018017,5.7457457457457455
0,0,31,0.22022022022022023,5.195195195195195
0,0,32,0.24024024024024024,3.983983983983984
0,0,33,0.24024024024024024,5.545545545545545
0,0,34,0.2502502502502503,5.025025025025025
0,0,35,0.23023023023023023,5.385385385385385
0,0,36,0.17017017017017017,4.1741741741741745
0,0,37,0.24024024024024024,4.464464464464465
0,0,38,0.20020020020020018,5.145145145145145
0,0,39,0.21021021021021022,4.1741741741741745
0,0,40,0.19019019019019018,6.086086086086086
0,0,41,0.22022022022022023,4.814814814814815
0,0,42,0.20020020020020018,4.794794794794795
0,0,43,0.19019019019019018,5.415415415415415
0,0,44,0.15015015015015015,5.7157157157157155
0,0,45,0.24024024024024024,4.984984984984985
0,0,46,0.14014014014014015,5.285285285285285
0,0,47,0.2502502502502503,4.904904904904905
0,0,48,0.20020020020020018,4.134134134134134
0,0,49,0.18018018018018017,4.414414414414415
