segment,memory,trial,reaction_time,retention_time
0,0,0,0.6901150191698616,1.1701950325054176
0,0,1,0.6901150191698616,1.240206701116853
0,0,2,0.8201366894482414,1.030171695282547
0,0,3,0.7301216869478246,1.560260043340557
0,0,4,0.7701283547257877,1.350225037506251
0,0,5,0.6301050175029171,1.0201700283380564
0,0,6,0.8201366894482414,1.0701783630605102
0,0,7,0.6101016836139357,1.6502750458409736
0,0,8,0.7901316886147691,1.5302550425070847
0,0,9,0.8201366894482414,1.3302217036172697
0,0,10,0.6301050175029171,1.1801966994499085
0,0,11,0.7301216869478246,1.4502417069511586
0,0,12,0.9201533588931489,1.4102350391731955
0,0,13,0.7101183530588432,1.3302217036172697
0,0,14,0.7101183530588432,1.4702450408401402
0,0,15,0.8101350225037507,1.2902150358393065
0,0,16,0.7501250208368062,1.1401900316719453
0,0,17,0.7001166861143524,1.5002500416736124
0,0,18,0.7801300216702785,1.310218369728288
0,0,19,0.7001166861143524,1.1901983663943991
0,0,20,0.7701283547257877,1.0701783630605102
0,0,21,0.5800966827804634,1.910318386397733
0,0,22,0.6001000166694449,1.240206701116853
0,0,23,0.6601100183363894,1.1201866977829638
0,0,24,0.6401066844474079,1.5302550425070847
0,0,25,0.9601600266711119,1.1201866977829638
0,0,26,0.6101016836139357,1.2002000333388898
0,0,27,0.8001333555592599,1.1801966994499085
0,0,28,0.7301216869478246,1.430238373062177
0,0,29,0.6901150191698616,1.310218369728288
0,0,30,0.8601433572262044,1.4502417069511586
0,0,31,0.5900983497249542,1.87031171861977
0,0,32,0.6301050175029171,1.2602100350058343
0,0,33,0.6901150191698616,1.4502417069511586
0,0,34,0.6901150191698616,1.4102350391731955
0,0,35,0.7301216869478246,1.350225037506251
0,0,36,0.7001166861143524,0.9601600266711119
0,0,37,0.7501250208368062,1.440240040006668
0,0,38,0.7501250208368062,1.0801800300050008
0,0,39,0.6601100183363894,1.5002500416736124
0,0,40,0.6501083513918987,1.2702117019503252
0,0,41,0.5000833472245374,1.240206701116853
0,0,42,0.6201033505584265,1.550258376396066
0,0,43,0.48008001333555594,1.0501750291715286
0,0,44,0.5900983497249542,1.2102017002833807
0,0,45,0.6201033505584265,1.310218369728288
0,0,46,0.7301216869478246,1.2902150358393065
0,0,47,0.8101350225037507,1.0501750291715286
0,0,48,0.7001166861143524,1.3902317052842141
0,0,49,0.7601266877812969,1.0201700283380564
