segment,memory,reaction_mean,reaction_std,retention_mean,retention_std
0,0,0.7073178863143857,0.09552828835498374,1.3098183030505084,0.20741827206106175
