segment,memory,reaction_mean,reaction_std,retention_mean,retention_std
0,0,0.6071011835305885,0.10321603987606416,46.32532088681447,15.697997501936626
