segment,memory,reaction_mean,reaction_std,retention_mean,retention_std
0,0,0.6061010168361394,0.11832406703648739,58.00966827804634,0.0
