segment,memory,reaction_mean,reaction_std,retention_mean,retention_std
0,0,0.15175175175175176,0.024798055526321028,7.847847847847849,0.47394139388817375
