segment,memory,reaction_mean,reaction_std,retention_mean,retention_std
0,0,0.2822822822822823,0.049122162268890796,8.008008008008009,0.0
