segment,memory,reaction_mean,reaction_std,retention_mean,retention_std
0,0,1.2965346298679632,1.4344974598320765,5.98998998998999,3.3749112291199928
