segment,memory,reaction_mean,reaction_std,retention_mean,retention_std
0,0,0.5402900483413903,0.12866412269090452,27.498983163860643,14.098543506064257
