segment,memory,reaction_mean,reaction_std,retention_mean,retention_std
0,0,0.6116574984719676,0.27554510381940545,51.053108851475244,19.02973385106907
