segment,memory,reaction_mean,reaction_std,retention_mean,retention_std
0,0,0.676076076076076,0.09932510351840822,1.5873873873873874,0.22205201079058412
