segment,memory,reaction_mean,reaction_std,retention_mean,retention_std
0,0,0.5742957159526587,0.14362329484042874,58.00966827804634,0.0
