segment,memory,reaction_mean,reaction_std,retention_mean,retention_std
0,0,0.7094039482770939,0.34849286000726576,47.62973828971495,22.381249328981955
