segment,memory,reaction_mean,reaction_std,retention_mean,retention_std
0,0,0.5236872812135356,0.09237140561291837,58.00966827804634,0.0
