segment,memory,reaction_mean,reaction_std,retention_mean,retention_std
0,0,0.15835835835835835,0.024493549392999858,5.556356356356356,0.9119728929196763
