segment,memory,trial,reaction_time,retention_time
0,0,0,0.20020020020020018,5.095095095095095
0,0,1,0.17017017017017017,4.934934934934935
0,0,2,0.17017017017017017,4.834834834834835
0,0,3,0.17017017017017017,4.494494494494495
0,0,4,0.19019019019019018,4.524524524524525
0,0,5,0.18018018018018017,5.635635635635635
0,0,6,0.17017017017017017,7.137137137137137
0,0,7,0.17017017017017017,5.935935935935936
0,0,8,0.14014014014014015,7.137137137137137
0,0,9,0.14014014014014015,5.085085085085085
0,0,10,0.16016016016016016,7.057057057057057
0,0,11,0.12012012012012012,8.008008008008009
0,0,12,0.18018018018018017,6.506506506506507
0,0,13,0.17017017017017017,5.7157157157157155
0,0,14,0.17017017017017017,4.444444444444445
0,0,15,0.16016016016016016,6.046046046046046
0,0,16,0.13013013013013014,5.145145145145145
0,0,17,0.15015015015015015,4.514514514514515
0,0,18,0.18018018018018017,4.394394394394395
0,0,19,0.15015015015015015,4.784784784784785
0,0,20,0.22022022022022023,6.286286286286286
0,0,21,0.11011011011011011,4.494494494494495
0,0,22,0.16016016016016016,5.485485485485485
0,0,23,0.13013013013013014,4.524524524524525
0,0,24,0.17017017017017017,6.556556556556557
0,0,25,0.14014014014014015,5.925925925925926
0,0,26,0.18018018018018017,5.195195195195195
0,0,27,0.15015015015015015,5.085085085085085
0,0,28,0.19019019019019018,5.7857857857857855
0,0,29,0.11011011011011011,6.486486486486487
0,0,30,0.18018018018018017,5.575575575575575
0,0,31,0.15015015015015015,8.008008008008009
0,0,32,0.14014014014014015,4.854854854854855
0,0,33,0.19019019019019018,5.005005005005005
0,0,34,0.14014014014014015,6.216216216216216
0,0,35,0.11011011011011011,5.985985985985986
0,0,36,0.16016016016016016,4.804804804804805
0,0,37,0.17017017017017017,5.7057057057057055
0,0,38,0.16016016016016016,4.744744744744745
0,0,39,0.12012012012012012,5.455455455455455
0,0,40,0.14014014014014015,4.064064064064064
0,0,41,0.14014014014014015,6.076076076076076
0,0,42,0.17017017017017017,4.914914914914915
0,0,43,0.12012012012012012,5.615615615615615
0,0,44,0.17017017017017017,5.685685685685685
0,0,45,0.16016016016016016,6.036036036036036
0,0,46,0.15015015015015015,5.145145145145145
0,0,47,0.15015015015015015,4.994994994994995
0,0,48,0.19019019019019018,6.376376376376376
0,0,49,0.17017017017017017,5.295295295295295
