segment,memory,reaction_mean,reaction_std,retention_mean,retention_std
0,0,0.6129021503583931,0.0997517847991003,32.02073678946491,15.688184591380896
