segment,memory,reaction_mean,reaction_std,retention_mean,retention_std
0,0,0.23663663663663667,0.04498303563505876,4.056656656656657,0.6762646249843538
