segment,memory,reaction_mean,reaction_std,retention_mean,retention_std
0,0,0.6439073178863144,0.0973876011528237,4.939023170528421,1.331462991718145
