segment,memory,reaction_mean,reaction_std,retention_mean,retention_std
0,0,1.2524524524524525,0.41191309716568797,6.796596596596597,1.8922582632085638
