segment,memory,reaction_mean,reaction_std,retention_mean,retention_std
0,0,0.2038038038038038,0.032278778351078,8.008008008008009,0.0
