segment,memory,reaction_mean,reaction_std,retention_mean,retention_std
0,0,1.0764764764764765,0.18661611803141812,1.2416416416416416,0.4429218386660496
