segment,memory,reaction_mean,reaction_std,retention_mean,retention_std
0,0,1.2825591548995805,1.813442083631097,6.90950950950951,2.7543125426874817
