segment,memory,reaction_mean,reaction_std,retention_mean,retention_std
0,0,0.6442442442442443,0.0842065664273551,2.176176176176176,0.2861432504111142
