segment,memory,reaction_mean,reaction_std,retention_mean,retention_std
0,0,0.5607607607607608,0.1255878351855502,8.008008008008009,0.0
