segment,memory,reaction_mean,reaction_std,retention_mean,retention_std
0,0,0.5961961961961962,0.09076082879220446,8.006206206206206,0.008973757465887142
