segment,memory,trial,reaction_time,retention_time
0,0,0,0.5600933488914819,1.7702950491748626
0,0,1,0.7001166861143524,1.9603267211201867
0,0,2,0.5000833472245374,1.9703283880646776
0,0,3,0.6601100183363894,1.6502750458409736
0,0,4,0.6101016836139357,2.340390065010835
0,0,5,0.5800966827804634,1.8403067177862977
0,0,6,0.5300883480580096,1.4602433738956493
0,0,7,0.6501083513918987,1.8903150525087515
0,0,8,0.6501083513918987,1.8803133855642609
0,0,9,0.6701116852808802,2.060343390565094
0,0,10,0.5800966827804634,1.7202867144524088
0,0,11,0.6601100183363894,1.670278379729955
0,0,12,0.7301216869478246,2.5404234039006504
0,0,13,0.7001166861143524,1.6502750458409736
0,0,14,0.6901150191698616,1.8003000500083348
0,0,15,0.6601100183363894,1.7002833805634272
0,0,16,0.7501250208368062,1.4902483747291215
0,0,17,0.720120020003334,1.8203033838973164
0,0,18,0.6301050175029171,1.8403067177862977
0,0,19,0.6901150191698616,2.1303550591765297
0,0,20,0.6101016836139357,1.560260043340557
0,0,21,0.8101350225037507,1.8803133855642609
0,0,22,0.49008168028004667,1.87031171861977
0,0,23,0.7701283547257877,2.100350058343057
0,0,24,0.7301216869478246,1.5402567094515753
0,0,25,0.6301050175029171,1.950325054175696
0,0,26,0.7001166861143524,1.8503083847307886
0,0,27,0.49008168028004667,1.4702450408401402
0,0,28,0.7001166861143524,1.7002833805634272
0,0,29,0.7601266877812969,2.150358393065511
0,0,30,0.720120020003334,1.6002667111185198
0,0,31,0.5300883480580096,1.7702950491748626
0,0,32,0.6001000166694449,1.6002667111185198
0,0,33,0.7301216869478246,1.6802800466744459
0,0,34,0.8001333555592599,1.3402233705617603
0,0,35,0.7601266877812969,1.6402733788964827
0,0,36,0.8101350225037507,1.240206701116853
0,0,37,0.7601266877812969,1.8103017169528255
0,0,38,0.6601100183363894,1.9803300550091683
0,0,39,0.6301050175029171,1.6202700450075014
0,0,40,0.8301383563927321,1.9603267211201867
0,0,41,0.5800966827804634,1.87031171861977
0,0,42,0.5900983497249542,1.9003167194532422
0,0,43,0.6701116852808802,1.7802967161193533
0,0,44,0.6701116852808802,2.080346724454076
0,0,45,0.7901316886147691,1.5702617102850476
0,0,46,0.720120020003334,1.510251708618103
0,0,47,0.7501250208368062,1.6802800466744459
0,0,48,0.6401066844474079,1.4902483747291215
0,0,49,0.6701116852808802,1.3902317052842141
