segment,memory,reaction_mean,reaction_std,retention_mean,retention_std
0,0,0.6705117519586598,0.08579903279381414,1.7754959159859975,0.25104993161352074
