segment,memory,reaction_mean,reaction_std,retention_mean,retention_std
0,0,0.12012012012012013,0.02032413900121822,8.008008008008009,0.0
