segment,memory,reaction_mean,reaction_std,retention_mean,retention_std
0,0,0.5506917819636606,0.2492559000180474,39.703417236206036,17.490371959286595
