segment,memory,reaction_mean,reaction_std,retention_mean,retention_std
0,0,0.23703703703703705,0.030699436426583654,4.782382382382383,0.7343737780566187
