segment,memory,reaction_mean,reaction_std,retention_mean,retention_std
0,0,0.9897702580629409,0.3696540642547692,6.158358358358359,3.21548169807834
