segment,memory,reaction_mean,reaction_std,retention_mean,retention_std
0,0,0.24964964964964967,0.04215036857852332,4.775975975975976,0.9203159470714596
