segment,memory,reaction_mean,reaction_std,retention_mean,retention_std
0,0,0.3663663663663664,0.05995783009648685,4.415815815815816,0.8160811814239581
