segment,memory,reaction_mean,reaction_std,retention_mean,retention_std
0,0,0.6592592592592592,0.09401125663570245,1.4516516516516516,0.20572636935656985
