segment,memory,reaction_mean,reaction_std,retention_mean,retention_std
0,0,0.7783783783783784,0.1620332342376456,1.4024024024024024,0.33407141161330245
