segment,memory,reaction_mean,reaction_std,retention_mean,retention_std
0,0,0.7293293293293293,0.15093135015139214,5.4602602602602595,1.5613523378122596
