segment,memory,reaction_mean,reaction_std,retention_mean,retention_std
0,0,0.609009009009009,0.3248613282581656,7.72972972972973,0.9158620520612034
