segment,memory,reaction_mean,reaction_std,retention_mean,retention_std
0,0,0.4738789798299717,0.08447853913417529,58.00966827804634,0.0
