segment,memory,reaction_mean,reaction_std,retention_mean,retention_std
0,0,0.48708118019669944,0.08103378527916122,58.00966827804634,0.0
