segment,memory,reaction_mean,reaction_std,retention_mean,retention_std
0,0,0.6300177728749157,0.24475453760078508,6.963163163163164,2.009687694644922
