segment,memory,reaction_mean,reaction_std,retention_mean,retention_std
0,0,0.5040840140023337,0.09688551048887968,58.00966827804634,0.0
