segment,memory,reaction_mean,reaction_std,retention_mean,retention_std
0,0,0.611698655176916,0.25857989799164516,7.236236236236237,2.3461632575352804
