segment,memory,reaction_mean,reaction_std,retention_mean,retention_std
0,0,0.1795795795795796,0.030091932956324903,8.008008008008009,0.0
