segment,memory,reaction_mean,reaction_std,retention_mean,retention_std
0,0,0.1951951951951952,0.02094354142124526,5.283483483483484,0.9569919370758664
