segment,memory,reaction_mean,reaction_std,retention_mean,retention_std
0,0,0.2058058058058058,0.030747358566211382,4.757757757757758,0.817603864717805
