segment,memory,reaction_mean,reaction_std,retention_mean,retention_std
0,0,0.6663110518419737,0.09627017295514985,2.3235872645440905,0.37300107413672096
