segment,memory,reaction_mean,reaction_std,retention_mean,retention_std
0,0,0.5973973973973974,0.0916415610317885,5.593193193193193,1.361296108471752
