segment,memory,reaction_mean,reaction_std,retention_mean,retention_std
0,0,0.624024024024024,0.100703174032641,2.0442442442442443,0.3226755687698423
