segment,memory,reaction_mean,reaction_std,retention_mean,retention_std
0,0,0.609701616936156,0.10181629178057437,38.48481413568928,17.311475346338465
