segment,memory,reaction_mean,reaction_std,retention_mean,retention_std
0,0,0.17237237237237238,0.02055325489726995,5.342742742742742,0.9722112894461972
