segment,memory,reaction_mean,reaction_std,retention_mean,retention_std
0,0,0.6482482482482483,0.1603459525826059,7.563163163163164,0.7602798917625339
