segment,memory,reaction_mean,reaction_std,retention_mean,retention_std
0,0,0.370970970970971,0.057107389543776386,6.987387387387388,1.1795422250374634
