segment,memory,reaction_mean,reaction_std,retention_mean,retention_std
0,0,0.26746746746746747,0.03810571474319226,4.22002002002002,0.6213848713317138
