segment,memory,reaction_mean,reaction_std,retention_mean,retention_std
0,0,0.6445074179029838,0.11386025540327296,2.4350058343057177,0.434495373533015
