segment,memory,trial,reaction_time,retention_time
0,0,0,0.3700616769461577,2.220370061676946
0,0,1,0.7001166861143524,2.67044507417903
0,0,2,0.8101350225037507,2.310385064177363
0,0,3,0.5900983497249542,2.550425070845141
0,0,4,0.6501083513918987,2.0203367227871314
0,0,5,0.5600933488914819,2.030338389731622
0,0,6,0.680113352225371,2.220370061676946
0,0,7,0.8201366894482414,2.1403567261210203
0,0,8,0.7401233538923154,2.230371728621437
0,0,9,0.6401066844474079,2.310385064177363
0,0,10,0.4700783463910652,2.060343390565094
0,0,11,0.8101350225037507,1.9803300550091683
0,0,12,0.5900983497249542,2.3003833972328724
0,0,13,0.5600933488914819,1.8803133855642609
0,0,14,0.46007667944657443,2.350391731955326
0,0,15,0.5700950158359727,2.6504417402900486
0,0,16,0.5300883480580096,3.1605267544590765
0,0,17,0.8701450241706952,3.620603433905651
0,0,18,0.5700950158359727,2.110351725287548
0,0,19,0.5700950158359727,1.9703283880646776
0,0,20,0.720120020003334,2.390398399733289
0,0,21,0.6201033505584265,1.9203200533422238
0,0,22,0.7301216869478246,2.0103350558426407
0,0,23,0.5900983497249542,2.4904150691781965
0,0,24,0.7101183530588432,2.3803967327887983
0,0,25,0.7801300216702785,2.4004000666777796
0,0,26,0.6901150191698616,2.110351725287548
0,0,27,0.8301383563927321,1.9703283880646776
0,0,28,0.49008168028004667,2.310385064177363
0,0,29,0.5600933488914819,2.340390065010835
0,0,30,0.5800966827804634,2.480413402233706
0,0,31,0.4700783463910652,2.5404234039006504
0,0,32,0.5100850141690282,2.320386731121854
0,0,33,0.7901316886147691,2.950491748624771
0,0,34,0.6101016836139357,2.9604934155692617
0,0,35,0.6901150191698616,2.3803967327887983
0,0,36,0.6901150191698616,2.6904484080680113
0,0,37,0.5700950158359727,2.980496749458243
0,0,38,0.5900983497249542,3.7606267711285217
0,0,39,0.6501083513918987,2.4004000666777796
0,0,40,0.6301050175029171,2.460410068344724
0,0,41,0.8401400233372229,2.8904817469578266
0,0,42,0.680113352225371,1.8203033838973164
0,0,43,0.6701116852808802,2.9604934155692617
0,0,44,0.5400900150025004,3.2905484247374566
0,0,45,0.7301216869478246,2.2603767294549093
0,0,46,0.5900983497249542,2.820470078346391
0,0,47,0.7101183530588432,1.9603267211201867
0,0,48,0.5800966827804634,2.1203533922320386
0,0,49,0.8201366894482414,2.590431738623104
