segment,memory,reaction_mean,reaction_std,retention_mean,retention_std
0,0,0.6733122187031172,0.09704215380240558,2.045140856809468,0.34326679189354936
