segment,memory,reaction_mean,reaction_std,retention_mean,retention_std
0,0,0.36276276276276276,0.060249067610185184,8.008008008008009,0.0
