segment,memory,reaction_mean,reaction_std,retention_mean,retention_std
0,0,0.6862862862862863,0.19459750333531708,7.936136136136136,0.322475246712776
