segment,memory,reaction_mean,reaction_std,retention_mean,retention_std
0,0,0.5953075512585432,0.2778108552769305,52.34452408734789,17.173333325786157
