segment,memory,reaction_mean,reaction_std,retention_mean,retention_std
0,0,0.2742742742742743,0.05611730836650532,8.008008008008009,0.0
