segment,memory,reaction_mean,reaction_std,retention_mean,retention_std
0,0,0.5953953953953954,0.07931649597786561,5.572972972972973,1.3214339987725003
