segment,memory,reaction_mean,reaction_std,retention_mean,retention_std
0,0,0.6251041840306718,0.09411181504572852,9.045907651275213,3.81129060894285
