segment,memory,reaction_mean,reaction_std,retention_mean,retention_std
0,0,0.6111018503083847,0.10158122571431713,35.593932322053675,16.756219401149657
