segment,memory,reaction_mean,reaction_std,retention_mean,retention_std
0,0,0.7407407407407408,0.11698075982392428,1.4214214214214216,0.207364999940789
