segment,memory,reaction_mean,reaction_std,retention_mean,retention_std
0,0,0.23643643643643647,0.04212513348408487,4.158158158158158,0.4678531113211159
