segment,memory,reaction_mean,reaction_std,retention_mean,retention_std
0,0,0.5788964827471246,0.0934673006594088,6.175629271545258,2.388070612645953
