segment,memory,reaction_mean,reaction_std,retention_mean,retention_std
0,0,0.6462462462462463,0.1036757940183232,3.8312312312312313,0.7469969687665303
