segment,memory,reaction_mean,reaction_std,retention_mean,retention_std
0,0,0.6102102102102102,0.2462922478026501,8.008008008008009,0.0
