segment,memory,reaction_mean,reaction_std,retention_mean,retention_std
0,0,0.21841841841841841,0.04732807878935975,8.008008008008009,0.0
