segment,memory,reaction_mean,reaction_std,retention_mean,retention_std
0,0,0.396996996996997,0.05221405012648737,3.5583583583583582,0.5273710337060014
