segment,memory,reaction_mean,reaction_std,retention_mean,retention_std
0,0,0.6058058058058058,0.10371681187899756,3.805005005005005,1.031467555147311
