segment,memory,reaction_mean,reaction_std,retention_mean,retention_std
0,0,0.6319053175529256,0.0931840196935388,6.196032672112019,1.8530566642025923
