segment,memory,trial,reaction_time,retention_time
0,0,0,0.11011011011011011,3.3633633633633635
0,0,1,0.17017017017017017,3.063063063063063
0,0,2,0.13013013013013014,2.952952952952953
0,0,3,0.14014014014014015,2.9129129129129128
0,0,4,0.15015015015015015,3.063063063063063
0,0,5,0.11011011011011011,2.8428428428428427
0,0,6,0.11011011011011011,3.2232232232232234
0,0,7,0.13013013013013014,2.8728728728728727
0,0,8,0.13013013013013014,2.8728728728728727
0,0,9,0.11011011011011011,2.992992992992993
0,0,10,0.16016016016016016,2.8228228228228227
0,0,11,0.15015015015015015,2.9229229229229228
0,0,12,0.13013013013013014,3.2632632632632634
0,0,13,0.13013013013013014,3.2532532532532534
0,0,14,0.15015015015015015,2.952952952952953
0,0,15,0.12012012012012012,3.3033033033033035
0,0,16,0.13013013013013014,3.053053053053053
0,0,17,0.15015015015015015,2.7227227227227226
0,0,18,0.15015015015015015,3.013013013013013
0,0,19,0.09009009009009009,3.053053053053053
0,0,20,0.09009009009009009,3.133133133133133
0,0,21,0.12012012012012012,2.6726726726726726
0,0,22,0.14014014014014015,2.8128128128128127
0,0,23,0.18018018018018017,3.103103103103103
0,0,24,0.10010010010010009,3.013013013013013
0,0,25,0.16016016016016016,2.7727727727727727
0,0,26,0.12012012012012012,2.8428428428428427
0,0,27,0.12012012012012012,3.073073073073073
0,0,28,0.11011011011011011,3.023023023023023
0,0,29,0.13013013013013014,2.962962962962963
0,0,30,0.16016016016016016,3.013013013013013
0,0,31,0.12012012012012012,2.952952952952953
0,0,32,0.15015015015015015,3.193193193193193
0,0,33,0.13013013013013014,3.013013013013013
0,0,34,0.15015015015015015,2.932932932932933
0,0,35,0.11011011011011011,2.7327327327327327
0,0,36,0.10010010010010009,2.9129129129129128
0,0,37,0.16016016016016016,3.003003003003003
0,0,38,0.16016016016016016,3.2932932932932935
0,0,39,0.13013013013013014,3.3533533533533535
0,0,40,0.12012012012012012,3.4934934934934936
0,0,41,0.17017017017017017,3.4034034034034035
0,0,42,0.17017017017017017,2.6326326326326326
0,0,43,0.12012012012012012,3.063063063063063
0,0,44,0.12012012012012012,2.6326326326326326
0,0,45,0.15015015015015015,2.7827827827827827
0,0,46,0.16016016016016016,3.143143143143143
0,0,47,0.14014014014014015,3.083083083083083
0,0,48,0.16016016016016016,2.992992992992993
0,0,49,0.09009009009009009,3.3233233233233235
