segment,memory,reaction_mean,reaction_std,retention_mean,retention_std
0,0,0.13393393393393394,0.023136875169941378,3.0176176176176175,0.20387638261730376
