segment,memory,reaction_mean,reaction_std,retention_mean,retention_std
0,0,0.6454454454454455,0.09281227063393366,1.8306306306306306,0.28144259182253456
