segment,memory,reaction_mean,reaction_std,retention_mean,retention_std
0,0,0.28048048048048047,0.04316093983837228,6.056056056056057,1.4605390853197688
