segment,memory,reaction_mean,reaction_std,retention_mean,retention_std
0,0,0.1743743743743744,0.02023237259189816,5.091091091091091,0.6345308076510461
