segment,memory,reaction_mean,reaction_std,retention_mean,retention_std
0,0,0.541941941941942,0.14134621981322223,8.008008008008009,0.0
