segment,memory,reaction_mean,reaction_std,retention_mean,retention_std
0,0,0.6299049841640274,0.08224012381385229,4.325120853475579,1.1551978956347027
