segment,memory,reaction_mean,reaction_std,retention_mean,retention_std
0,0,0.610901816969495,0.1366115301901834,58.00966827804634,0.0
