segment,memory,reaction_mean,reaction_std,retention_mean,retention_std
0,0,0.5841841841841842,0.09097686629892306,4.841841841841842,1.3657977270646622
