segment,memory,reaction_mean,reaction_std,retention_mean,retention_std
0,0,0.5909495554223576,0.3732379417482544,50.620036672778795,18.47158232748213
