segment,memory,reaction_mean,reaction_std,retention_mean,retention_std
0,0,0.6783130521753625,0.10152976388314446,1.5268544757459577,0.18850119466279458
