segment,memory,reaction_mean,reaction_std,retention_mean,retention_std
0,0,0.6187031171861977,0.09743203171750525,19.759693282213703,10.216054875396388
