segment,memory,reaction_mean,reaction_std,retention_mean,retention_std
0,0,0.35095095095095097,0.0645692756377098,7.951551551551551,0.296584916631203
