segment,memory,reaction_mean,reaction_std,retention_mean,retention_std
0,0,0.7183197199533256,0.09673135716990516,1.14619103183864,0.15928503332694624
