segment,memory,reaction_mean,reaction_std,retention_mean,retention_std
0,0,1.3049049049049048,0.25530840411685873,1.4230230230230232,0.5963306914357431
