segment,memory,reaction_mean,reaction_std,retention_mean,retention_std
0,0,0.6152152152152152,0.0867767003197512,5.859059059059059,1.5155794985655278
