segment,memory,reaction_mean,reaction_std,retention_mean,retention_std
0,0,0.6547091181863643,0.28914396604857545,24.160626771128523,11.484031531999221
