segment,memory,trial,reaction_time,retention_time
0,0,0,1.1201866977829638,42.71711951991999
0,0,1,0.8101350225037507,7.501250208368061
0,0,2,0.46007667944657443,14.212368728121355
0,0,3,0.5300883480580096,20.673445574262377
0,0,4,0.7601266877812969,32.90548424737457
0,0,5,0.7101183530588432,19.263210535089183
0,0,6,0.5800966827804634,16.29271545257543
0,0,7,0.4300716786131022,23.183863977329555
0,0,8,0.5000833472245374,32.765460910151695
0,0,9,0.5900983497249542,20.983497249541593
0,0,10,1.0501750291715286,11.191865310885149
0,0,11,0.5000833472245374,30.31505250875146
0,0,12,0.5100850141690282,9.591598599766629
0,0,13,0.5900983497249542,58.00966827804634
0,0,14,0.3300550091681947,46.36772795465911
0,0,15,0.680113352225371,26.524420736789466
0,0,16,0.40006667777962995,16.092682113685616
0,0,17,0.38006334389064844,22.84380730121687
0,0,18,0.31005167527921323,23.60393398899817
0,0,19,0.9901650275045841,32.84547424570762
0,0,20,0.5800966827804634,53.44890815135856
0,0,21,0.360060010001667,22.963827304550758
0,0,22,1.360226704450742,18.343057176196034
0,0,23,0.9601600266711119,9.321553592265378
0,0,24,1.230205034172362,23.3538923153859
0,0,25,0.5800966827804634,24.204034005667612
0,0,26,0.49008168028004667,22.253708951491916
0,0,27,0.3900650108351392,26.404400733455578
0,0,28,0.3400566761126855,28.274712452075345
0,0,29,0.8601433572262044,16.102683780630105
0,0,30,0.9001500250041674,12.462077012835474
0,0,31,1.4202367061176864,20.533422237039506
0,0,32,0.49008168028004667,28.564760793465577
0,0,33,0.7501250208368062,9.651608601433573
0,0,34,0.6101016836139357,22.493748958159696
0,0,35,0.3300550091681947,18.093015502583764
0,0,36,0.7001166861143524,23.50391731955326
0,0,37,0.6501083513918987,25.984330721786964
0,0,38,0.9901650275045841,21.843640606767796
0,0,39,0.6401066844474079,16.642773795632607
0,0,40,0.38006334389064844,35.075845974329056
0,0,41,0.2900483413902317,20.773462243707286
0,0,42,0.7301216869478246,14.352392065344224
0,0,43,0.8601433572262044,23.34389064844141
0,0,44,0.40006667777962995,58.00966827804634
0,0,45,1.2602100350058343,22.68378063010502
0,0,46,0.6301050175029171,18.453075512585432
0,0,47,0.48008001333555594,14.842473745624272
0,0,48,0.30005000833472245,17.302883813968997
0,0,49,0.5400900150025004,30.86514419069845
