segment,memory,reaction_mean,reaction_std,retention_mean,retention_std
0,0,0.6215035839306551,0.07833760346591985,2.2639773295549257,0.40088108675413925
