segment,memory,trial,reaction_time,retention_time
0,0,0,0.15015015015015015,4.464464464464465
0,0,1,0.20020020020020018,4.874874874874875
0,0,2,0.13013013013013014,5.105105105105105
0,0,3,0.17017017017017017,4.394394394394395
0,0,4,0.17017017017017017,7.007007007007007
0,0,5,0.20020020020020018,6.216216216216216
0,0,6,0.14014014014014015,4.924924924924925
0,0,7,0.17017017017017017,4.474474474474475
0,0,8,0.17017017017017017,6.606606606606607
0,0,9,0.15015015015015015,4.574574574574575
0,0,10,0.12012012012012012,6.816816816816817
0,0,11,0.19019019019019018,5.395395395395395
0,0,12,0.13013013013013014,4.814814814814815
0,0,13,0.13013013013013014,4.2342342342342345
0,0,14,0.18018018018018017,4.874874874874875
0,0,15,0.18018018018018017,4.124124124124124
0,0,16,0.18018018018018017,7.987987987987988
0,0,17,0.14014014014014015,7.047047047047047
0,0,18,0.16016016016016016,4.3043043043043046
0,0,19,0.14014014014014015,6.156156156156156
0,0,20,0.18018018018018017,4.824824824824825
0,0,21,0.14014014014014015,5.175175175175175
0,0,22,0.20020020020020018,5.185185185185185
0,0,23,0.13013013013013014,5.925925925925926
0,0,24,0.20020020020020018,5.295295295295295
0,0,25,0.14014014014014015,6.006006006006006
0,0,26,0.12012012012012012,5.305305305305305
0,0,27,0.17017017017017017,4.394394394394395
0,0,28,0.14014014014014015,4.574574574574575
0,0,29,0.19019019019019018,5.375375375375375
0,0,30,0.20020020020020018,5.175175175175175
0,0,31,0.15015015015015015,5.7057057057057055
0,0,32,0.17017017017017017,4.494494494494495
0,0,33,0.15015015015015015,6.046046046046046
0,0,34,0.15015015015015015,4.864864864864865
0,0,35,0.16016016016016016,6.516516516516517
0,0,36,0.16016016016016016,4.1641641641641645
0,0,37,0.16016016016016016,7.4874874874874875
0,0,38,0.15015015015015015,5.935935935935936
0,0,39,0.16016016016016016,5.875875875875876
0,0,40,0.15015015015015015,4.564564564564565
0,0,41,0.17017017017017017,4.634634634634635
0,0,42,0.13013013013013014,3.933933933933934
0,0,43,0.14014014014014015,5.465465465465465
0,0,44,0.17017017017017017,4.874874874874875
0,0,45,0.14014014014014015,7.037037037037037
0,0,46,0.15015015015015015,5.475475475475475
0,0,47,0.15015015015015015,5.495495495495495
0,0,48,0.15015015015015015,4.904904904904905
0,0,49,0.18018018018018017,6.036036036036036
