segment,memory,reaction_mean,reaction_std,retention_mean,retention_std
0,0,0.15915915915915915,0.022360211312901303,5.382982982982983,0.9546125754762647
