segment,memory,reaction_mean,reaction_std,retention_mean,retention_std
0,0,0.7519030949602712,0.5679626384100027,48.86954492415403,21.164833902609505
