segment,memory,trial,reaction_time,retention_time
0,0,0,0.4100683447241207,58.00966827804634
0,0,1,0.30005000833472245,58.00966827804634
0,0,2,0.3900650108351392,58.00966827804634
0,0,3,0.4700783463910652,58.00966827804634
0,0,4,0.4700783463910652,58.00966827804634
0,0,5,0.8901483580596766,58.00966827804634
0,0,6,0.5100850141690282,58.00966827804634
0,0,7,0.3300550091681947,58.00966827804634
0,0,8,0.7101183530588432,58.00966827804634
0,0,9,3.74062343723954,0.0
0,0,10,0.4400733455575929,58.00966827804634
0,0,11,0.8801466911151858,58.00966827804634
0,0,12,0.3700616769461577,58.00966827804634
0,0,13,0.5100850141690282,58.00966827804634
0,0,14,0.8301383563927321,58.00966827804634
0,0,15,0.9001500250041674,58.00966827804634
0,0,16,0.49008168028004667,58.00966827804634
0,0,17,0.4500750125020837,58.00966827804634
0,0,18,0.5400900150025004,58.00966827804634
0,0,19,0.8201366894482414,58.00966827804634
0,0,20,0.5300883480580096,58.00966827804634
0,0,21,0.5700950158359727,58.00966827804634
0,0,22,0.8201366894482414,58.00966827804634
0,0,23,0.7101183530588432,58.00966827804634
0,0,24,0.6701116852808802,58.00966827804634
0,0,25,0.5600933488914819,58.00966827804634
0,0,26,0.9601600266711119,58.00966827804634
0,0,27,,0.0
0,0,28,0.3400566761126855,58.00966827804634
0,0,29,0.5000833472245374,58.00966827804634
0,0,30,,0.0
0,0,31,0.42007001166861146,58.00966827804634
0,0,32,0.5500916819469912,58.00966827804634
0,0,33,1.3002167027837974,58.00966827804634
0,0,34,0.3700616769461577,58.00966827804634
0,0,35,1.7202867144524088,2.220370061676946
0,0,36,,0.0
0,0,37,0.4300716786131022,58.00966827804634
0,0,38,1.8203033838973164,58.00966827804634
0,0,39,0.7301216869478246,58.00966827804634
0,0,40,0.7001166861143524,58.00966827804634
0,0,41,1.0001666944490748,4.590765127521253
0,0,42,0.680113352225371,58.00966827804634
0,0,43,0.46007667944657443,58.00966827804634
0,0,44,0.4500750125020837,58.00966827804634
0,0,45,,0.2600433405567595
0,0,46,1.3002167027837974,58.00966827804634
0,0,47,1.0701783630605102,58.00966827804634
0,0,48,0.720120020003334,58.00966827804634
0,0,49,,0.0
