segment,memory,reaction_mean,reaction_std,retention_mean,retention_std
0,0,0.608008008008008,0.0890699208762064,7.223623623623625,1.2535653215123892
