segment,memory,reaction_mean,reaction_std,retention_mean,retention_std
0,0,0.5714952492082014,0.2655511668510138,56.883080513418896,7.966178479698556
