segment,memory,reaction_mean,reaction_std,retention_mean,retention_std
0,0,0.6496496496496497,0.16021441441796522,8.008008008008009,0.0
