segment,memory,reaction_mean,reaction_std,retention_mean,retention_std
0,0,0.191991991991992,0.02821780917237751,7.94974974974975,0.20919791941961385
