segment,memory,reaction_mean,reaction_std,retention_mean,retention_std
0,0,0.6485080846807801,0.09185278725291361,3.2969494915819304,0.7515912066944677
