segment,memory,trial,reaction_time,retention_time
0,0,0,0.6201033505584265,3.2405400900150028
0,0,1,0.6101016836139357,2.5604267377896317
0,0,2,0.7801300216702785,2.4004000666777796
0,0,3,0.6601100183363894,4.770795132522087
0,0,4,0.7101183530588432,4.100683447241207
0,0,5,0.5800966827804634,3.860643440573429
0,0,6,0.6101016836139357,2.460410068344724
0,0,7,0.5800966827804634,2.9704950825137524
0,0,8,0.7301216869478246,3.1805300883480583
0,0,9,0.7501250208368062,2.510418403067178
0,0,10,0.5600933488914819,4.840806801133523
0,0,11,0.6901150191698616,2.9004834139023172
0,0,12,0.8901483580596766,3.4105684280713455
0,0,13,0.6501083513918987,2.710451741956993
0,0,14,0.6401066844474079,3.660610101683614
0,0,15,0.7701283547257877,2.5304217369561592
0,0,16,0.7001166861143524,3.030505084180697
0,0,17,0.6601100183363894,3.020503417236206
0,0,18,0.7401233538923154,2.9004834139023172
0,0,19,0.6501083513918987,4.990831805300884
0,0,20,0.7001166861143524,2.390398399733289
0,0,21,0.5600933488914819,4.68078013002167
0,0,22,0.5500916819469912,3.140523420570095
0,0,23,0.6401066844474079,3.000500083347225
0,0,24,0.6001000166694449,3.220536756126021
0,0,25,0.9001500250041674,2.5704284047341224
0,0,26,0.520086681113519,3.9306551091848645
0,0,27,0.7401233538923154,3.190531755292549
0,0,28,0.6301050175029171,2.720453408901484
0,0,29,0.6501083513918987,3.810635105850975
0,0,30,0.7701283547257877,3.860643440573429
0,0,31,0.5700950158359727,4.040673445574263
0,0,32,0.5100850141690282,2.790465077512919
0,0,33,0.6101016836139357,3.5205867644607434
0,0,34,0.6501083513918987,2.67044507417903
0,0,35,0.6701116852808802,2.600433405567595
0,0,36,0.6201033505584265,3.540590098349725
0,0,37,0.7001166861143524,2.5604267377896317
0,0,38,0.7001166861143524,3.2005334222370396
0,0,39,0.6001000166694449,3.3905650941823637
0,0,40,0.6101016836139357,2.310385064177363
0,0,41,0.4700783463910652,3.900650108351392
0,0,42,0.6101016836139357,3.4105684280713455
0,0,43,0.48008001333555594,4.7907984664110685
0,0,44,0.5000833472245374,2.6604434072345393
0,0,45,0.5900983497249542,2.9704950825137524
0,0,46,0.6401066844474079,3.7306217702950493
0,0,47,0.7801300216702785,2.700450075012502
0,0,48,0.6401066844474079,4.9408234705784295
0,0,49,0.6301050175029171,2.550425070845141
