segment,memory,reaction_mean,reaction_std,retention_mean,retention_std
0,0,0.2640640640640641,0.04270368332131684,6.125125125125126,1.17008944037079
