segment,memory,reaction_mean,reaction_std,retention_mean,retention_std
0,0,0.15335335335335334,0.03251107543498053,8.008008008008009,0.0
