segment,memory,reaction_mean,reaction_std,retention_mean,retention_std
0,0,0.15855855855855855,0.024549422260975184,6.2620620620620615,1.0419581362196995
