segment,memory,reaction_mean,reaction_std,retention_mean,retention_std
0,0,0.6538538538538539,0.088138216731919,1.8506506506506506,0.2432822057701798
