segment,memory,reaction_mean,reaction_std,retention_mean,retention_std
0,0,0.5076846141023504,0.08748609241267045,58.00966827804634,0.0
