segment,memory,reaction_mean,reaction_std,retention_mean,retention_std
0,0,0.5860976829471578,0.10730350309157385,3.5783963993999004,0.9539490467021935
