segment,memory,trial,reaction_time,retention_time
0,0,0,0.40006667777962995,2.710451741956993
0,0,1,0.720120020003334,4.430738456409402
0,0,2,0.6601100183363894,2.3803967327887983
0,0,3,0.6201033505584265,3.570595099183197
0,0,4,0.7101183530588432,2.820470078346391
0,0,5,0.4300716786131022,2.8004667444574096
0,0,6,0.6301050175029171,3.150525087514586
0,0,7,0.5900983497249542,2.910485080846808
0,0,8,0.6301050175029171,4.470745124187364
0,0,9,0.6601100183363894,2.4904150691781965
0,0,10,0.48008001333555594,3.050508418069678
0,0,11,0.3500583430571762,3.0905150858476413
0,0,12,0.6401066844474079,3.1105184197366227
0,0,13,0.5800966827804634,5.6809468244707455
0,0,14,0.7401233538923154,3.780630105017503
0,0,15,0.3700616769461577,2.8704784130688448
0,0,16,0.7901316886147691,3.710618436406068
0,0,17,0.5400900150025004,4.100683447241207
0,0,18,0.5700950158359727,3.810635105850975
0,0,19,0.5800966827804634,2.9604934155692617
0,0,20,0.49008168028004667,5.240873478913152
0,0,21,0.7801300216702785,2.790465077512919
0,0,22,0.5600933488914819,2.8704784130688448
0,0,23,0.5500916819469912,3.420570095015836
0,0,24,0.5700950158359727,4.720786797799634
0,0,25,0.6401066844474079,3.190531755292549
0,0,26,0.5100850141690282,4.0806801133522255
0,0,27,0.6201033505584265,2.8904817469578266
0,0,28,0.4100683447241207,5.700950158359727
0,0,29,0.4100683447241207,3.170528421403567
0,0,30,0.6701116852808802,3.460576762793799
0,0,31,0.48008001333555594,3.350558426404401
0,0,32,0.520086681113519,2.4904150691781965
0,0,33,0.4700783463910652,2.2503750625104186
0,0,34,0.6901150191698616,3.500583430571762
0,0,35,0.7101183530588432,3.3005500916819472
0,0,36,0.5700950158359727,3.2505417569594934
0,0,37,0.7001166861143524,2.9204867477912986
0,0,38,0.6601100183363894,5.910985164194033
0,0,39,0.5600933488914819,3.780630105017503
0,0,40,0.5300883480580096,5.990998499749958
0,0,41,0.5000833472245374,3.3205534255709286
0,0,42,0.6501083513918987,2.9604934155692617
0,0,43,0.720120020003334,5.300883480580097
0,0,44,0.680113352225371,3.8806467744624107
0,0,45,0.5100850141690282,2.7304550758459745
0,0,46,0.6301050175029171,3.1105184197366227
0,0,47,0.7101183530588432,4.68078013002167
0,0,48,0.520086681113519,3.2805467577929655
0,0,49,0.5900983497249542,3.47057842973829
