segment,memory,reaction_mean,reaction_std,retention_mean,retention_std
0,0,0.2108108108108108,0.03985627171529221,8.008008008008009,0.0
