segment,memory,reaction_mean,reaction_std,retention_mean,retention_std
0,0,0.12172172172172173,0.017083580177970063,8.008008008008009,0.0
