segment,memory,reaction_mean,reaction_std,retention_mean,retention_std
0,0,0.47847847847847846,0.11936872160565827,8.008008008008009,0.0
