segment,memory,reaction_mean,reaction_std,retention_mean,retention_std
0,0,0.6143023837306218,0.09874490385303868,30.8347391231872,15.855769141433546
