segment,memory,reaction_mean,reaction_std,retention_mean,retention_std
0,0,0.6870870870870871,0.09970627929410625,1.8830830830830831,0.3333139164034749
