segment,memory,reaction_mean,reaction_std,retention_mean,retention_std
0,0,1.1167167167167167,0.23448674916936368,2.5451451451451454,0.7708485281508374
