segment,memory,reaction_mean,reaction_std,retention_mean,retention_std
0,0,0.3453453453453454,0.07425687764889015,7.786786786786787,0.5471815966067392
