segment,memory,reaction_mean,reaction_std,retention_mean,retention_std
0,0,0.2258258258258258,0.030413007380085108,7.173173173173174,0.9101776558704915
