segment,memory,reaction_mean,reaction_std,retention_mean,retention_std
0,0,0.396996996996997,0.06267942752943219,2.084084084084084,0.21671953565534258
