segment,memory,reaction_mean,reaction_std,retention_mean,retention_std
0,0,0.5927927927927928,0.12136138306378956,6.989189189189189,1.2104829746752324
