segment,memory,reaction_mean,reaction_std,retention_mean,retention_std
0,0,0.11151151151151151,0.01797597686556048,8.008008008008009,0.0
