{
  "w_s": 1.401010101010101,
  "w_external": 3.5025252525252526,
  "noise_levels": [
    0.5
  ],
  "stim_duration": 2.0,
  "segment_count": 1,
  "segment_duration": 10,
  "dt": 0.01,
  "stim_sequence": [
    0
  ]
}