segment,memory,reaction_mean,reaction_std,retention_mean,retention_std
0,0,0.3103103103103103,0.04937130416597188,5.012412412412413,1.0693443414221153
