segment,memory,reaction_mean,reaction_std,retention_mean,retention_std
0,0,0.6405149157512647,0.3028221058542146,51.4115685947658,13.830185806223684
