segment,memory,reaction_mean,reaction_std,retention_mean,retention_std
0,0,0.13853853853853854,0.02105164160683878,8.008008008008009,0.0
