segment,memory,reaction_mean,reaction_std,retention_mean,retention_std
0,0,0.6984984984984984,0.08590227005378041,1.361161161161161,0.17102111652780005
