segment,memory,reaction_mean,reaction_std,retention_mean,retention_std
0,0,0.20960960960960962,0.03545769214845501,3.1683683683683683,0.2912589617771113
