segment,memory,reaction_mean,reaction_std,retention_mean,retention_std
0,0,0.1841841841841842,0.026055866092218785,8.008008008008009,0.0
