segment,memory,reaction_mean,reaction_std,retention_mean,retention_std
0,0,0.2228228228228228,0.035016644475585536,5.115515515515515,1.1193759636564657
