segment,memory,reaction_mean,reaction_std,retention_mean,retention_std
0,0,0.4380730121686948,0.08950325871473337,58.00966827804634,0.0
