segment,memory,reaction_mean,reaction_std,retention_mean,retention_std
0,0,0.5825825825825826,0.09116189017880297,7.452652652652652,1.0164347963496518
