segment,memory,reaction_mean,reaction_std,retention_mean,retention_std
0,0,0.18578578578578578,0.032367348721967934,8.008008008008009,0.0
