segment,memory,reaction_mean,reaction_std,retention_mean,retention_std
0,0,0.3035035035035035,0.05378934744524145,7.947747747747749,0.25745975447239156
