segment,memory,reaction_mean,reaction_std,retention_mean,retention_std
0,0,0.13313313313313313,0.02074734467116675,8.008008008008009,0.0
