segment,memory,reaction_mean,reaction_std,retention_mean,retention_std
0,0,0.2182182182182182,0.03895277698234302,3.266866866866867,0.29469661542016984
