segment,memory,reaction_mean,reaction_std,retention_mean,retention_std
0,0,0.632673489816347,0.273540653504624,7.862062062062063,1.0319936806506371
