segment,memory,reaction_mean,reaction_std,retention_mean,retention_std
0,0,0.6652652652652652,0.09544035664075363,2.032032032032032,0.25431521101261023
