segment,memory,reaction_mean,reaction_std,retention_mean,retention_std
0,0,0.6079013168861477,0.10610370988324283,49.08878146357726,13.481513145177122
