segment,memory,reaction_mean,reaction_std,retention_mean,retention_std
0,0,0.4362362362362362,0.06157613389322799,2.948948948948949,0.5246838745245189
