segment,memory,reaction_mean,reaction_std,retention_mean,retention_std
0,0,0.2840840840840841,0.054934766383903905,7.844644644644645,0.5643432838958622
