segment,memory,reaction_mean,reaction_std,retention_mean,retention_std
0,0,0.2774774774774775,0.05471657134546504,7.656856856856857,0.7764732370486268
