segment,memory,reaction_mean,reaction_std,retention_mean,retention_std
0,0,0.618018018018018,0.10195839999244917,3.0156156156156158,0.6446239936721027
