segment,memory,trial,reaction_time,retention_time
0,0,0,0.4400733455575929,9.221536922820471
0,0,1,0.4500750125020837,14.052342057009502
0,0,2,0.5000833472245374,9.971661943657276
0,0,3,0.5600933488914819,11.49191531921987
0,0,4,0.5600933488914819,8.511418569761627
0,0,5,0.7001166861143524,9.431571928654776
0,0,6,0.5000833472245374,8.01133522253709
0,0,7,0.7701283547257877,8.081346891148526
0,0,8,0.48008001333555594,10.471745290881813
0,0,9,0.5700950158359727,8.321386897816303
0,0,10,0.6001000166694449,8.151358559759961
0,0,11,0.40006667777962995,5.080846807801301
0,0,12,0.5500916819469912,10.8118019669945
0,0,13,0.3700616769461577,11.031838639773296
0,0,14,0.5000833472245374,15.2425404234039
0,0,15,0.3500583430571762,10.571761960326722
0,0,16,0.9201533588931489,6.741123520586765
0,0,17,0.3900650108351392,8.721453575595932
0,0,18,0.5500916819469912,5.7409568261376895
0,0,19,0.5300883480580096,7.751291881980331
0,0,20,0.8801466911151858,10.171695282547091
0,0,21,0.5300883480580096,10.191698616436073
0,0,22,0.46007667944657443,10.14169028171362
0,0,23,0.7401233538923154,10.191698616436073
0,0,24,0.8001333555592599,4.770795132522087
0,0,25,0.6401066844474079,10.531755292548759
0,0,26,0.48008001333555594,7.5812635439239875
0,0,27,0.5600933488914819,7.381230205034172
0,0,28,0.6201033505584265,6.771128521420237
0,0,29,1.1401900316719453,10.891815302550425
0,0,30,0.7101183530588432,8.70145024170695
0,0,31,0.5900983497249542,10.901816969494917
0,0,32,0.5300883480580096,6.151025170861811
0,0,33,0.7301216869478246,10.55175862643774
0,0,34,0.520086681113519,7.261210201700283
0,0,35,0.5300883480580096,8.111351891981997
0,0,36,0.6301050175029171,9.691615269211535
0,0,37,0.5300883480580096,5.5309218203033845
0,0,38,0.7001166861143524,11.181863643940657
0,0,39,0.520086681113519,5.020836806134356
0,0,40,0.7301216869478246,10.241706951158527
0,0,41,0.42007001166861146,13.032172028671445
0,0,42,0.5000833472245374,9.071511918653108
0,0,43,0.6701116852808802,8.051341890315053
0,0,44,0.4100683447241207,6.2710451741957
0,0,45,0.6901150191698616,15.832638773128856
0,0,46,0.7701283547257877,8.441406901150192
0,0,47,0.49008168028004667,7.62127021170195
0,0,48,0.42007001166861146,12.042007001166862
0,0,49,0.6501083513918987,8.191365227537924
