segment,memory,reaction_mean,reaction_std,retention_mean,retention_std
0,0,0.5856976162693782,0.15394267689812743,9.158726454409068,2.448121689010268
