segment,memory,reaction_mean,reaction_std,retention_mean,retention_std
0,0,0.388988988988989,0.05805207005854577,3.220820820820821,0.4910449176378688
