segment,memory,reaction_mean,reaction_std,retention_mean,retention_std
0,0,0.566966966966967,0.08805279526841697,3.7961961961961963,0.8065044779703926
