segment,memory,reaction_mean,reaction_std,retention_mean,retention_std
0,0,0.599899983330555,0.06654296102123161,10.132888814802467,3.8503523638705905
