segment,memory,reaction_mean,reaction_std,retention_mean,retention_std
0,0,0.6484484484484484,0.09718309076735938,2.616016016016016,0.5608581917931732
