segment,memory,reaction_mean,reaction_std,retention_mean,retention_std
0,0,0.3945945945945946,0.06392250350360834,2.065065065065065,0.22770948718305353
