segment,memory,reaction_mean,reaction_std,retention_mean,retention_std
0,0,0.173973973973974,0.024089476594670645,5.591991991991992,1.0358833235241536
