segment,memory,reaction_mean,reaction_std,retention_mean,retention_std
0,0,0.5971971971971972,0.09716878131135885,6.516916916916918,1.5500463017254271
