segment,memory,reaction_mean,reaction_std,retention_mean,retention_std
0,0,0.591498583097183,0.09631511899548244,4.1526921153525596,0.9391203432285182
