segment,memory,reaction_mean,reaction_std,retention_mean,retention_std
0,0,0.5900983497249542,0.16009044454566396,58.00966827804634,0.0
