segment,memory,reaction_mean,reaction_std,retention_mean,retention_std
0,0,0.16816816816816818,0.027357538209222064,4.979379379379379,0.751239951473805
