segment,memory,reaction_mean,reaction_std,retention_mean,retention_std
0,0,0.6086086086086087,0.10297996217582628,3.552752752752753,0.7842194596104504
