segment,memory,reaction_mean,reaction_std,retention_mean,retention_std
0,0,0.5637637637637638,0.10823590043053445,3.226426426426426,0.7042127378446548
