segment,memory,reaction_mean,reaction_std,retention_mean,retention_std
0,0,0.6077012835472579,0.10310343667632495,42.85374229038173,16.475375961204925
