segment,memory,reaction_mean,reaction_std,retention_mean,retention_std
0,0,0.13753753753753753,0.02666176212665637,7.955555555555557,0.19543008743230916
