segment,memory,reaction_mean,reaction_std,retention_mean,retention_std
0,0,0.27467467467467466,0.04495575169026983,5.251251251251251,1.0730595809704961
