segment,memory,reaction_mean,reaction_std,retention_mean,retention_std
0,0,0.6304130217173696,0.31584354354562,6.972172172172172,2.597590603058753
