segment,memory,reaction_mean,reaction_std,retention_mean,retention_std
0,0,0.6713363791924504,0.3527900029657519,55.71908651441907,11.336439529543993
