segment,memory,reaction_mean,reaction_std,retention_mean,retention_std
0,0,0.7069069069069068,0.10036307920488119,1.3463463463463463,0.16472039920906187
