segment,memory,reaction_mean,reaction_std,retention_mean,retention_std
0,0,0.2622622622622623,0.03937051307861062,5.200800800800801,1.024514262773291
