segment,memory,trial,reaction_time,retention_time
0,0,0,0.970970970970971,3.093093093093093
0,0,1,0.6606606606606606,3.803803803803804
0,0,2,0.9209209209209209,2.1421421421421423
0,0,3,1.1711711711711712,2.9129129129129128
0,0,4,0.8108108108108109,2.4024024024024024
0,0,5,1.2312312312312312,4.024024024024024
0,0,6,0.7607607607607607,2.7727727727727727
0,0,7,1.001001001001001,3.7537537537537538
0,0,8,0.7307307307307307,3.3033033033033035
0,0,9,0.980980980980981,5.165165165165165
0,0,10,0.7007007007007007,3.103103103103103
0,0,11,0.9309309309309309,4.1841841841841845
0,0,12,0.7207207207207207,6.226226226226226
0,0,13,0.980980980980981,3.2332332332332334
0,0,14,0.9409409409409409,2.8128128128128127
0,0,15,0.9009009009009009,3.133133133133133
0,0,16,0.6306306306306306,2.7427427427427427
0,0,17,1.031031031031031,3.4334334334334335
0,0,18,1.1111111111111112,2.052052052052052
0,0,19,0.8508508508508509,3.4534534534534536
0,0,20,0.8908908908908909,3.5635635635635636
0,0,21,0.950950950950951,3.3033033033033035
0,0,22,0.9409409409409409,3.153153153153153
0,0,23,1.0910910910910911,4.014014014014014
0,0,24,0.7807807807807807,2.6526526526526526
0,0,25,0.8308308308308309,3.2832832832832834
0,0,26,0.950950950950951,2.1721721721721723
0,0,27,1.021021021021021,2.032032032032032
0,0,28,1.021021021021021,2.3223223223223224
0,0,29,0.6906906906906907,3.6436436436436437
0,0,30,0.8708708708708709,2.062062062062062
0,0,31,0.8508508508508509,2.6226226226226226
0,0,32,0.6806806806806807,3.6536536536536537
0,0,33,0.9409409409409409,3.6936936936936937
0,0,34,1.0610610610610611,3.4234234234234235
0,0,35,1.1311311311311312,4.1541541541541545
0,0,36,0.8308308308308309,2.5525525525525525
0,0,37,1.0910910910910911,2.962962962962963
0,0,38,0.8908908908908909,3.6036036036036037
0,0,39,1.0610610610610611,3.063063063063063
0,0,40,1.2512512512512513,1.911911911911912
0,0,41,0.8608608608608609,5.015015015015015
0,0,42,1.0410410410410411,2.052052052052052
0,0,43,0.7707707707707707,4.2842842842842845
0,0,44,1.001001001001001,2.5325325325325325
0,0,45,0.8808808808808809,1.8518518518518519
0,0,46,1.1011011011011012,3.103103103103103
0,0,47,0.8008008008008007,4.674674674674675
0,0,48,0.9109109109109109,1.8818818818818819
0,0,49,0.8708708708708709,3.2732732732732734
