segment,memory,reaction_mean,reaction_std,retention_mean,retention_std
0,0,0.9221221221221221,0.14781871590811396,3.205205205205205,0.9149997991521241
