segment,memory,reaction_mean,reaction_std,retention_mean,retention_std
0,0,0.5900983497249542,0.19643657871279538,10.792598766461076,4.516134038869841
