segment,memory,reaction_mean,reaction_std,retention_mean,retention_std
0,0,0.16776776776776778,0.02164551743563506,7.992592592592594,0.10900344775047889
