segment,memory,reaction_mean,reaction_std,retention_mean,retention_std
0,0,0.6027004500750125,0.10466086132033821,5.3088848141356895,1.8079031787234663
