segment,memory,reaction_mean,reaction_std,retention_mean,retention_std
0,0,0.4198198198198198,0.08307336047349681,2.23983983983984,0.27073186491326073
