segment,memory,reaction_mean,reaction_std,retention_mean,retention_std
0,0,0.3935935935935936,0.060583475079523434,3.4838838838838835,0.6355804116966756
