segment,memory,reaction_mean,reaction_std,retention_mean,retention_std
0,0,0.17097097097097097,0.030991136682931547,7.30970970970971,0.797011422089909
