segment,memory,reaction_mean,reaction_std,retention_mean,retention_std
0,0,0.6174174174174174,0.11273346233330345,3.34954954954955,0.7017356368229531
