segment,memory,trial,reaction_time,retention_time
0,0,0,0.5705705705705706,6.136136136136136
0,0,1,0.7207207207207207,5.165165165165165
0,0,2,0.6306306306306306,5.585585585585585
0,0,3,0.4904904904904905,6.696696696696697
0,0,4,0.6106106106106106,4.574574574574575
0,0,5,0.8008008008008007,5.045045045045045
0,0,6,0.5005005005005005,3.893893893893894
0,0,7,0.5205205205205206,6.146146146146146
0,0,8,0.6606606606606606,5.145145145145145
0,0,9,0.6406406406406406,5.365365365365365
0,0,10,0.5505505505505506,2.9229229229229228
0,0,11,0.7007007007007007,7.607607607607608
0,0,12,0.5705705705705706,4.364364364364365
0,0,13,0.5805805805805806,5.365365365365365
0,0,14,0.6306306306306306,4.444444444444445
0,0,15,0.7007007007007007,5.595595595595595
0,0,16,0.5705705705705706,2.8928928928928928
0,0,17,0.6906906906906907,5.125125125125125
0,0,18,0.3203203203203203,3.863863863863864
0,0,19,0.46046046046046046,5.545545545545545
0,0,20,0.6006006006006006,3.5335335335335336
0,0,21,0.6306306306306306,5.605605605605605
0,0,22,0.6706706706706707,5.345345345345345
0,0,23,0.5405405405405406,7.707707707707708
0,0,24,0.6606606606606606,3.7037037037037037
0,0,25,0.7907907907907907,4.954954954954955
0,0,26,0.7307307307307307,5.355355355355355
0,0,27,0.6606606606606606,4.034034034034034
0,0,28,0.6906906906906907,4.024024024024024
0,0,29,0.6306306306306306,6.506506506506507
0,0,30,0.6006006006006006,5.8358358358358355
0,0,31,0.6906906906906907,5.7157157157157155
0,0,32,0.5205205205205206,3.3533533533533535
0,0,33,0.7507507507507507,4.814814814814815
0,0,34,0.4804804804804805,5.335335335335335
0,0,35,0.5505505505505506,4.764764764764765
0,0,36,0.6506506506506506,5.215215215215215
0,0,37,0.9409409409409409,5.115115115115115
0,0,38,0.5705705705705706,4.014014014014014
0,0,39,0.6706706706706707,7.5775775775775776
0,0,40,0.41041041041041043,3.063063063063063
0,0,41,0.7107107107107107,7.007007007007007
0,0,42,0.6406406406406406,5.465465465465465
0,0,43,0.4804804804804805,8.008008008008009
0,0,44,0.6006006006006006,4.704704704704705
0,0,45,0.4804804804804805,5.025025025025025
0,0,46,0.7607607607607607,8.008008008008009
0,0,47,0.5305305305305306,4.334334334334335
0,0,48,0.5905905905905906,4.684684684684685
0,0,49,0.6306306306306306,4.2042042042042045
