segment,memory,reaction_mean,reaction_std,retention_mean,retention_std
0,0,0.6158158158158158,0.10859050849768256,5.16996996996997,1.2730904306720983
