segment,memory,reaction_mean,reaction_std,retention_mean,retention_std
0,0,0.6451075179196533,0.2620424014658575,53.36989498249708,15.893980512611265
