segment,memory,reaction_mean,reaction_std,retention_mean,retention_std
0,0,0.5659659659659659,0.08708250814439637,7.851051051051051,0.5388485234527159
