segment,memory,reaction_mean,reaction_std,retention_mean,retention_std
0,0,0.5126854475745958,0.09429731786155073,58.00966827804634,0.0
