segment,memory,reaction_mean,reaction_std,retention_mean,retention_std
0,0,0.204004004004004,0.033772867855899745,5.143343343343344,0.828075021346373
