segment,memory,reaction_mean,reaction_std,retention_mean,retention_std
0,0,0.32332332332332336,0.052977644938775076,5.102502502502502,1.2648923400201553
