segment,memory,reaction_mean,reaction_std,retention_mean,retention_std
0,0,0.5445445445445446,0.11060115851662808,7.917517517517519,0.35089542810227653
