segment,memory,reaction_mean,reaction_std,retention_mean,retention_std
0,0,0.17277277277277278,0.03018692035467364,7.921721721721723,0.4187872900261102
