segment,memory,reaction_mean,reaction_std,retention_mean,retention_std
0,0,0.6064064064064064,0.10866298494554984,6.941941941941942,1.1445931008159287
