segment,memory,reaction_mean,reaction_std,retention_mean,retention_std
0,0,0.5684947491248542,0.1515664590851004,58.00966827804634,0.0
