segment,memory,reaction_mean,reaction_std,retention_mean,retention_std
0,0,0.5405405405405406,0.07518054870925162,4.2444444444444445,0.9313767166546034
