segment,memory,reaction_mean,reaction_std,retention_mean,retention_std
0,0,0.5816969494915819,0.13286177381115016,24.09781630271712,13.593161472810806
