segment,memory,trial,reaction_time,retention_time
0,0,0,0.6401066844474079,15.412568761460244
0,0,1,0.4400733455575929,11.421903650608435
0,0,2,0.4300716786131022,51.31855309218203
0,0,3,0.48008001333555594,19.513252208701452
0,0,4,0.8601433572262044,43.54725787631272
0,0,5,0.5900983497249542,11.001833638939823
0,0,6,0.49008168028004667,54.61910318386398
0,0,7,0.6601100183363894,21.5135855975996
0,0,8,0.6601100183363894,24.67411235205868
0,0,9,0.5500916819469912,13.672278713118853
0,0,10,0.8701450241706952,44.947491248541425
0,0,11,0.7601266877812969,20.81346891148525
0,0,12,0.3900650108351392,46.917819636606104
0,0,13,0.5800966827804634,13.302217036172696
0,0,14,0.6001000166694449,28.794799133188867
0,0,15,0.6601100183363894,12.612102017002835
0,0,16,0.49008168028004667,33.15552592098683
0,0,17,0.5000833472245374,14.262377062843807
0,0,18,0.4400733455575929,11.681946991165194
0,0,19,0.520086681113519,13.022170361726955
0,0,20,0.7501250208368062,21.403567261210203
0,0,21,0.5500916819469912,26.924487414569096
0,0,22,0.49008168028004667,15.352558759793299
0,0,23,0.6201033505584265,17.542923820636773
0,0,24,0.49008168028004667,26.754459076512752
0,0,25,0.4100683447241207,20.83347224537423
0,0,26,0.5300883480580096,13.172195365894316
0,0,27,0.4400733455575929,20.733455575929323
0,0,28,0.5800966827804634,20.543423903984
0,0,29,0.9701616936156027,44.37739623270545
0,0,30,0.42007001166861146,16.382730455075848
0,0,31,0.7801300216702785,31.12518753125521
0,0,32,0.3900650108351392,18.083013835639274
0,0,33,0.6901150191698616,15.982663777296217
0,0,34,0.6201033505584265,8.381396899483248
0,0,35,0.4100683447241207,23.413902317052845
0,0,36,0.4400733455575929,11.87197866311052
0,0,37,0.6001000166694449,13.902317052842141
0,0,38,0.5100850141690282,18.753125520920154
0,0,39,0.7801300216702785,52.40873478913152
0,0,40,0.5400900150025004,19.313218869811635
0,0,41,0.5300883480580096,8.851475245874314
0,0,42,0.5900983497249542,58.00966827804634
0,0,43,0.6201033505584265,11.131855309218203
0,0,44,0.5300883480580096,15.262543757292883
0,0,45,0.6601100183363894,22.503750625104185
0,0,46,0.6101016836139357,51.95865977662944
0,0,47,0.5100850141690282,32.16536089348225
0,0,48,0.7101183530588432,20.663443907317887
0,0,49,0.7001166861143524,20.883480580096684
