segment,memory,reaction_mean,reaction_std,retention_mean,retention_std
0,0,0.6168168168168168,0.09690072085124034,6.6906906906906904,1.4142808126317894
