segment,memory,reaction_mean,reaction_std,retention_mean,retention_std
0,0,0.6615102517086181,0.08416670729856021,2.0061343557259543,0.31045694212792335
