segment,memory,reaction_mean,reaction_std,retention_mean,retention_std
0,0,0.7325325325325325,0.09426497405591211,3.856856856856857,1.1901379664162224
