segment,memory,reaction_mean,reaction_std,retention_mean,retention_std
0,0,0.6832832832832832,0.09715194395888836,1.4752752752752754,0.22124751800388517
