segment,memory,trial,reaction_time,retention_time
0,0,0,0.19019019019019018,5.365365365365365
0,0,1,0.20020020020020018,5.465465465465465
0,0,2,0.20020020020020018,5.625625625625625
0,0,3,0.18018018018018017,4.504504504504505
0,0,4,0.17017017017017017,6.006006006006006
0,0,5,0.19019019019019018,7.5775775775775776
0,0,6,0.2802802802802803,5.185185185185185
0,0,7,0.16016016016016016,5.595595595595595
0,0,8,0.20020020020020018,4.444444444444445
0,0,9,0.15015015015015015,4.824824824824825
0,0,10,0.2602602602602603,5.8558558558558556
0,0,11,0.14014014014014015,4.764764764764765
0,0,12,0.16016016016016016,5.335335335335335
0,0,13,0.17017017017017017,5.645645645645645
0,0,14,0.18018018018018017,6.606606606606607
0,0,15,0.18018018018018017,6.936936936936937
0,0,16,0.23023023023023023,5.8358358358358355
0,0,17,0.16016016016016016,4.444444444444445
0,0,18,0.21021021021021022,8.008008008008009
0,0,19,0.19019019019019018,7.117117117117117
0,0,20,0.19019019019019018,6.256256256256256
0,0,21,0.17017017017017017,4.674674674674675
0,0,22,0.21021021021021022,4.2542542542542545
0,0,23,0.21021021021021022,6.486486486486487
0,0,24,0.22022022022022023,4.454454454454455
0,0,25,0.14014014014014015,5.385385385385385
0,0,26,0.14014014014014015,5.235235235235235
0,0,27,0.14014014014014015,6.356356356356356
0,0,28,0.16016016016016016,6.486486486486487
0,0,29,0.20020020020020018,7.227227227227227
0,0,30,0.20020020020020018,6.396396396396396
0,0,31,0.22022022022022023,7.857857857857858
0,0,32,0.2502502502502503,7.4274274274274275
0,0,33,0.19019019019019018,6.836836836836837
0,0,34,0.2502502502502503,4.1941941941941945
0,0,35,0.16016016016016016,6.116116116116116
0,0,36,0.21021021021021022,4.484484484484485
0,0,37,0.21021021021021022,4.444444444444445
0,0,38,0.18018018018018017,4.614614614614615
0,0,39,0.17017017017017017,5.915915915915916
0,0,40,0.16016016016016016,5.475475475475475
0,0,41,0.20020020020020018,6.936936936936937
0,0,42,0.23023023023023023,5.505505505505505
0,0,43,0.17017017017017017,5.265265265265265
0,0,44,0.22022022022022023,6.726726726726727
0,0,45,0.20020020020020018,4.814814814814815
0,0,46,0.20020020020020018,5.8058058058058055
0,0,47,0.2502502502502503,5.465465465465465
0,0,48,0.22022022022022023,5.905905905905906
0,0,49,0.18018018018018017,5.315315315315315
