segment,memory,reaction_mean,reaction_std,retention_mean,retention_std
0,0,0.1931931931931932,0.032749842672955214,5.74934934934935,1.0039725459238105
