segment,memory,reaction_mean,reaction_std,retention_mean,retention_std
0,0,0.2174174174174174,0.04384487925339687,8.008008008008009,0.0
