segment,memory,reaction_mean,reaction_std,retention_mean,retention_std
0,0,0.23883883883883886,0.04602783435184577,5.773573573573574,1.0776582048753918
