segment,memory,reaction_mean,reaction_std,retention_mean,retention_std
0,0,0.22822822822822822,0.043515298311748725,5.827827827827828,1.076087240481152
