segment,memory,reaction_mean,reaction_std,retention_mean,retention_std
0,0,0.387987987987988,0.05551500564557859,4.010610610610611,0.6484630308554099
