segment,memory,reaction_mean,reaction_std,retention_mean,retention_std
0,0,0.64984984984985,0.08296079072054889,2.2426426426426427,0.38706290140393124
