segment,memory,reaction_mean,reaction_std,retention_mean,retention_std
0,0,0.1653653653653654,0.023431087256701306,5.168368368368368,0.7438796515736389
