segment,memory,reaction_mean,reaction_std,retention_mean,retention_std
0,0,0.5597597597597598,0.10799758589406273,3.3039039039039038,0.7365976370920664
