segment,memory,reaction_mean,reaction_std,retention_mean,retention_std
0,0,0.3071071071071071,0.054768868084476806,4.481081081081081,0.8433386847628674
