segment,memory,reaction_mean,reaction_std,retention_mean,retention_std
0,0,0.24504504504504507,0.04291148138655468,7.967367367367368,0.1567846420438668
