segment,memory,reaction_mean,reaction_std,retention_mean,retention_std
0,0,0.6803133855642608,0.09508810839867146,1.8745124187364561,0.27289955953289174
