segment,memory,reaction_mean,reaction_std,retention_mean,retention_std
0,0,0.1871871871871872,0.030284310860213604,5.504704704704705,0.9401557207275154
