segment,memory,reaction_mean,reaction_std,retention_mean,retention_std
0,0,0.6246246246246246,0.15010247586726871,7.77957957957958,0.5742793518447433
