segment,memory,reaction_mean,reaction_std,retention_mean,retention_std
0,0,0.7323323323323323,0.13954586727695906,6.762962962962963,1.3780746383630746
