segment,memory,reaction_mean,reaction_std,retention_mean,retention_std
0,0,0.7177632177632177,0.29815546128073034,6.961761761761762,2.6388809806678846
