segment,memory,reaction_mean,reaction_std,retention_mean,retention_std
0,0,0.6013002167027838,0.21973623209814527,58.00966827804634,0.0
