segment,memory,reaction_mean,reaction_std,retention_mean,retention_std
0,0,0.27127127127127126,0.03719378465219492,5.073473473473474,0.968277526771018
