segment,memory,reaction_mean,reaction_std,retention_mean,retention_std
0,0,0.6318318318318318,0.12121554544860252,7.960160160160161,0.23595708252441588
