segment,memory,reaction_mean,reaction_std,retention_mean,retention_std
0,0,0.3041041041041041,0.05552715991771857,7.976776776776777,0.16732410007730786
