segment,memory,reaction_mean,reaction_std,retention_mean,retention_std
0,0,0.2774774774774775,0.037016879021566564,4.518918918918919,0.6951194442321406
