segment,memory,reaction_mean,reaction_std,retention_mean,retention_std
0,0,0.24024024024024024,0.03583573312209829,5.77917917917918,1.127442746409334
