segment,memory,reaction_mean,reaction_std,retention_mean,retention_std
0,0,0.6157026171028506,0.15149640244309592,58.00966827804634,0.0
