segment,memory,reaction_mean,reaction_std,retention_mean,retention_std
0,0,0.6873145524254042,0.09595474843269997,1.7206867811301885,0.2859473120385023
