segment,memory,reaction_mean,reaction_std,retention_mean,retention_std
0,0,0.32252252252252256,0.06286446329904946,8.008008008008009,0.0
