segment,memory,reaction_mean,reaction_std,retention_mean,retention_std
0,0,0.6111018503083847,0.13473681759662962,58.00966827804634,0.0
