segment,memory,reaction_mean,reaction_std,retention_mean,retention_std
0,0,0.6572572572572573,0.1050950848895546,4.074274274274274,1.0661281460778111
