segment,memory,reaction_mean,reaction_std,retention_mean,retention_std
0,0,0.5793793793793793,0.10925510397845739,1.312112112112112,0.21085457156831158
