segment,memory,reaction_mean,reaction_std,retention_mean,retention_std
0,0,1.3820638820638822,1.9521165672682887,6.260260260260261,3.3255973797477054
