segment,memory,reaction_mean,reaction_std,retention_mean,retention_std
0,0,0.5836972828804801,0.23949303392002558,58.00966827804634,0.0
