segment,memory,reaction_mean,reaction_std,retention_mean,retention_std
0,0,0.5341341341341341,0.13247031873122803,7.662462462462463,0.7664573952055589
