segment,memory,reaction_mean,reaction_std,retention_mean,retention_std
0,0,0.618018018018018,0.0901425082263382,3.631831831831832,0.8782879495590687
