segment,memory,reaction_mean,reaction_std,retention_mean,retention_std
0,0,0.28588588588588587,0.04647658645107249,4.441441441441442,0.6879904667299476
