segment,memory,reaction_mean,reaction_std,retention_mean,retention_std
0,0,0.9074984074984076,0.49561572415836297,6.854654654654655,2.7850549328327805
