segment,memory,reaction_mean,reaction_std,retention_mean,retention_std
0,0,0.6371061843640607,0.09229379864102298,5.1790631771962,1.4092143666017123
