segment,memory,reaction_mean,reaction_std,retention_mean,retention_std
0,0,0.7131188531421904,0.09488952259628601,1.1701950325054176,0.16196676658616393
