segment,memory,reaction_mean,reaction_std,retention_mean,retention_std
0,0,0.6935246783554835,0.45673712470681366,39.74562427071179,23.142132869400104
