segment,memory,reaction_mean,reaction_std,retention_mean,retention_std
0,0,1.1543543543543544,0.18074041453466408,0.8586586586586588,0.17493178911859067
