segment,memory,trial,reaction_time,retention_time
0,0,0,1.1511511511511512,0.6806806806806807
0,0,1,1.1111111111111112,0.7907907907907907
0,0,2,0.960960960960961,0.5305305305305306
0,0,3,1.3013013013013013,0.6506506506506506
0,0,4,1.0810810810810811,0.9109109109109109
0,0,5,1.0810810810810811,0.45045045045045046
0,0,6,1.1811811811811812,0.9109109109109109
0,0,7,1.3413413413413413,0.8508508508508509
0,0,8,1.1411411411411412,1.0410410410410411
0,0,9,1.0610610610610611,0.8508508508508509
0,0,10,1.1511511511511512,0.8608608608608609
0,0,11,0.7407407407407407,0.6706706706706707
0,0,12,1.1711711711711712,1.0510510510510511
0,0,13,1.0610610610610611,1.2312312312312312
0,0,14,1.3513513513513513,0.6806806806806807
0,0,15,1.3913913913913913,0.960960960960961
0,0,16,1.031031031031031,0.7307307307307307
0,0,17,1.2212212212212212,0.8008008008008007
0,0,18,1.1611611611611612,1.0910910910910911
0,0,19,1.2012012012012012,0.7607607607607607
0,0,20,1.3513513513513513,0.5405405405405406
0,0,21,1.1911911911911912,1.1011011011011012
0,0,22,1.1211211211211212,0.8708708708708709
0,0,23,1.2412412412412412,0.7907907907907907
0,0,24,1.4514514514514514,0.960960960960961
0,0,25,0.9309309309309309,0.5305305305305306
0,0,26,1.3813813813813813,1.0610610610610611
0,0,27,1.021021021021021,0.7507507507507507
0,0,28,1.5415415415415414,1.0810810810810811
0,0,29,0.7307307307307307,0.8408408408408409
0,0,30,1.0810810810810811,0.7407407407407407
0,0,31,0.8908908908908909,0.7407407407407407
0,0,32,1.1711711711711712,0.8508508508508509
0,0,33,0.980980980980981,0.970970970970971
0,0,34,1.2012012012012012,0.970970970970971
0,0,35,0.9409409409409409,0.9209209209209209
0,0,36,1.2212212212212212,1.1511511511511512
0,0,37,1.4914914914914914,0.7107107107107107
0,0,38,1.001001001001001,0.9109109109109109
0,0,39,1.1711711711711712,0.7807807807807807
0,0,40,1.5515515515515514,0.960960960960961
0,0,41,1.001001001001001,0.8008008008008007
0,0,42,1.2412412412412412,0.8108108108108109
0,0,43,1.0910910910910911,1.1211211211211212
0,0,44,1.011011011011011,0.7007007007007007
0,0,45,0.970970970970971,0.9409409409409409
0,0,46,1.2212212212212212,0.7707707707707707
0,0,47,1.1511511511511512,0.980980980980981
0,0,48,1.0910910910910911,0.950950950950951
0,0,49,1.3813813813813813,1.1111111111111112
