segment,memory,reaction_mean,reaction_std,retention_mean,retention_std
0,0,0.13213213213213215,0.024098812450096836,7.968168168168169,0.16165329710695933
