segment,memory,reaction_mean,reaction_std,retention_mean,retention_std
0,0,0.5954992498749792,0.24239458416625598,50.14255709284881,15.30833728900462
