segment,memory,trial,reaction_time,retention_time
0,0,0,0.3900650108351392,58.00966827804634
0,0,1,0.5500916819469912,58.00966827804634
0,0,2,0.38006334389064844,58.00966827804634
0,0,3,0.42007001166861146,58.00966827804634
0,0,4,1.2102017002833807,58.00966827804634
0,0,5,0.7101183530588432,58.00966827804634
0,0,6,0.5800966827804634,19.11318553092182
0,0,7,0.7801300216702785,58.00966827804634
0,0,8,0.5600933488914819,22.44374062343724
0,0,9,0.9101516919486582,58.00966827804634
0,0,10,0.5500916819469912,58.00966827804634
0,0,11,0.49008168028004667,49.43823970661777
0,0,12,1.5402567094515753,58.00966827804634
0,0,13,0.6201033505584265,58.00966827804634
0,0,14,0.5300883480580096,58.00966827804634
0,0,15,0.3900650108351392,58.00966827804634
0,0,16,0.6901150191698616,58.00966827804634
0,0,17,0.5100850141690282,58.00966827804634
0,0,18,0.4500750125020837,58.00966827804634
0,0,19,0.5900983497249542,58.00966827804634
0,0,20,0.46007667944657443,58.00966827804634
0,0,21,0.4100683447241207,58.00966827804634
0,0,22,0.4300716786131022,58.00966827804634
0,0,23,0.4500750125020837,58.00966827804634
0,0,24,0.5600933488914819,14.512418736456077
0,0,25,0.5900983497249542,58.00966827804634
0,0,26,0.5600933488914819,58.00966827804634
0,0,27,0.8601433572262044,58.00966827804634
0,0,28,0.3900650108351392,21.93365560926821
0,0,29,0.6701116852808802,11.611935322553759
0,0,30,0.49008168028004667,58.00966827804634
0,0,31,0.5600933488914819,27.944657442907154
0,0,32,0.6301050175029171,36.73612268711452
0,0,33,0.40006667777962995,58.00966827804634
0,0,34,0.5500916819469912,39.336556092682116
0,0,35,0.9401566927821304,58.00966827804634
0,0,36,0.46007667944657443,58.00966827804634
0,0,37,0.4700783463910652,58.00966827804634
0,0,38,0.520086681113519,13.022170361726955
0,0,39,0.4100683447241207,58.00966827804634
0,0,40,0.5000833472245374,58.00966827804634
0,0,41,0.49008168028004667,58.00966827804634
0,0,42,0.4500750125020837,58.00966827804634
0,0,43,1.1401900316719453,58.00966827804634
0,0,44,0.5000833472245374,58.00966827804634
0,0,45,1.1501916986164362,58.00966827804634
0,0,46,0.6601100183363894,58.00966827804634
0,0,47,0.46007667944657443,58.00966827804634
0,0,48,0.3400566761126855,12.242040340056677
0,0,49,0.42007001166861146,34.425737622937156
