segment,memory,reaction_mean,reaction_std,retention_mean,retention_std
0,0,0.6355059176529422,0.09367609375240891,5.517119519919987,1.64006662409183
