segment,memory,reaction_mean,reaction_std,retention_mean,retention_std
0,0,0.4668778129688282,0.08256096372516647,58.00966827804634,0.0
