segment,memory,reaction_mean,reaction_std,retention_mean,retention_std
0,0,0.5454909151525255,0.13798498575555745,58.00966827804634,0.0
