segment,memory,trial,reaction_time,retention_time
0,0,0,0.520086681113519,58.00966827804634
0,0,1,0.720120020003334,58.00966827804634
0,0,2,0.5000833472245374,58.00966827804634
0,0,3,0.3700616769461577,58.00966827804634
0,0,4,,0.0
0,0,5,0.42007001166861146,58.00966827804634
0,0,6,0.5100850141690282,58.00966827804634
0,0,7,0.4700783463910652,58.00966827804634
0,0,8,0.5000833472245374,58.00966827804634
0,0,9,1.1401900316719453,58.00966827804634
0,0,10,0.7301216869478246,58.00966827804634
0,0,11,0.46007667944657443,58.00966827804634
0,0,12,0.8101350225037507,58.00966827804634
0,0,13,0.49008168028004667,58.00966827804634
0,0,14,0.4300716786131022,58.00966827804634
0,0,15,0.31005167527921323,58.00966827804634
0,0,16,1.0001666944490748,58.00966827804634
0,0,17,0.5100850141690282,58.00966827804634
0,0,18,0.4400733455575929,58.00966827804634
0,0,19,0.42007001166861146,58.00966827804634
0,0,20,0.5300883480580096,58.00966827804634
0,0,21,0.4100683447241207,58.00966827804634
0,0,22,0.3900650108351392,58.00966827804634
0,0,23,0.5400900150025004,58.00966827804634
0,0,24,0.3900650108351392,58.00966827804634
0,0,25,1.4702450408401402,58.00966827804634
0,0,26,1.2502083680613436,58.00966827804634
0,0,27,,0.0
0,0,28,0.7001166861143524,58.00966827804634
0,0,29,0.2600433405567595,58.00966827804634
0,0,30,0.6701116852808802,58.00966827804634
0,0,31,0.5500916819469912,58.00966827804634
0,0,32,0.48008001333555594,58.00966827804634
0,0,33,0.7601266877812969,58.00966827804634
0,0,34,0.680113352225371,58.00966827804634
0,0,35,0.7301216869478246,58.00966827804634
0,0,36,0.5800966827804634,58.00966827804634
0,0,37,0.3700616769461577,58.00966827804634
0,0,38,0.28004667444574094,58.00966827804634
0,0,39,0.9501583597266211,58.00966827804634
0,0,40,1.1001833638939824,58.00966827804634
0,0,41,0.720120020003334,58.00966827804634
0,0,42,0.28004667444574094,58.00966827804634
0,0,43,0.5000833472245374,58.00966827804634
0,0,44,0.9601600266711119,58.00966827804634
0,0,45,0.4400733455575929,58.00966827804634
0,0,46,0.46007667944657443,58.00966827804634
0,0,47,0.360060010001667,58.00966827804634
0,0,48,0.2600433405567595,58.00966827804634
0,0,49,0.5600933488914819,58.00966827804634
