segment,memory,reaction_mean,reaction_std,retention_mean,retention_std
0,0,0.5913485580930155,0.2683699121075328,55.689281546924484,11.482936318604896
