segment,memory,trial,reaction_time,retention_time
0,0,0,0.7607607607607607,1.4314314314314314
0,0,1,0.6406406406406406,1.5615615615615615
0,0,2,0.7407407407407407,1.2712712712712713
0,0,3,0.6006006006006006,1.2912912912912913
0,0,4,0.7107107107107107,1.3213213213213213
0,0,5,0.6506506506506506,1.1511511511511512
0,0,6,0.6606606606606606,1.3813813813813813
0,0,7,0.7207207207207207,1.5215215215215214
0,0,8,0.5605605605605606,1.6516516516516517
0,0,9,0.7307307307307307,1.2712712712712713
0,0,10,0.7407407407407407,1.4214214214214214
0,0,11,0.7607607607607607,1.2312312312312312
0,0,12,0.8108108108108109,1.2812812812812813
0,0,13,0.7007007007007007,1.1711711711711712
0,0,14,0.6306306306306306,1.2612612612612613
0,0,15,0.6806806806806807,1.2112112112112112
0,0,16,0.6806806806806807,1.4114114114114114
0,0,17,0.7207207207207207,1.0810810810810811
0,0,18,0.6106106106106106,1.4714714714714714
0,0,19,0.5605605605605606,1.1811811811811812
0,0,20,0.8008008008008007,0.950950950950951
0,0,21,0.7307307307307307,1.031031031031031
0,0,22,0.6806806806806807,1.4114114114114114
0,0,23,0.7707707707707707,1.5315315315315314
0,0,24,0.7007007007007007,1.3713713713713713
0,0,25,0.8408408408408409,1.3913913913913913
0,0,26,0.6406406406406406,1.5415415415415414
0,0,27,0.7907907907907907,1.4114114114114114
0,0,28,0.8108108108108109,1.2912912912912913
0,0,29,0.5805805805805806,1.4814814814814814
0,0,30,0.8908908908908909,1.3713713713713713
0,0,31,0.7507507507507507,1.1711711711711712
0,0,32,0.5505505505505506,1.4014014014014013
0,0,33,0.8508508508508509,1.2012012012012012
0,0,34,0.6606606606606606,1.3413413413413413
0,0,35,0.6006006006006006,1.4814814814814814
0,0,36,0.8208208208208209,1.3013013013013013
0,0,37,0.7207207207207207,1.2712712712712713
0,0,38,0.7007007007007007,1.2512512512512513
0,0,39,0.5805805805805806,0.980980980980981
0,0,40,0.7107107107107107,1.2512512512512513
0,0,41,0.7107107107107107,1.2212212212212212
0,0,42,0.6106106106106106,1.2512512512512513
0,0,43,0.8408408408408409,1.6416416416416417
0,0,44,0.5705705705705706,1.5715715715715715
0,0,45,0.6906906906906907,1.3113113113113113
0,0,46,0.7207207207207207,1.2112112112112112
0,0,47,0.6206206206206206,1.4214214214214214
0,0,48,0.7107107107107107,1.4414414414414414
0,0,49,0.7007007007007007,1.5415415415415414
