segment,memory,reaction_mean,reaction_std,retention_mean,retention_std
0,0,0.7007007007007008,0.08401790831727945,1.3325325325325326,0.15955432801131314
