segment,memory,reaction_mean,reaction_std,retention_mean,retention_std
0,0,0.7247247247247247,0.10875534587062231,1.2244244244244245,0.14353453701568145
