segment,memory,reaction_mean,reaction_std,retention_mean,retention_std
0,0,0.6226226226226226,0.08957791942437192,7.01941941941942,1.2910348157304372
