segment,memory,reaction_mean,reaction_std,retention_mean,retention_std
0,0,1.9360269360269362,1.4708550294400864,5.49029029029029,3.494389977072166
