segment,memory,reaction_mean,reaction_std,retention_mean,retention_std
0,0,0.7271424670069125,0.3313433219003159,53.45750958493082,15.599827093923315
