segment,memory,reaction_mean,reaction_std,retention_mean,retention_std
0,0,0.6881998063507039,0.3351200152503432,53.40990165027504,15.757309778483613
