segment,memory,reaction_mean,reaction_std,retention_mean,retention_std
0,0,1.0962962962962963,0.28096700702544974,6.993393393393394,1.5206971120131392
