segment,memory,reaction_mean,reaction_std,retention_mean,retention_std
0,0,0.5692948824804135,0.10565155489879555,20.381196866144357,12.839774255535158
