segment,memory,reaction_mean,reaction_std,retention_mean,retention_std
0,0,0.15215215215215216,0.021016643009722676,8.008008008008009,0.0
