segment,memory,reaction_mean,reaction_std,retention_mean,retention_std
0,0,0.5614935822637106,0.11540695710930778,32.83867311218537,17.15720288100897
