segment,memory,reaction_mean,reaction_std,retention_mean,retention_std
0,0,0.16696696696696697,0.02968346802878105,8.008008008008009,0.0
