segment,memory,reaction_mean,reaction_std,retention_mean,retention_std
0,0,1.6293436293436292,0.6057994277245635,2.9853853853853853,2.9641377605814045
