segment,memory,reaction_mean,reaction_std,retention_mean,retention_std
0,0,0.15955955955955956,0.02237483897743931,5.946946946946947,1.1574397476249896
