segment,memory,reaction_mean,reaction_std,retention_mean,retention_std
0,0,0.25705705705705706,0.046224229418743525,4.763963963963964,0.7266119686334499
