segment,memory,reaction_mean,reaction_std,retention_mean,retention_std
0,0,0.3751751751751752,0.06074527579963214,2.8680680680680677,0.3213861962344851
