segment,memory,reaction_mean,reaction_std,retention_mean,retention_std
0,0,0.4678678678678678,0.08236634450078886,6.445245245245245,1.498363987173688
