segment,memory,trial,reaction_time,retention_time
0,0,0,0.5005005005005005,4.544544544544545
0,0,1,0.45045045045045046,6.256256256256256
0,0,2,0.38038038038038036,8.008008008008009
0,0,3,0.5305305305305306,7.5375375375375375
0,0,4,0.5605605605605606,8.008008008008009
0,0,5,0.6506506506506506,5.6956956956956954
0,0,6,0.4904904904904905,5.195195195195195
0,0,7,0.47047047047047047,8.008008008008009
0,0,8,0.40040040040040037,4.824824824824825
0,0,9,0.44044044044044045,8.008008008008009
0,0,10,0.6306306306306306,8.008008008008009
0,0,11,0.5605605605605606,5.8058058058058055
0,0,12,0.39039039039039036,4.2642642642642645
0,0,13,0.5205205205205206,5.7557557557557555
0,0,14,0.44044044044044045,8.008008008008009
0,0,15,0.5905905905905906,5.125125125125125
0,0,16,0.40040040040040037,5.505505505505505
0,0,17,0.42042042042042044,3.4834834834834836
0,0,18,0.42042042042042044,3.973973973973974
0,0,19,0.34034034034034033,4.354354354354355
0,0,20,0.5205205205205206,8.008008008008009
0,0,21,0.5005005005005005,7.027027027027027
0,0,22,0.5905905905905906,6.386386386386386
0,0,23,0.5105105105105106,8.008008008008009
0,0,24,0.3303303303303303,5.865865865865866
0,0,25,0.3103103103103103,7.137137137137137
0,0,26,0.45045045045045046,6.516516516516517
0,0,27,0.34034034034034033,8.008008008008009
0,0,28,0.4904904904904905,8.008008008008009
0,0,29,0.3303303303303303,4.694694694694695
0,0,30,0.37037037037037035,8.008008008008009
0,0,31,0.44044044044044045,8.008008008008009
0,0,32,0.5705705705705706,8.008008008008009
0,0,33,0.4804804804804805,5.195195195195195
0,0,34,0.5005005005005005,8.008008008008009
0,0,35,0.43043043043043044,5.475475475475475
0,0,36,0.5605605605605606,7.937937937937938
0,0,37,0.4904904904904905,5.8358358358358355
0,0,38,0.45045045045045046,8.008008008008009
0,0,39,0.4804804804804805,4.854854854854855
0,0,40,0.34034034034034033,8.008008008008009
0,0,41,0.41041041041041043,8.008008008008009
0,0,42,0.44044044044044045,5.375375375375375
0,0,43,0.4904904904904905,4.354354354354355
0,0,44,0.46046046046046046,8.008008008008009
0,0,45,0.39039039039039036,7.5275275275275275
0,0,46,0.5705705705705706,7.267267267267267
0,0,47,0.45045045045045046,5.625625625625625
0,0,48,0.5805805805805806,4.774774774774775
0,0,49,0.5205205205205206,3.943943943943944
