segment,memory,reaction_mean,reaction_std,retention_mean,retention_std
0,0,0.2134134134134134,0.029406615607669294,5.670670670670671,1.112170224513307
