segment,memory,reaction_mean,reaction_std,retention_mean,retention_std
0,0,0.5542923820636773,0.12292894920103627,46.618969828304714,14.384939861241575
