segment,memory,reaction_mean,reaction_std,retention_mean,retention_std
0,0,0.6453075512585431,0.0908893604598053,3.668411401900317,0.8062748186153553
