segment,memory,trial,reaction_time,retention_time
0,0,0,0.7001166861143524,4.100683447241207
0,0,1,0.5300883480580096,6.951158526421071
0,0,2,0.6401066844474079,4.5407567927988
0,0,3,0.5100850141690282,4.180696782797133
0,0,4,0.5800966827804634,3.660610101683614
0,0,5,0.5700950158359727,5.250875145857643
0,0,6,0.5900983497249542,2.67044507417903
0,0,7,0.5800966827804634,4.720786797799634
0,0,8,0.6401066844474079,3.980663443907318
0,0,9,0.680113352225371,4.630771795299217
0,0,10,0.46007667944657443,6.241040173362228
0,0,11,0.5300883480580096,3.2805467577929655
0,0,12,0.6401066844474079,4.27071178529755
0,0,13,0.6601100183363894,5.410901816969495
0,0,14,0.6301050175029171,3.5305884314052345
0,0,15,0.5800966827804634,5.180863477246208
0,0,16,0.7101183530588432,4.120686781130188
0,0,17,0.7901316886147691,5.630938489748291
0,0,18,0.6701116852808802,8.41140190031672
0,0,19,0.6401066844474079,3.8806467744624107
0,0,20,0.5400900150025004,11.781963660610103
0,0,21,0.5400900150025004,6.981163527254543
0,0,22,0.5900983497249542,3.570595099183197
0,0,23,0.6101016836139357,4.640773462243708
0,0,24,0.6701116852808802,5.720953492248708
0,0,25,0.5900983497249542,3.030505084180697
0,0,26,0.6201033505584265,3.6506084347391234
0,0,27,0.4400733455575929,4.780796799466578
0,0,28,0.6901150191698616,2.600433405567595
0,0,29,0.7601266877812969,5.410901816969495
0,0,30,0.6401066844474079,6.451075179196533
0,0,31,0.6601100183363894,3.8906484414069014
0,0,32,0.49008168028004667,6.701116852808802
0,0,33,0.6501083513918987,3.050508418069678
0,0,34,0.6701116852808802,3.4805800966827807
0,0,35,0.6101016836139357,3.860643440573429
0,0,36,0.5000833472245374,4.070678446407735
0,0,37,0.6901150191698616,4.2307051175195864
0,0,38,0.5900983497249542,5.5609268211368565
0,0,39,0.5600933488914819,6.821136856142691
0,0,40,0.6501083513918987,4.060676779463244
0,0,41,0.5500916819469912,5.34089014835806
0,0,42,0.520086681113519,5.20086681113519
0,0,43,0.520086681113519,6.021003500583431
0,0,44,0.5400900150025004,3.820636772795466
0,0,45,0.6501083513918987,3.7306217702950493
0,0,46,0.6101016836139357,4.990831805300884
0,0,47,0.6101016836139357,7.221203533922321
0,0,48,0.6301050175029171,4.770795132522087
0,0,49,0.5500916819469912,5.220870145024171
