segment,memory,reaction_mean,reaction_std,retention_mean,retention_std
0,0,0.6055009168194699,0.07325237837029923,4.906217702950492,1.6173533664988111
