segment,memory,reaction_mean,reaction_std,retention_mean,retention_std
0,0,0.580496749458243,0.09820319452956315,6.995965994332389,2.8738409665014144
