segment,memory,reaction_mean,reaction_std,retention_mean,retention_std
0,0,0.198998998998999,0.03819148058372339,8.003203203203205,0.033975100597551794
