segment,memory,reaction_mean,reaction_std,retention_mean,retention_std
0,0,0.23423423423423423,0.0283125838312932,4.172372372372372,0.687316735843176
