segment,memory,reaction_mean,reaction_std,retention_mean,retention_std
0,0,0.16576576576576577,0.02839624236923531,5.537137137137137,1.0028834825031039
