segment,memory,reaction_mean,reaction_std,retention_mean,retention_std
0,0,0.5684947491248542,0.23056010657150383,52.758393065510916,10.615323888801377
