segment,memory,reaction_mean,reaction_std,retention_mean,retention_std
0,0,0.6002002002002002,0.0920316746976269,3.6792792792792794,0.9481333511066912
