segment,memory,reaction_mean,reaction_std,retention_mean,retention_std
0,0,0.4652775462577096,0.08694021483953233,58.00966827804634,0.0
