segment,memory,reaction_mean,reaction_std,retention_mean,retention_std
0,0,0.606501083513919,0.11921376005124439,58.00966827804634,0.0
