segment,memory,reaction_mean,reaction_std,retention_mean,retention_std
0,0,0.6558558558558559,0.09044665783315403,2.1777777777777776,0.44211407656567314
