segment,memory,trial,reaction_time,retention_time
0,0,0,0.6006006006006006,2.032032032032032
0,0,1,0.6606606606606606,1.7717717717717718
0,0,2,0.7007007007007007,1.8118118118118118
0,0,3,0.6806806806806807,1.7817817817817818
0,0,4,0.7107107107107107,1.8118118118118118
0,0,5,0.5405405405405406,1.8618618618618619
0,0,6,0.6606606606606606,2.6026026026026026
0,0,7,0.5405405405405406,3.053053053053053
0,0,8,0.7407407407407407,2.6126126126126126
0,0,9,0.6006006006006006,2.032032032032032
0,0,10,0.7007007007007007,2.5025025025025025
0,0,11,0.6306306306306306,1.7817817817817818
0,0,12,0.6006006006006006,2.1421421421421423
0,0,13,0.7607607607607607,2.3023023023023024
0,0,14,0.5305305305305306,2.5325325325325325
0,0,15,0.7707707707707707,1.8818818818818819
0,0,16,0.6706706706706707,2.002002002002002
0,0,17,0.6606606606606606,1.8518518518518519
0,0,18,0.6506506506506506,2.2522522522522523
0,0,19,0.5505505505505506,2.0720720720720722
0,0,20,0.6506506506506506,2.1421421421421423
0,0,21,0.5905905905905906,2.1721721721721723
0,0,22,0.7807807807807807,2.4324324324324325
0,0,23,0.5605605605605606,1.8718718718718719
0,0,24,0.6606606606606606,2.3023023023023024
0,0,25,0.6306306306306306,1.7917917917917918
0,0,26,0.5305305305305306,1.5515515515515514
0,0,27,0.42042042042042044,2.2222222222222223
0,0,28,0.7007007007007007,1.971971971971972
0,0,29,0.7307307307307307,2.3223223223223224
0,0,30,0.5705705705705706,2.5925925925925926
0,0,31,0.6306306306306306,1.7317317317317318
0,0,32,0.7607607607607607,1.911911911911912
0,0,33,0.7407407407407407,2.7027027027027026
0,0,34,0.7507507507507507,2.1921921921921923
0,0,35,0.7507507507507507,2.1721721721721723
0,0,36,0.6306306306306306,1.941941941941942
0,0,37,0.6106106106106106,2.2622622622622623
0,0,38,0.6106106106106106,2.2822822822822824
0,0,39,0.7607607607607607,2.0920920920920922
0,0,40,0.6306306306306306,2.5625625625625625
0,0,41,0.46046046046046046,3.7137137137137137
0,0,42,0.6506506506506506,1.7817817817817818
0,0,43,0.6606606606606606,2.5225225225225225
0,0,44,0.7907907907907907,2.3523523523523524
0,0,45,0.8108108108108109,1.4314314314314314
0,0,46,0.8608608608608609,1.921921921921922
0,0,47,0.6306306306306306,1.901901901901902
0,0,48,0.5805805805805806,3.5335335335335336
0,0,49,0.6806806806806807,1.8118118118118118
