segment,memory,reaction_mean,reaction_std,retention_mean,retention_std
0,0,0.5174862477079514,0.09475086817633724,58.00966827804634,0.0
