segment,memory,reaction_mean,reaction_std,retention_mean,retention_std
0,0,0.6539089848308052,0.10036082865192031,2.152358726454409,0.3081131005656741
