segment,memory,reaction_mean,reaction_std,retention_mean,retention_std
0,0,0.17237237237237238,0.0285492184151323,5.614814814814816,0.9938125991141271
