segment,memory,reaction_mean,reaction_std,retention_mean,retention_std
0,0,0.609009009009009,0.10470032594173496,2.8752752752752753,0.5174217076410492
