segment,memory,reaction_mean,reaction_std,retention_mean,retention_std
0,0,0.1987987987987988,0.028814440104626138,7.784984984984985,0.4951194460716393
