segment,memory,reaction_mean,reaction_std,retention_mean,retention_std
0,0,0.6564564564564564,0.11774896097894774,5.4002002002002,1.7065438872566876
