segment,memory,reaction_mean,reaction_std,retention_mean,retention_std
0,0,0.6165027504584097,0.08543659945587806,4.105284214035673,0.8990544138510405
