segment,memory,trial,reaction_time,retention_time
0,0,0,1.3613613613613613,1.1711711711711712
0,0,1,1.1811811811811812,0.6106106106106106
0,0,2,1.031031031031031,1.2112112112112112
0,0,3,1.1011011011011012,1.031031031031031
0,0,4,1.951951951951952,0.19019019019019018
0,0,5,1.2712712712712713,0.950950950950951
0,0,6,1.1511511511511512,1.2812812812812813
0,0,7,1.3313313313313313,0.990990990990991
0,0,8,1.3413413413413413,1.8018018018018018
0,0,9,1.4714714714714714,1.3213213213213213
0,0,10,1.6816816816816818,0.7107107107107107
0,0,11,1.2212212212212212,0.5805805805805806
0,0,12,1.2812812812812813,1.0510510510510511
0,0,13,1.3613613613613613,1.031031031031031
0,0,14,1.3213213213213213,1.2412412412412412
0,0,15,1.1411411411411412,0.6806806806806807
0,0,16,1.4114114114114114,1.0910910910910911
0,0,17,1.5615615615615615,0.11011011011011011
0,0,18,1.5715715715715715,1.8218218218218218
0,0,19,1.1511511511511512,0.8708708708708709
0,0,20,1.6316316316316317,0.6506506506506506
0,0,21,1.5615615615615615,0.23023023023023023
0,0,22,1.4114114114114114,0.9409409409409409
0,0,23,1.4214214214214214,1.4314314314314314
0,0,24,1.2412412412412412,1.4514514514514514
0,0,25,1.2612612612612613,1.4414414414414414
0,0,26,0.7107107107107107,1.7617617617617618
0,0,27,1.3913913913913913,1.4014014014014013
0,0,28,1.3513513513513513,1.6416416416416417
0,0,29,1.2812812812812813,0.5905905905905906
0,0,30,1.1011011011011012,1.4314314314314314
0,0,31,1.3413413413413413,1.031031031031031
0,0,32,1.1611611611611612,1.6316316316316317
0,0,33,1.6616616616616617,0.7007007007007007
0,0,34,1.4114114114114114,0.47047047047047047
0,0,35,1.2612612612612613,0.5005005005005005
0,0,36,1.2112112112112112,0.7507507507507507
0,0,37,1.1311311311311312,2.062062062062062
0,0,38,1.3013013013013013,1.3813813813813813
0,0,39,1.5215215215215214,2.012012012012012
0,0,40,1.4314314314314314,1.2812812812812813
0,0,41,1.2512512512512513,1.011011011011011
0,0,42,1.4814814814814814,0.40040040040040037
0,0,43,1.1511511511511512,0.950950950950951
0,0,44,1.2612612612612613,0.6906906906906907
0,0,45,1.5215215215215214,1.951951951951952
0,0,46,2.0820820820820822,0.39039039039039036
0,0,47,1.3013013013013013,1.6716716716716717
0,0,48,1.971971971971972,2.2022022022022023
0,0,49,1.2212212212212212,1.1911911911911912
