segment,memory,reaction_mean,reaction_std,retention_mean,retention_std
0,0,1.3587587587587586,0.24118160102933056,1.1001001001001,0.5162889409606548
