segment,memory,trial,reaction_time,retention_time
0,0,0,0.7807807807807807,8.008008008008009
0,0,1,0.6906906906906907,8.008008008008009
0,0,2,0.44044044044044045,8.008008008008009
0,0,3,1.001001001001001,8.008008008008009
0,0,4,0.6406406406406406,8.008008008008009
0,0,5,0.4904904904904905,8.008008008008009
0,0,6,0.5305305305305306,8.008008008008009
0,0,7,0.6906906906906907,8.008008008008009
0,0,8,1.0910910910910911,8.008008008008009
0,0,9,0.5805805805805806,8.008008008008009
0,0,10,0.3203203203203203,8.008008008008009
0,0,11,0.5605605605605606,8.008008008008009
0,0,12,0.38038038038038036,8.008008008008009
0,0,13,0.7407407407407407,8.008008008008009
0,0,14,0.5705705705705706,8.008008008008009
0,0,15,0.990990990990991,8.008008008008009
0,0,16,0.5205205205205206,8.008008008008009
0,0,17,1.011011011011011,8.008008008008009
0,0,18,0.7607607607607607,8.008008008008009
0,0,19,0.46046046046046046,8.008008008008009
0,0,20,0.5005005005005005,8.008008008008009
0,0,21,0.7507507507507507,8.008008008008009
0,0,22,0.6906906906906907,8.008008008008009
0,0,23,0.3003003003003003,8.008008008008009
0,0,24,0.37037037037037035,8.008008008008009
0,0,25,0.38038038038038036,8.008008008008009
0,0,26,0.5405405405405406,8.008008008008009
0,0,27,0.43043043043043044,8.008008008008009
0,0,28,0.4804804804804805,8.008008008008009
0,0,29,0.5805805805805806,8.008008008008009
0,0,30,0.5405405405405406,8.008008008008009
0,0,31,0.5405405405405406,8.008008008008009
0,0,32,0.5505505505505506,8.008008008008009
0,0,33,0.6406406406406406,8.008008008008009
0,0,34,0.5405405405405406,8.008008008008009
0,0,35,0.46046046046046046,8.008008008008009
0,0,36,0.6106106106106106,8.008008008008009
0,0,37,0.6106106106106106,8.008008008008009
0,0,38,0.7207207207207207,8.008008008008009
0,0,39,0.47047047047047047,8.008008008008009
0,0,40,0.5005005005005005,8.008008008008009
0,0,41,0.8808808808808809,8.008008008008009
0,0,42,0.6606606606606606,8.008008008008009
0,0,43,0.6506506506506506,8.008008008008009
0,0,44,1.0610610610610611,8.008008008008009
0,0,45,0.5305305305305306,8.008008008008009
0,0,46,0.6106106106106106,8.008008008008009
0,0,47,0.6006006006006006,8.008008008008009
0,0,48,0.5505505505505506,8.008008008008009
0,0,49,0.4904904904904905,8.008008008008009
