segment,memory,reaction_mean,reaction_std,retention_mean,retention_std
0,0,0.61001001001001,0.18537595622533123,8.008008008008009,0.0
