segment,memory,reaction_mean,reaction_std,retention_mean,retention_std
0,0,0.8036036036036036,0.1272466666573713,3.83983983983984,0.9350722382357991
