segment,memory,reaction_mean,reaction_std,retention_mean,retention_std
0,0,0.6628628628628629,0.0939738362745449,2.4914914914914914,0.41198065719879867
