segment,memory,reaction_mean,reaction_std,retention_mean,retention_std
0,0,0.6277046174362394,0.10683750939472117,3.570795132522087,0.7105953922228119
