segment,memory,reaction_mean,reaction_std,retention_mean,retention_std
0,0,0.6817136189364895,0.11716865686145245,1.2434072345390899,0.18938535252356145
