segment,memory,reaction_mean,reaction_std,retention_mean,retention_std
0,0,0.2216216216216216,0.027283437957325497,4.637037037037037,0.7320421888518424
