segment,memory,reaction_mean,reaction_std,retention_mean,retention_std
0,0,0.689714952492082,0.09616557098397864,1.6622770461743626,0.27598594971825385
