segment,memory,reaction_mean,reaction_std,retention_mean,retention_std
0,0,0.5770961826971162,0.11901649184016116,9.241940323387231,2.779122355707034
