segment,memory,reaction_mean,reaction_std,retention_mean,retention_std
0,0,0.639039039039039,0.10228979252297288,1.3803803803803802,0.21559613264930874
