segment,memory,reaction_mean,reaction_std,retention_mean,retention_std
0,0,0.6193032172028672,0.09507415218153732,7.864710785130856,4.332407703933442
