segment,memory,reaction_mean,reaction_std,retention_mean,retention_std
0,0,0.6263406263406264,0.260412611654189,7.847847847847849,1.132503353251728
