segment,memory,reaction_mean,reaction_std,retention_mean,retention_std
0,0,0.5833833833833834,0.26578829974016904,7.140740740740742,1.0447817100162848
