segment,memory,reaction_mean,reaction_std,retention_mean,retention_std
0,0,0.5935935935935936,0.1035789037746967,8.008008008008009,0.0
