segment,memory,reaction_mean,reaction_std,retention_mean,retention_std
0,0,0.6419069844974163,0.09168215729189874,4.240106684447408,0.9409628428438567
