segment,memory,reaction_mean,reaction_std,retention_mean,retention_std
0,0,0.6750750750750751,0.1159476341099475,4.194994994994995,1.0862756977032133
