segment,memory,reaction_mean,reaction_std,retention_mean,retention_std
0,0,0.5073073073073073,0.11396025836171128,8.008008008008009,0.0
