segment,memory,reaction_mean,reaction_std,retention_mean,retention_std
0,0,0.6076076076076076,0.08518416615003674,6.841841841841842,1.2293060336771875
