segment,memory,reaction_mean,reaction_std,retention_mean,retention_std
0,0,0.9425425425425424,0.1915066115765403,5.4200200200200195,1.7488949175756123
