segment,memory,reaction_mean,reaction_std,retention_mean,retention_std
0,0,0.5792965494249042,0.10123072903093865,58.00966827804634,0.0
