segment,memory,reaction_mean,reaction_std,retention_mean,retention_std
0,0,0.17697697697697698,0.027981295143452035,5.2998998998999,0.8653534289123523
