segment,memory,reaction_mean,reaction_std,retention_mean,retention_std
0,0,0.4166166166166166,0.07172537076273974,8.008008008008009,0.0
