segment,memory,reaction_mean,reaction_std,retention_mean,retention_std
0,0,0.5335335335335336,0.08776178698189095,1.34014014014014,0.2389398456859856
