segment,memory,reaction_mean,reaction_std,retention_mean,retention_std
0,0,0.5645645645645646,0.13548084407066507,8.008008008008009,0.0
