segment,memory,reaction_mean,reaction_std,retention_mean,retention_std
0,0,0.44604604604604603,0.0770387307652855,4.4550550550550545,0.9489746567337284
