segment,memory,reaction_mean,reaction_std,retention_mean,retention_std
0,0,0.4858858858858859,0.13417970959266132,8.008008008008009,0.0
