segment,memory,reaction_mean,reaction_std,retention_mean,retention_std
0,0,0.5719320567033281,0.26541876322560287,8.185964327387898,2.684795302160217
