segment,memory,trial,reaction_time,retention_time
0,0,0,0.2502502502502503,7.5775775775775776
0,0,1,0.21021021021021022,6.126126126126126
0,0,2,0.20020020020020018,5.6956956956956954
0,0,3,0.23023023023023023,8.008008008008009
0,0,4,0.2802802802802803,5.295295295295295
0,0,5,0.24024024024024024,7.027027027027027
0,0,6,0.12012012012012012,7.287287287287287
0,0,7,0.20020020020020018,5.7857857857857855
0,0,8,0.22022022022022023,8.008008008008009
0,0,9,0.22022022022022023,4.774774774774775
0,0,10,0.2502502502502503,5.495495495495495
0,0,11,0.19019019019019018,6.416416416416417
0,0,12,0.22022022022022023,5.945945945945946
0,0,13,0.20020020020020018,5.035035035035035
0,0,14,0.21021021021021022,5.055055055055055
0,0,15,0.2502502502502503,6.836836836836837
0,0,16,0.19019019019019018,8.008008008008009
0,0,17,0.2702702702702703,6.486486486486487
0,0,18,0.21021021021021022,6.476476476476477
0,0,19,0.2502502502502503,5.345345345345345
0,0,20,0.23023023023023023,6.486486486486487
0,0,21,0.23023023023023023,8.008008008008009
0,0,22,0.3203203203203203,6.336336336336336
0,0,23,0.2502502502502503,7.817817817817818
0,0,24,0.24024024024024024,7.4274274274274275
0,0,25,0.24024024024024024,8.008008008008009
0,0,26,0.23023023023023023,7.4774774774774775
0,0,27,0.2702702702702703,4.984984984984985
0,0,28,0.22022022022022023,5.7657657657657655
0,0,29,0.23023023023023023,8.008008008008009
0,0,30,0.2702702702702703,8.008008008008009
0,0,31,0.22022022022022023,5.265265265265265
0,0,32,0.20020020020020018,6.716716716716717
0,0,33,0.23023023023023023,5.575575575575575
0,0,34,0.24024024024024024,6.876876876876877
0,0,35,0.19019019019019018,8.008008008008009
0,0,36,0.19019019019019018,7.587587587587588
0,0,37,0.18018018018018017,4.324324324324325
0,0,38,0.2602602602602603,6.066066066066066
0,0,39,0.20020020020020018,7.297297297297297
0,0,40,0.2802802802802803,6.906906906906907
0,0,41,0.2802802802802803,4.804804804804805
0,0,42,0.22022022022022023,6.666666666666667
0,0,43,0.21021021021021022,5.525525525525525
0,0,44,0.2702702702702703,8.008008008008009
0,0,45,0.3003003003003003,6.076076076076076
0,0,46,0.24024024024024024,5.7157157157157155
0,0,47,0.18018018018018017,8.008008008008009
0,0,48,0.23023023023023023,6.466466466466467
0,0,49,0.21021021021021022,5.8458458458458455
