segment,memory,reaction_mean,reaction_std,retention_mean,retention_std
0,0,0.22962962962962963,0.035284252974319454,6.535135135135135,1.0919875380105648
