segment,memory,trial,reaction_time,retention_time
0,0,0,0.5800966827804634,5.080846807801301
0,0,1,0.6501083513918987,15.442573762293716
0,0,2,0.6501083513918987,5.100850141690282
0,0,3,0.7001166861143524,18.853142190365062
0,0,4,0.4700783463910652,9.241540256709452
0,0,5,0.7301216869478246,14.412402067011168
0,0,6,0.6501083513918987,19.63327221203534
0,0,7,0.4700783463910652,9.961660276712786
0,0,8,0.4400733455575929,19.22320386731122
0,0,9,0.7101183530588432,10.901816969494917
0,0,10,0.720120020003334,13.962327054509085
0,0,11,0.5800966827804634,8.721453575595932
0,0,12,0.6301050175029171,13.572262043673947
0,0,13,0.5000833472245374,22.473745624270713
0,0,14,0.6301050175029171,12.172028671445242
0,0,15,0.6601100183363894,27.464577429571595
0,0,16,0.6001000166694449,10.621770295049176
0,0,17,0.5900983497249542,6.711118519753293
0,0,18,0.6401066844474079,10.581763627271211
0,0,19,0.520086681113519,13.162193698949826
0,0,20,0.6201033505584265,6.241040173362228
0,0,21,0.4700783463910652,7.011168528088015
0,0,22,0.5800966827804634,9.551591931988666
0,0,23,0.49008168028004667,26.7044507417903
0,0,24,0.5500916819469912,17.122853808968163
0,0,25,0.7601266877812969,6.391065177529589
0,0,26,0.5500916819469912,7.841306884480747
0,0,27,0.6201033505584265,9.021503583930656
0,0,28,0.49008168028004667,6.501083513918987
0,0,29,0.5500916819469912,6.01100183363894
0,0,30,0.680113352225371,9.801633605600934
0,0,31,0.6201033505584265,33.285547591265214
0,0,32,0.5500916819469912,15.702617102850475
0,0,33,0.6001000166694449,17.292882147024503
0,0,34,0.680113352225371,13.332222037006169
0,0,35,0.6101016836139357,19.983330555092515
0,0,36,0.5600933488914819,11.831971995332555
0,0,37,0.5800966827804634,6.651108518086348
0,0,38,0.6101016836139357,8.42140356726121
0,0,39,0.5500916819469912,8.96149358226371
0,0,40,0.5500916819469912,19.08318053008835
0,0,41,0.5500916819469912,8.14135689281547
0,0,42,0.5800966827804634,6.651108518086348
0,0,43,0.6601100183363894,13.472245374229038
0,0,44,0.6401066844474079,20.883480580096684
0,0,45,0.6401066844474079,6.341056842807134
0,0,46,0.6601100183363894,14.29238206367728
0,0,47,0.4300716786131022,14.712452075345892
0,0,48,0.5700950158359727,32.07534589098183
0,0,49,0.5400900150025004,20.783463910651776
