segment,memory,reaction_mean,reaction_std,retention_mean,retention_std
0,0,0.5932988831471913,0.07658312632031254,13.427837972995501,6.8903887993764945
