segment,memory,reaction_mean,reaction_std,retention_mean,retention_std
0,0,0.4352352352352352,0.06519426548846345,2.293693693693694,0.27167024001050377
