segment,memory,reaction_mean,reaction_std,retention_mean,retention_std
0,0,2.0050606161717273,1.105270940301936,3.4226226226226224,3.5437927405187537
