segment,memory,trial,reaction_time,retention_time
0,0,0,0.23023023023023023,5.135135135135135
0,0,1,0.20020020020020018,5.455455455455455
0,0,2,0.22022022022022023,4.114114114114114
0,0,3,0.18018018018018017,5.105105105105105
0,0,4,0.16016016016016016,4.624624624624625
0,0,5,0.24024024024024024,6.186186186186186
0,0,6,0.18018018018018017,5.185185185185185
0,0,7,0.22022022022022023,4.884884884884885
0,0,8,0.2502502502502503,6.056056056056056
0,0,9,0.21021021021021022,4.064064064064064
0,0,10,0.2502502502502503,4.384384384384385
0,0,11,0.21021021021021022,5.975975975975976
0,0,12,0.23023023023023023,6.236236236236236
0,0,13,0.18018018018018017,4.634634634634635
0,0,14,0.18018018018018017,5.8158158158158155
0,0,15,0.19019019019019018,5.7657657657657655
0,0,16,0.15015015015015015,6.246246246246246
0,0,17,0.16016016016016016,6.496496496496497
0,0,18,0.17017017017017017,3.7737737737737738
0,0,19,0.20020020020020018,6.006006006006006
0,0,20,0.18018018018018017,5.545545545545545
0,0,21,0.21021021021021022,5.345345345345345
0,0,22,0.2502502502502503,5.655655655655655
0,0,23,0.16016016016016016,4.984984984984985
0,0,24,0.16016016016016016,4.974974974974975
0,0,25,0.19019019019019018,4.554554554554555
0,0,26,0.23023023023023023,3.4934934934934936
0,0,27,0.18018018018018017,5.7457457457457455
0,0,28,0.20020020020020018,4.314314314314315
0,0,29,0.22022022022022023,7.977977977977978
0,0,30,0.22022022022022023,5.285285285285285
0,0,31,0.15015015015015015,5.7857857857857855
0,0,32,0.22022022022022023,8.008008008008009
0,0,33,0.21021021021021022,5.445445445445445
0,0,34,0.2802802802802803,6.686686686686687
0,0,35,0.24024024024024024,6.386386386386386
0,0,36,0.21021021021021022,4.544544544544545
0,0,37,0.23023023023023023,5.205205205205205
0,0,38,0.20020020020020018,5.005005005005005
0,0,39,0.21021021021021022,5.665665665665665
0,0,40,0.19019019019019018,5.295295295295295
0,0,41,0.24024024024024024,8.008008008008009
0,0,42,0.24024024024024024,8.008008008008009
0,0,43,0.23023023023023023,5.8558558558558556
0,0,44,0.22022022022022023,4.2442442442442445
0,0,45,0.21021021021021022,7.317317317317317
0,0,46,0.22022022022022023,6.456456456456457
0,0,47,0.23023023023023023,5.485485485485485
0,0,48,0.21021021021021022,4.974974974974975
0,0,49,0.16016016016016016,5.145145145145145
