segment,memory,reaction_mean,reaction_std,retention_mean,retention_std
0,0,0.2064064064064064,0.02998846312525772,5.550950950950951,1.0674732427818079
