segment,memory,reaction_mean,reaction_std,retention_mean,retention_std
0,0,0.6079013168861477,0.11150739612144416,56.88228038006335,3.9199202444144503
