segment,memory,reaction_mean,reaction_std,retention_mean,retention_std
0,0,0.6724724724724724,0.09077276927241473,1.8222222222222222,0.28330605699942885
