segment,memory,reaction_mean,reaction_std,retention_mean,retention_std
0,0,0.4052052052052052,0.07170683674333801,4.373773773773774,0.9073230270897611
