segment,memory,trial,reaction_time,retention_time
0,0,0,0.43043043043043044,4.444444444444445
0,0,1,0.36036036036036034,4.474474474474475
0,0,2,0.42042042042042044,3.7537537537537538
0,0,3,0.35035035035035034,5.8158158158158155
0,0,4,0.36036036036036034,4.1841841841841845
0,0,5,0.45045045045045046,3.6236236236236237
0,0,6,0.5005005005005005,4.344344344344345
0,0,7,0.3303303303303303,3.7537537537537538
0,0,8,0.46046046046046046,3.883883883883884
0,0,9,0.37037037037037035,3.7437437437437437
0,0,10,0.36036036036036034,5.145145145145145
0,0,11,0.43043043043043044,3.013013013013013
0,0,12,0.39039039039039036,4.2842842842842845
0,0,13,0.5005005005005005,3.943943943943944
0,0,14,0.45045045045045046,4.954954954954955
0,0,15,0.42042042042042044,3.923923923923924
0,0,16,0.23023023023023023,3.6836836836836837
0,0,17,0.40040040040040037,5.075075075075075
0,0,18,0.2502502502502503,4.2742742742742745
0,0,19,0.40040040040040037,4.514514514514515
0,0,20,0.42042042042042044,3.953953953953954
0,0,21,0.45045045045045046,4.464464464464465
0,0,22,0.47047047047047047,5.8558558558558556
0,0,23,0.35035035035035034,3.3833833833833835
0,0,24,0.2502502502502503,4.014014014014014
0,0,25,0.42042042042042044,3.3433433433433435
0,0,26,0.5205205205205206,3.6036036036036037
0,0,27,0.4804804804804805,3.5835835835835836
0,0,28,0.46046046046046046,7.047047047047047
0,0,29,0.39039039039039036,4.054054054054054
0,0,30,0.46046046046046046,3.813813813813814
0,0,31,0.2802802802802803,6.096096096096096
0,0,32,0.36036036036036034,5.875875875875876
0,0,33,0.5005005005005005,5.565565565565565
0,0,34,0.37037037037037035,4.404404404404405
0,0,35,0.46046046046046046,5.565565565565565
0,0,36,0.35035035035035034,4.2142142142142145
0,0,37,0.35035035035035034,4.314314314314315
0,0,38,0.41041041041041043,3.4434434434434436
0,0,39,0.42042042042042044,4.044044044044044
0,0,40,0.46046046046046046,3.7637637637637638
0,0,41,0.5005005005005005,5.505505505505505
0,0,42,0.47047047047047047,4.064064064064064
0,0,43,0.41041041041041043,5.105105105105105
0,0,44,0.44044044044044045,3.5235235235235236
0,0,45,0.42042042042042044,6.486486486486487
0,0,46,0.36036036036036034,3.2832832832832834
0,0,47,0.2502502502502503,4.084084084084084
0,0,48,0.38038038038038036,3.6436436436436437
0,0,49,0.5205205205205206,3.7537537537537538
