segment,memory,reaction_mean,reaction_std,retention_mean,retention_std
0,0,1.901901901901902,0.5300581499448939,0.5745745745745746,1.9494407626893346
