segment,memory,reaction_mean,reaction_std,retention_mean,retention_std
0,0,0.6953381623661787,0.40297679313809504,24.77945981993998,8.84948279081975
