segment,memory,reaction_mean,reaction_std,retention_mean,retention_std
0,0,0.22782782782782782,0.03417434159965749,5.167167167167167,0.9456235191696459
