segment,memory,reaction_mean,reaction_std,retention_mean,retention_std
0,0,0.6247382693863611,0.3157668780534408,46.42593765627605,23.40297946763742
