segment,memory,reaction_mean,reaction_std,retention_mean,retention_std
0,0,0.2818818818818819,0.06247518974997008,8.008008008008009,0.0
