segment,memory,reaction_mean,reaction_std,retention_mean,retention_std
0,0,0.597997997997998,0.08984711616407336,5.758158158158158,1.4702828811998527
