segment,memory,reaction_mean,reaction_std,retention_mean,retention_std
0,0,0.6409068178029672,0.07752105009750651,3.0679113185530924,0.5818459558902132
