segment,memory,reaction_mean,reaction_std,retention_mean,retention_std
0,0,0.940940940940941,0.19150276746455447,7.355555555555555,1.0311682504697568
