segment,memory,reaction_mean,reaction_std,retention_mean,retention_std
0,0,0.947947947947948,0.21679736634043578,3.931931931931932,1.3628356275941858
