segment,memory,reaction_mean,reaction_std,retention_mean,retention_std
0,0,0.6217036172695449,0.24152680709975288,9.648608101350225,3.614494686856579
