segment,memory,reaction_mean,reaction_std,retention_mean,retention_std
0,0,0.24704704704704705,0.0393933600454706,4.994394394394394,0.830473647498985
