segment,memory,reaction_mean,reaction_std,retention_mean,retention_std
0,0,0.608701450241707,0.12302722411488001,58.00966827804634,0.0
