segment,memory,reaction_mean,reaction_std,retention_mean,retention_std
0,0,0.2822822822822823,0.04188708284249052,4.152952952952953,0.6308353372933764
