segment,memory,reaction_mean,reaction_std,retention_mean,retention_std
0,0,0.2092092092092092,0.04189928592587905,8.008008008008009,0.0
