segment,memory,reaction_mean,reaction_std,retention_mean,retention_std
0,0,0.14954954954954955,0.030763980737935636,8.008008008008009,0.0
