segment,memory,reaction_mean,reaction_std,retention_mean,retention_std
0,0,0.5473473473473474,0.06895039245942323,4.011611611611611,0.9140932450358036
