segment,memory,trial,reaction_time,retention_time
0,0,0,0.5905905905905906,3.4534534534534536
0,0,1,0.40040040040040037,4.524524524524525
0,0,2,0.5505505505505506,3.6036036036036037
0,0,3,0.5605605605605606,4.394394394394395
0,0,4,0.5705705705705706,3.153153153153153
0,0,5,0.4904904904904905,3.4734734734734736
0,0,6,0.5905905905905906,3.033033033033033
0,0,7,0.5105105105105106,2.8128128128128127
0,0,8,0.6006006006006006,3.5435435435435436
0,0,9,0.5505505505505506,6.456456456456457
0,0,10,0.7007007007007007,4.084084084084084
0,0,11,0.6006006006006006,3.5535535535535536
0,0,12,0.7607607607607607,2.7327327327327327
0,0,13,0.47047047047047047,5.275275275275275
0,0,14,0.44044044044044045,4.904904904904905
0,0,15,0.44044044044044045,4.754754754754755
0,0,16,0.5105105105105106,3.4734734734734736
0,0,17,0.6206206206206206,5.7357357357357355
0,0,18,0.5205205205205206,3.7237237237237237
0,0,19,0.5205205205205206,3.823823823823824
0,0,20,0.5505505505505506,3.6436436436436437
0,0,21,0.5405405405405406,3.5835835835835836
0,0,22,0.5905905905905906,3.7837837837837838
0,0,23,0.5605605605605606,5.875875875875876
0,0,24,0.5605605605605606,4.094094094094094
0,0,25,0.47047047047047047,3.863863863863864
0,0,26,0.6306306306306306,5.425425425425425
0,0,27,0.5605605605605606,3.103103103103103
0,0,28,0.4904904904904905,3.4834834834834836
0,0,29,0.6006006006006006,3.4934934934934936
0,0,30,0.5005005005005005,3.4334334334334335
0,0,31,0.4804804804804805,4.364364364364365
0,0,32,0.47047047047047047,5.7557557557557555
0,0,33,0.5405405405405406,3.2132132132132134
0,0,34,0.6006006006006006,2.6026026026026026
0,0,35,0.5905905905905906,3.5335335335335336
0,0,36,0.5405405405405406,5.465465465465465
0,0,37,0.4804804804804805,3.2332332332332334
0,0,38,0.45045045045045046,3.153153153153153
0,0,39,0.6106106106106106,3.983983983983984
0,0,40,0.5405405405405406,5.325325325325325
0,0,41,0.5205205205205206,3.7037037037037037
0,0,42,0.5105105105105106,3.843843843843844
0,0,43,0.5105105105105106,3.4334334334334335
0,0,44,0.5705705705705706,3.5635635635635636
0,0,45,0.4804804804804805,5.075075075075075
0,0,46,0.5305305305305306,4.534534534534535
0,0,47,0.5905905905905906,3.6436436436436437
0,0,48,0.6906906906906907,3.133133133133133
0,0,49,0.6006006006006006,4.724724724724725
