segment,memory,reaction_mean,reaction_std,retention_mean,retention_std
0,0,0.7150383461153718,0.09981343767538328,1.1313771257085694,0.13879063279938253
