segment,memory,trial,reaction_time,retention_time
0,0,0,0.9009009009009009,0.9309309309309309
0,0,1,1.1111111111111112,0.7707707707707707
0,0,2,1.2812812812812813,1.0510510510510511
0,0,3,1.0410410410410411,0.970970970970971
0,0,4,1.031031031031031,0.8308308308308309
0,0,5,0.7207207207207207,1.1911911911911912
0,0,6,0.8008008008008007,1.0910910910910911
0,0,7,0.9209209209209209,1.2412412412412412
0,0,8,1.1011011011011012,1.011011011011011
0,0,9,0.8708708708708709,1.2512512512512513
0,0,10,1.1911911911911912,0.980980980980981
0,0,11,0.980980980980981,1.2612612612612613
0,0,12,0.990990990990991,1.3113113113113113
0,0,13,0.7407407407407407,0.8308308308308309
0,0,14,0.8808808808808809,0.990990990990991
0,0,15,0.990990990990991,0.8908908908908909
0,0,16,1.0610610610610611,0.970970970970971
0,0,17,1.0410410410410411,0.8908908908908909
0,0,18,0.970970970970971,0.8308308308308309
0,0,19,0.8908908908908909,0.8708708708708709
0,0,20,1.1411411411411412,1.4014014014014013
0,0,21,1.0710710710710711,1.0810810810810811
0,0,22,1.1911911911911912,1.2112112112112112
0,0,23,0.9209209209209209,1.0910910910910911
0,0,24,1.1411411411411412,1.1411411411411412
0,0,25,0.9409409409409409,0.980980980980981
0,0,26,0.980980980980981,1.1711711711711712
0,0,27,1.1311311311311312,0.7107107107107107
0,0,28,0.7307307307307307,1.2412412412412412
0,0,29,1.0910910910910911,1.2612612612612613
0,0,30,0.7307307307307307,1.1811811811811812
0,0,31,1.011011011011011,0.9009009009009009
0,0,32,0.990990990990991,1.4614614614614614
0,0,33,1.0410410410410411,0.6506506506506506
0,0,34,0.8808808808808809,1.1311311311311312
0,0,35,0.9209209209209209,1.5615615615615615
0,0,36,0.990990990990991,1.2212212212212212
0,0,37,0.7607607607607607,1.1211211211211212
0,0,38,0.7907907907907907,1.0510510510510511
0,0,39,0.9409409409409409,1.0410410410410411
0,0,40,0.990990990990991,1.0910910910910911
0,0,41,0.7207207207207207,1.1811811811811812
0,0,42,1.2812812812812813,0.8908908908908909
0,0,43,1.0910910910910911,1.011011011011011
0,0,44,0.7407407407407407,0.8108108108108109
0,0,45,1.0410410410410411,1.4614614614614614
0,0,46,1.1311311311311312,0.8008008008008007
0,0,47,0.7907907907907907,0.9109109109109109
0,0,48,0.6706706706706707,1.1211211211211212
0,0,49,0.970970970970971,1.3413413413413413
