segment,memory,reaction_mean,reaction_std,retention_mean,retention_std
0,0,0.966966966966967,0.15189011798399796,1.068068068068068,0.20340482294430143
