segment,memory,reaction_mean,reaction_std,retention_mean,retention_std
0,0,0.5387387387387388,0.08858371213795607,3.492692692692693,0.6691179467546853
