segment,memory,reaction_mean,reaction_std,retention_mean,retention_std
0,0,0.7373373373373373,0.11858859685693449,1.4462462462462462,0.2978129643535264
