segment,memory,reaction_mean,reaction_std,retention_mean,retention_std
0,0,0.6324324324324324,0.0957928061730851,2.347547547547548,0.44597359017848515
