segment,memory,reaction_mean,reaction_std,retention_mean,retention_std
0,0,1.1058786058786059,0.4899342733962077,6.627827827827828,2.8886245792362106
