segment,memory,reaction_mean,reaction_std,retention_mean,retention_std
0,0,0.6547966327721287,0.4324621665489323,5.568928154692449,6.354813288545725
