segment,memory,trial,reaction_time,retention_time
0,0,0,,0.5900983497249542
0,0,1,0.6401066844474079,58.00966827804634
0,0,2,0.8101350225037507,58.00966827804634
0,0,3,1.310218369728288,58.00966827804634
0,0,4,1.9603267211201867,0.6601100183363894
0,0,5,0.49008168028004667,58.00966827804634
0,0,6,0.42007001166861146,58.00966827804634
0,0,7,1.2002000333388898,1.750291715285881
0,0,8,1.1901983663943991,58.00966827804634
0,0,9,0.9501583597266211,58.00966827804634
0,0,10,0.5300883480580096,58.00966827804634
0,0,11,0.5800966827804634,58.00966827804634
0,0,12,0.5600933488914819,58.00966827804634
0,0,13,0.7001166861143524,58.00966827804634
0,0,14,0.6201033505584265,58.00966827804634
0,0,15,1.0601766961160193,58.00966827804634
0,0,16,0.4500750125020837,58.00966827804634
0,0,17,,0.0
0,0,18,0.9901650275045841,58.00966827804634
0,0,19,0.520086681113519,58.00966827804634
0,0,20,0.5900983497249542,58.00966827804634
0,0,21,0.5000833472245374,58.00966827804634
0,0,22,,0.3500583430571762
0,0,23,0.6401066844474079,58.00966827804634
0,0,24,0.8401400233372229,58.00966827804634
0,0,25,0.5000833472245374,58.00966827804634
0,0,26,0.5400900150025004,58.00966827804634
0,0,27,0.5800966827804634,58.00966827804634
0,0,28,1.030171695282547,58.00966827804634
0,0,29,0.5000833472245374,58.00966827804634
0,0,30,0.680113352225371,58.00966827804634
0,0,31,0.38006334389064844,58.00966827804634
0,0,32,1.2702117019503252,2.880480080013336
0,0,33,0.5900983497249542,58.00966827804634
0,0,34,0.8201366894482414,58.00966827804634
0,0,35,0.6701116852808802,58.00966827804634
0,0,36,0.30005000833472245,58.00966827804634
0,0,37,0.520086681113519,58.00966827804634
0,0,38,1.4002333722287048,2.4904150691781965
0,0,39,0.8101350225037507,58.00966827804634
0,0,40,0.3300550091681947,58.00966827804634
0,0,41,0.7601266877812969,58.00966827804634
0,0,42,0.5800966827804634,58.00966827804634
0,0,43,0.42007001166861146,58.00966827804634
0,0,44,0.5900983497249542,58.00966827804634
0,0,45,1.5202533755625938,58.00966827804634
0,0,46,0.5000833472245374,58.00966827804634
0,0,47,1.4602433738956493,2.8504750791798634
0,0,48,,0.48008001333555594
0,0,49,0.7701283547257877,3.4405734289048175
