segment,memory,reaction_mean,reaction_std,retention_mean,retention_std
0,0,0.7625183907462838,0.360412888408771,46.717586264377395,22.820007251575834
