segment,memory,reaction_mean,reaction_std,retention_mean,retention_std
0,0,1.698365031698365,1.0727494996956533,1.5419419419419418,1.5297058362984535
