segment,memory,reaction_mean,reaction_std,retention_mean,retention_std
0,0,0.26366366366366367,0.04326126582836395,7.852452452452453,0.4347966790973863
