segment,memory,reaction_mean,reaction_std,retention_mean,retention_std
0,0,0.5928988164694116,0.10935836223650831,18.762327054509086,9.322672840991832
