segment,memory,trial,reaction_time,retention_time
0,0,0,0.49008168028004667,14.622437072845475
0,0,1,0.6501083513918987,10.711785297549593
0,0,2,0.48008001333555594,11.761960326721121
0,0,3,0.5400900150025004,17.812968828138025
0,0,4,0.4400733455575929,16.502750458409736
0,0,5,0.6401066844474079,7.761293548924821
0,0,6,0.6001000166694449,18.763127187864644
0,0,7,0.8101350225037507,14.082347057842973
0,0,8,0.6601100183363894,16.192698783130524
0,0,9,0.3900650108351392,12.402067011168528
0,0,10,0.7701283547257877,8.881480246707785
0,0,11,0.680113352225371,37.906317719619935
0,0,12,0.5700950158359727,25.344224037339558
0,0,13,0.4700783463910652,34.68578096349392
0,0,14,0.7901316886147691,41.68694782463744
0,0,15,0.520086681113519,10.181696949491583
0,0,16,0.6101016836139357,11.051841973662277
0,0,17,0.40006667777962995,17.982997166194366
0,0,18,0.6501083513918987,9.441573595599268
0,0,19,0.6601100183363894,27.92465410901817
0,0,20,0.8801466911151858,8.201366894482414
0,0,21,0.6201033505584265,10.231705284214035
0,0,22,0.40006667777962995,12.592098683113853
0,0,23,0.5700950158359727,22.29371561926988
0,0,24,0.5700950158359727,18.743123853975664
0,0,25,0.5300883480580096,22.253708951491916
0,0,26,0.5900983497249542,15.942657109518253
0,0,27,0.5500916819469912,13.062177029504918
0,0,28,0.5800966827804634,16.902817136189366
0,0,29,0.6901150191698616,14.02233705617603
0,0,30,0.6401066844474079,13.312218703117187
0,0,31,0.7601266877812969,21.953658943157194
0,0,32,0.49008168028004667,13.952325387564594
0,0,33,0.5300883480580096,17.262877146191034
0,0,34,0.5800966827804634,15.852642107017838
0,0,35,0.5500916819469912,35.22587097849642
0,0,36,0.6301050175029171,33.05550925154193
0,0,37,0.6201033505584265,20.30338389731622
0,0,38,0.49008168028004667,30.785130855142526
0,0,39,0.5900983497249542,20.82347057842974
0,0,40,0.6901150191698616,16.492748791465246
0,0,41,0.7401233538923154,14.922487081180197
0,0,42,0.5400900150025004,15.972662110351726
0,0,43,0.5500916819469912,33.32555425904317
0,0,44,0.6501083513918987,6.061010168361394
0,0,45,0.4500750125020837,13.792298716452743
0,0,46,0.6701116852808802,13.182197032838808
0,0,47,0.6101016836139357,13.75229204867478
0,0,48,0.6401066844474079,20.353392232038672
0,0,49,0.42007001166861146,47.7879646607768
