segment,memory,reaction_mean,reaction_std,retention_mean,retention_std
0,0,0.6199033172195366,0.09628289566136321,16.880613435572595,8.341410371581448
