segment,memory,reaction_mean,reaction_std,retention_mean,retention_std
0,0,0.548948948948949,0.1264134205244435,7.952952952952953,0.29026035029272884
