segment,memory,reaction_mean,reaction_std,retention_mean,retention_std
0,0,0.5889563032420175,0.20554415615650898,7.847847847847849,1.132503353251728
