segment,memory,trial,reaction_time,retention_time
0,0,0,0.44044044044044045,2.5125125125125125
0,0,1,0.5805805805805806,3.2132132132132134
0,0,2,0.5905905905905906,3.2332332332332334
0,0,3,0.2802802802802803,3.003003003003003
0,0,4,0.44044044044044045,2.4824824824824825
0,0,5,0.41041041041041043,2.8728728728728727
0,0,6,0.40040040040040037,3.4234234234234235
0,0,7,0.41041041041041043,2.6526526526526526
0,0,8,0.2602602602602603,4.414414414414415
0,0,9,0.5505505505505506,2.1921921921921923
0,0,10,0.40040040040040037,2.002002002002002
0,0,11,0.45045045045045046,4.1941941941941945
0,0,12,0.5105105105105106,2.5825825825825826
0,0,13,0.4804804804804805,2.2322322322322323
0,0,14,0.44044044044044045,2.3923923923923924
0,0,15,0.5705705705705706,3.5935935935935936
0,0,16,0.4804804804804805,2.2822822822822824
0,0,17,0.39039039039039036,2.6026026026026026
0,0,18,0.40040040040040037,3.143143143143143
0,0,19,0.5005005005005005,2.6026026026026026
0,0,20,0.38038038038038036,3.2632632632632634
0,0,21,0.6406406406406406,3.3633633633633635
0,0,22,0.5305305305305306,2.5825825825825826
0,0,23,0.3303303303303303,2.6626626626626626
0,0,24,0.5405405405405406,2.7427427427427427
0,0,25,0.45045045045045046,2.8028028028028027
0,0,26,0.39039039039039036,2.052052052052052
0,0,27,0.4804804804804805,2.7627627627627627
0,0,28,0.42042042042042044,2.6226226226226226
0,0,29,0.5705705705705706,2.1421421421421423
0,0,30,0.44044044044044045,2.7727727727727727
0,0,31,0.5605605605605606,2.5625625625625625
0,0,32,0.4804804804804805,2.5225225225225225
0,0,33,0.5205205205205206,2.4324324324324325
0,0,34,0.45045045045045046,3.2832832832832834
0,0,35,0.38038038038038036,2.992992992992993
0,0,36,0.6206206206206206,2.7527527527527527
0,0,37,0.46046046046046046,2.7427427427427427
0,0,38,0.5505505505505506,2.7627627627627627
0,0,39,0.4804804804804805,2.6626626626626626
0,0,40,0.3103103103103103,3.3033033033033035
0,0,41,0.34034034034034033,2.3823823823823824
0,0,42,0.44044044044044045,2.4224224224224224
0,0,43,0.3303303303303303,3.853853853853854
0,0,44,0.5805805805805806,2.4824824824824825
0,0,45,0.47047047047047047,2.7027027027027026
0,0,46,0.39039039039039036,2.052052052052052
0,0,47,0.5505505505505506,2.7827827827827827
0,0,48,0.6006006006006006,2.9229229229229228
0,0,49,0.4804804804804805,2.3923923923923924
