segment,memory,reaction_mean,reaction_std,retention_mean,retention_std
0,0,0.4632632632632632,0.08967009798949095,2.7881881881881885,0.5131303045651814
