segment,memory,reaction_mean,reaction_std,retention_mean,retention_std
0,0,0.5538923153858977,0.12705788963283066,52.79239873312219,12.072894936479718
