segment,memory,reaction_mean,reaction_std,retention_mean,retention_std
0,0,0.2082082082082082,0.041346581709712456,3.167767767767768,0.37890024464052174
