segment,memory,reaction_mean,reaction_std,retention_mean,retention_std
0,0,0.24804804804804806,0.05157093523604224,8.008008008008009,0.0
