segment,memory,reaction_mean,reaction_std,retention_mean,retention_std
0,0,0.566494415735956,0.08636347187640313,6.10841806967828,1.817298395960164
