segment,memory,trial,reaction_time,retention_time
0,0,0,0.520086681113519,4.330721786964494
0,0,1,0.5000833472245374,4.430738456409402
0,0,2,0.5500916819469912,5.48091348558093
0,0,3,0.5400900150025004,4.6107684614102356
0,0,4,0.5000833472245374,6.431071845307551
0,0,5,0.6601100183363894,9.391565260876813
0,0,6,0.6501083513918987,5.380896816136023
0,0,7,0.6001000166694449,6.191031838639773
0,0,8,0.6301050175029171,6.241040173362228
0,0,9,0.5300883480580096,5.21086847807968
0,0,10,0.4700783463910652,4.41073512252042
0,0,11,0.46007667944657443,5.690948491415236
0,0,12,0.5100850141690282,5.360893482247041
0,0,13,0.5700950158359727,6.871145190865144
0,0,14,0.6001000166694449,3.540590098349725
0,0,15,0.520086681113519,4.980830138356393
0,0,16,0.6101016836139357,5.540923487247875
0,0,17,0.5100850141690282,8.14135689281547
0,0,18,0.5700950158359727,8.891481913652276
0,0,19,0.680113352225371,3.5105850975162527
0,0,20,0.5800966827804634,7.321220203367228
0,0,21,0.5500916819469912,6.221036839473245
0,0,22,0.520086681113519,5.940990165027505
0,0,23,0.680113352225371,4.40073345557593
0,0,24,0.4400733455575929,7.371228538089682
0,0,25,0.5700950158359727,4.7907984664110685
0,0,26,0.680113352225371,4.630771795299217
0,0,27,0.46007667944657443,4.870811801966995
0,0,28,0.6301050175029171,9.501583597266212
0,0,29,0.680113352225371,11.88198033005501
0,0,30,0.6501083513918987,5.370895149191532
0,0,31,0.7101183530588432,5.630938489748291
0,0,32,0.40006667777962995,4.390731788631439
0,0,33,0.5800966827804634,9.261543590598434
0,0,34,0.6601100183363894,5.760960160026672
0,0,35,0.8401400233372229,6.041006834472412
0,0,36,0.46007667944657443,4.390731788631439
0,0,37,0.5000833472245374,4.990831805300884
0,0,38,0.5100850141690282,6.431071845307551
0,0,39,0.4400733455575929,8.361393565594266
0,0,40,0.5000833472245374,7.751291881980331
0,0,41,0.5300883480580096,5.920986831138523
0,0,42,0.5900983497249542,6.621103517252876
0,0,43,0.49008168028004667,4.660776796132689
0,0,44,0.5800966827804634,5.700950158359727
0,0,45,0.520086681113519,6.931155192532089
0,0,46,0.5700950158359727,7.2812135355892655
0,0,47,0.5300883480580096,10.031671945324222
0,0,48,0.720120020003334,4.460743457242874
0,0,49,0.5700950158359727,3.860643440573429
