segment,memory,reaction_mean,reaction_std,retention_mean,retention_std
0,0,0.605005005005005,0.07320043090447492,2.1541541541541545,0.25287989381605136
