segment,memory,reaction_mean,reaction_std,retention_mean,retention_std
0,0,0.6057009501583598,0.10431601533982382,11.701950325054177,5.076756419418521
