segment,memory,trial,reaction_time,retention_time
0,0,0,0.6501083513918987,7.751291881980331
0,0,1,0.7701283547257877,7.851308551425237
0,0,2,0.6701116852808802,8.651441906984498
0,0,3,0.720120020003334,14.452408734789133
0,0,4,0.6301050175029171,16.302717119519922
0,0,5,0.6401066844474079,24.87414569094849
0,0,6,0.5500916819469912,23.143857309551592
0,0,7,0.46007667944657443,10.991831971995333
0,0,8,0.680113352225371,6.761126854475746
0,0,9,0.5000833472245374,5.48091348558093
0,0,10,0.5500916819469912,13.162193698949826
0,0,11,0.8001333555592599,9.451575262543757
0,0,12,0.46007667944657443,16.052675445907653
0,0,13,0.720120020003334,9.75162527087848
0,0,14,0.49008168028004667,7.091181863643941
0,0,15,0.8601433572262044,7.941323553925654
0,0,16,0.5600933488914819,6.821136856142691
0,0,17,0.520086681113519,10.621770295049176
0,0,18,0.5400900150025004,11.141856976162694
0,0,19,0.6101016836139357,5.960993498916486
0,0,20,0.48008001333555594,29.25487581263544
0,0,21,0.520086681113519,16.062677112852143
0,0,22,0.7001166861143524,8.731455242540424
0,0,23,0.6001000166694449,9.851641940323388
0,0,24,0.5600933488914819,18.613102183697283
0,0,25,0.6101016836139357,10.921820303383898
0,0,26,0.5800966827804634,12.582097016169362
0,0,27,0.5400900150025004,10.69178196366061
0,0,28,0.8001333555592599,10.371728621436906
0,0,29,0.6301050175029171,9.531588598099683
0,0,30,0.5100850141690282,7.031171861976996
0,0,31,0.6701116852808802,10.921820303383898
0,0,32,0.6301050175029171,10.82180363393899
0,0,33,0.6101016836139357,14.232372062010336
0,0,34,0.7001166861143524,7.391231871978664
0,0,35,0.6101016836139357,5.850975162527088
0,0,36,0.5400900150025004,8.811468578096349
0,0,37,0.8801466911151858,8.481413568928154
0,0,38,0.5300883480580096,7.311218536422738
0,0,39,0.5600933488914819,9.191531921986998
0,0,40,0.5400900150025004,8.451408568094683
0,0,41,0.5400900150025004,15.962660443407236
0,0,42,0.6901150191698616,5.8309718286381065
0,0,43,0.5900983497249542,17.072845474245707
0,0,44,0.520086681113519,17.862977162860478
0,0,45,0.46007667944657443,12.852142023670613
0,0,46,0.720120020003334,17.332888814802466
0,0,47,0.6001000166694449,13.332222037006169
0,0,48,0.5400900150025004,10.271711951992
0,0,49,0.4400733455575929,15.21253542257043
