segment,memory,reaction_mean,reaction_std,retention_mean,retention_std
0,0,0.35555555555555557,0.05638051533572426,3.6548548548548547,0.6596373242277636
