segment,memory,reaction_mean,reaction_std,retention_mean,retention_std
0,0,0.174974974974975,0.036246516792909154,7.573773773773775,0.7855847661508164
