segment,memory,trial,reaction_time,retention_time
0,0,0,0.19019019019019018,3.7337337337337337
0,0,1,0.18018018018018017,3.873873873873874
0,0,2,0.14014014014014015,5.565565565565565
0,0,3,0.18018018018018017,5.875875875875876
0,0,4,0.11011011011011011,3.5935935935935936
0,0,5,0.12012012012012012,5.435435435435435
0,0,6,0.10010010010010009,4.504504504504505
0,0,7,0.15015015015015015,4.2142142142142145
0,0,8,0.10010010010010009,4.2842842842842845
0,0,9,0.13013013013013014,5.265265265265265
0,0,10,0.14014014014014015,4.864864864864865
0,0,11,0.15015015015015015,4.434434434434435
0,0,12,0.11011011011011011,3.6136136136136137
0,0,13,0.14014014014014015,4.484484484484485
0,0,14,0.14014014014014015,3.873873873873874
0,0,15,0.12012012012012012,3.913913913913914
0,0,16,0.20020020020020018,5.395395395395395
0,0,17,0.16016016016016016,4.2042042042042045
0,0,18,0.16016016016016016,3.5735735735735736
0,0,19,0.20020020020020018,5.155155155155155
0,0,20,0.17017017017017017,4.424424424424425
0,0,21,0.15015015015015015,4.604604604604605
0,0,22,0.19019019019019018,4.614614614614615
0,0,23,0.16016016016016016,4.114114114114114
0,0,24,0.18018018018018017,4.2442442442442445
0,0,25,0.16016016016016016,3.6536536536536537
0,0,26,0.13013013013013014,4.974974974974975
0,0,27,0.14014014014014015,4.324324324324325
0,0,28,0.16016016016016016,3.953953953953954
0,0,29,0.11011011011011011,5.915915915915916
0,0,30,0.14014014014014015,4.3043043043043046
0,0,31,0.19019019019019018,5.585585585585585
0,0,32,0.14014014014014015,5.065065065065065
0,0,33,0.13013013013013014,4.914914914914915
0,0,34,0.17017017017017017,5.7857857857857855
0,0,35,0.17017017017017017,4.2542542542542545
0,0,36,0.08008008008008008,4.464464464464465
0,0,37,0.13013013013013014,4.1941941941941945
0,0,38,0.16016016016016016,5.7357357357357355
0,0,39,0.15015015015015015,4.774774774774775
0,0,40,0.07007007007007007,5.455455455455455
0,0,41,0.12012012012012012,4.524524524524525
0,0,42,0.13013013013013014,4.654654654654655
0,0,43,0.13013013013013014,4.404404404404405
0,0,44,0.15015015015015015,4.814814814814815
0,0,45,0.14014014014014015,4.504504504504505
0,0,46,0.10010010010010009,5.375375375375375
0,0,47,0.11011011011011011,4.924924924924925
0,0,48,0.16016016016016016,4.624624624624625
0,0,49,0.21021021021021022,5.395395395395395
