segment,memory,reaction_mean,reaction_std,retention_mean,retention_std
0,0,0.14514514514514515,0.03128077056231568,4.648848848848849,0.6483068525668456
