segment,memory,reaction_mean,reaction_std,retention_mean,retention_std
0,0,0.22422422422422422,0.034020812965452084,7.045445445445446,0.9925989230460909
