segment,memory,reaction_mean,reaction_std,retention_mean,retention_std
0,0,0.557892982163694,0.10664108528159821,30.690715119186528,17.60565613883719
