segment,memory,reaction_mean,reaction_std,retention_mean,retention_std
0,0,0.5841841841841842,0.1016359872669985,1.332932932932933,0.2060925284337549
