segment,memory,reaction_mean,reaction_std,retention_mean,retention_std
0,0,0.5921921921921922,0.0950786432795913,6.808408408408408,1.2579207511825419
