segment,memory,reaction_mean,reaction_std,retention_mean,retention_std
0,0,0.6510510510510511,0.10595451788719765,1.6808808808808808,0.25110955406744934
