segment,memory,reaction_mean,reaction_std,retention_mean,retention_std
0,0,0.6066066066066066,0.10058919144898597,4.206006006006006,1.0827739857236303
