segment,memory,reaction_mean,reaction_std,retention_mean,retention_std
0,0,0.5853853853853854,0.09148075802839525,6.334734734734735,1.3317350189743258
