segment,memory,reaction_mean,reaction_std,retention_mean,retention_std
0,0,0.7250107250107249,0.4382757806523443,5.011411411411412,3.8070772920586364
