segment,memory,reaction_mean,reaction_std,retention_mean,retention_std
0,0,0.628104684114019,0.09469030472191584,7.873912318719786,3.159027705620176
