segment,memory,reaction_mean,reaction_std,retention_mean,retention_std
0,0,0.6536536536536537,0.1078158490135053,1.3739739739739738,0.2618879648027828
