segment,memory,reaction_mean,reaction_std,retention_mean,retention_std
0,0,0.6347057842973829,0.3164044499914217,45.78083013835639,14.357550775113252
