segment,memory,trial,reaction_time,retention_time
0,0,0,0.4100683447241207,14.112352058676446
0,0,1,0.5400900150025004,6.711118519753293
0,0,2,0.6301050175029171,14.30238373062177
0,0,3,0.3700616769461577,7.251208534755793
0,0,4,0.5400900150025004,18.47307884647441
0,0,5,0.5400900150025004,22.513752292048675
0,0,6,0.4400733455575929,14.082347057842973
0,0,7,0.5700950158359727,20.333388898149693
0,0,8,0.4700783463910652,5.8609768294715785
0,0,9,0.7301216869478246,16.85280880146691
0,0,10,0.42007001166861146,14.412402067011168
0,0,11,0.5800966827804634,13.562260376729455
0,0,12,0.6101016836139357,15.23253875645941
0,0,13,1.0701783630605102,13.302217036172696
0,0,14,0.6001000166694449,25.764294049008168
0,0,15,0.40006667777962995,10.40173362227038
0,0,16,0.8701450241706952,10.191698616436073
0,0,17,0.46007667944657443,8.28138023003834
0,0,18,0.5300883480580096,20.4334055675946
0,0,19,0.520086681113519,14.212368728121355
0,0,20,0.5700950158359727,7.661276879479914
0,0,21,0.32005334222370396,13.212202033672279
0,0,22,0.520086681113519,12.222037006167696
0,0,23,0.5600933488914819,12.712118686447742
0,0,24,0.6901150191698616,6.231038506417737
0,0,25,0.6901150191698616,16.68278046341057
0,0,26,0.4100683447241207,9.541590265044174
0,0,27,0.4700783463910652,8.751458576429405
0,0,28,0.8201366894482414,8.981496916152693
0,0,29,0.5700950158359727,16.882813802300383
0,0,30,0.6301050175029171,22.98383063843974
0,0,31,0.6501083513918987,10.391731955325888
0,0,32,0.5500916819469912,11.611935322553759
0,0,33,0.5000833472245374,18.223037172862146
0,0,34,0.5900983497249542,17.0828471411902
0,0,35,0.5800966827804634,13.442240373395567
0,0,36,0.4700783463910652,11.87197866311052
0,0,37,0.49008168028004667,9.261543590598434
0,0,38,0.5600933488914819,24.96416069344891
0,0,39,0.49008168028004667,11.34189031505251
0,0,40,0.520086681113519,11.34189031505251
0,0,41,0.5800966827804634,17.722953825637607
0,0,42,0.5900983497249542,13.682280380063345
0,0,43,0.6601100183363894,13.852308718119687
0,0,44,0.5600933488914819,15.152525420903485
0,0,45,0.49008168028004667,31.035172528754792
0,0,46,0.5900983497249542,16.55275879313219
0,0,47,0.520086681113519,22.673778963160526
0,0,48,0.5100850141690282,6.591098516419404
0,0,49,0.4300716786131022,22.773795632605434
