segment,memory,reaction_mean,reaction_std,retention_mean,retention_std
0,0,0.5576929488248041,0.12790136272756522,14.434405734289049,5.606702980888213
