segment,memory,reaction_mean,reaction_std,retention_mean,retention_std
0,0,0.6261043507251209,0.09469030472191589,8.801866977829638,3.742176336774325
