segment,memory,reaction_mean,reaction_std,retention_mean,retention_std
0,0,0.48588098016336057,0.08530100792620546,58.00966827804634,0.0
