segment,memory,reaction_mean,reaction_std,retention_mean,retention_std
0,0,0.618303050508418,0.09776002323684661,22.07507917986331,11.462590329279358
