segment,memory,reaction_mean,reaction_std,retention_mean,retention_std
0,0,0.4178178178178178,0.06123378999498827,4.327527527527527,0.6986034563363469
