segment,memory,reaction_mean,reaction_std,retention_mean,retention_std
0,0,0.11651651651651651,0.017718173604156773,8.008008008008009,0.0
