segment,memory,reaction_mean,reaction_std,retention_mean,retention_std
0,0,0.5660402859936116,0.22498760918745445,41.93478913152192,26.06238407314889
