segment,memory,reaction_mean,reaction_std,retention_mean,retention_std
0,0,0.3937937937937938,0.08070606795608554,8.008008008008009,0.0
