segment,memory,reaction_mean,reaction_std,retention_mean,retention_std
0,0,0.20980980980980982,0.03365580593932367,3.237037037037037,0.2725260843714947
