{
  "w_s": 0.18888888888888897,
  "w_external": 1.511111111111111,
  "noise_levels": [
    0.5
  ],
  "stim_duration": 2.0,
  "segment_count": 1,
  "segment_duration": 10,
  "dt": 0.01,
  "stim_sequence": [
    0
  ]
}