segment,memory,reaction_mean,reaction_std,retention_mean,retention_std
0,0,0.6611101850308385,0.11152497058318664,1.7066844474079013,0.2756585075918898
