segment,memory,trial,reaction_time,retention_time
0,0,0,0.5900983497249542,1.4002333722287048
0,0,1,0.7701283547257877,1.510251708618103
0,0,2,0.5900983497249542,1.360226704450742
0,0,3,0.6001000166694449,1.2702117019503252
0,0,4,0.8201366894482414,1.6602767127854643
0,0,5,0.6701116852808802,1.4102350391731955
0,0,6,0.7101183530588432,1.6802800466744459
0,0,7,0.6101016836139357,2.0103350558426407
0,0,8,0.6601100183363894,1.4902483747291215
0,0,9,0.6201033505584265,1.710285047507918
0,0,10,0.6001000166694449,2.1603600600100017
0,0,11,0.6201033505584265,1.670278379729955
0,0,12,0.6901150191698616,1.6502750458409736
0,0,13,0.8301383563927321,1.110185030838473
0,0,14,0.7001166861143524,1.9403233872312053
0,0,15,0.720120020003334,1.6602767127854643
0,0,16,0.6601100183363894,2.3703950658443076
0,0,17,0.7801300216702785,2.2403733955659275
0,0,18,0.5700950158359727,1.550258376396066
0,0,19,0.7001166861143524,1.560260043340557
0,0,20,0.6001000166694449,1.7002833805634272
0,0,21,0.7101183530588432,1.6502750458409736
0,0,22,0.8101350225037507,1.550258376396066
0,0,23,0.6601100183363894,1.7202867144524088
0,0,24,0.5700950158359727,1.8103017169528255
0,0,25,0.5000833472245374,1.7902983830638441
0,0,26,0.6501083513918987,1.5902650441740291
0,0,27,0.7101183530588432,2.100350058343057
0,0,28,0.8201366894482414,1.430238373062177
0,0,29,0.5500916819469912,1.9003167194532422
0,0,30,0.3700616769461577,1.5902650441740291
0,0,31,0.49008168028004667,1.710285047507918
0,0,32,0.6601100183363894,1.7702950491748626
0,0,33,0.7601266877812969,1.6402733788964827
0,0,34,0.7501250208368062,1.4602433738956493
0,0,35,0.8101350225037507,2.180363393898983
0,0,36,0.7401233538923154,1.7702950491748626
0,0,37,0.7501250208368062,1.8003000500083348
0,0,38,0.4400733455575929,2.2703783963994
0,0,39,0.40006667777962995,1.350225037506251
0,0,40,0.7601266877812969,1.550258376396066
0,0,41,0.680113352225371,1.6802800466744459
0,0,42,0.6901150191698616,1.8003000500083348
0,0,43,0.6401066844474079,1.3202200366727788
0,0,44,0.8801466911151858,1.6002667111185198
0,0,45,0.6301050175029171,2.2603767294549093
0,0,46,0.49008168028004667,1.8203033838973164
0,0,47,0.6601100183363894,1.7302883813968994
0,0,48,0.7501250208368062,1.5302550425070847
0,0,49,0.6101016836139357,1.8403067177862977
