segment,memory,reaction_mean,reaction_std,retention_mean,retention_std
0,0,0.6207034505750958,0.24413342805543892,58.00966827804634,0.0
