segment,memory,reaction_mean,reaction_std,retention_mean,retention_std
0,0,0.6071011835305885,0.1165903350826752,57.654409068178026,1.7635970021572032
