segment,memory,trial,reaction_time,retention_time
0,0,0,0.49008168028004667,58.00966827804634
0,0,1,0.6601100183363894,58.00966827804634
0,0,2,0.7701283547257877,58.00966827804634
0,0,3,0.5300883480580096,58.00966827804634
0,0,4,0.8001333555592599,58.00966827804634
0,0,5,0.5600933488914819,58.00966827804634
0,0,6,0.5000833472245374,58.00966827804634
0,0,7,0.49008168028004667,58.00966827804634
0,0,8,0.9601600266711119,58.00966827804634
0,0,9,1.160193365560927,58.00966827804634
0,0,10,0.5400900150025004,58.00966827804634
0,0,11,0.5000833472245374,58.00966827804634
0,0,12,1.1701950325054176,58.00966827804634
0,0,13,0.5100850141690282,58.00966827804634
0,0,14,0.6001000166694449,58.00966827804634
0,0,15,0.7801300216702785,58.00966827804634
0,0,16,0.6701116852808802,58.00966827804634
0,0,17,1.3302217036172697,58.00966827804634
0,0,18,1.2502083680613436,58.00966827804634
0,0,19,0.5400900150025004,58.00966827804634
0,0,20,0.5600933488914819,58.00966827804634
0,0,21,0.5700950158359727,58.00966827804634
0,0,22,0.4400733455575929,58.00966827804634
0,0,23,0.6501083513918987,58.00966827804634
0,0,24,0.6201033505584265,58.00966827804634
0,0,25,0.7901316886147691,58.00966827804634
0,0,26,0.4100683447241207,58.00966827804634
0,0,27,0.9301550258376396,58.00966827804634
0,0,28,0.4700783463910652,58.00966827804634
0,0,29,0.5000833472245374,58.00966827804634
0,0,30,1.3002167027837974,58.00966827804634
0,0,31,0.49008168028004667,58.00966827804634
0,0,32,0.4100683447241207,58.00966827804634
0,0,33,0.7001166861143524,58.00966827804634
0,0,34,0.7501250208368062,58.00966827804634
0,0,35,0.680113352225371,58.00966827804634
0,0,36,0.49008168028004667,58.00966827804634
0,0,37,,0.0
0,0,38,0.720120020003334,58.00966827804634
0,0,39,0.5100850141690282,58.00966827804634
0,0,40,0.5700950158359727,58.00966827804634
0,0,41,0.3700616769461577,58.00966827804634
0,0,42,0.7801300216702785,58.00966827804634
0,0,43,0.5800966827804634,58.00966827804634
0,0,44,0.3900650108351392,58.00966827804634
0,0,45,0.520086681113519,58.00966827804634
0,0,46,0.5000833472245374,58.00966827804634
0,0,47,0.9701616936156027,58.00966827804634
0,0,48,0.6301050175029171,58.00966827804634
0,0,49,0.9401566927821304,58.00966827804634
