segment,memory,reaction_mean,reaction_std,retention_mean,retention_std
0,0,0.6746022296233046,0.24493077347872697,56.84947491248541,8.203805962757745
