segment,memory,reaction_mean,reaction_std,retention_mean,retention_std
0,0,0.537289548258043,0.22287633947292784,58.00966827804634,0.0
