segment,memory,reaction_mean,reaction_std,retention_mean,retention_std
0,0,1.154624011766869,0.3047273435396769,6.804204204204204,2.1047083518454675
