segment,memory,reaction_mean,reaction_std,retention_mean,retention_std
0,0,0.5790965160860143,0.13373306413371774,55.87011168528088,9.03482278447895
