segment,memory,reaction_mean,reaction_std,retention_mean,retention_std
0,0,0.3621621621621622,0.07432404059334029,7.958958958958959,0.34682915193334174
