segment,memory,reaction_mean,reaction_std,retention_mean,retention_std
0,0,0.41581581581581584,0.08715292679685348,2.274874874874875,0.2969366893475892
