segment,memory,reaction_mean,reaction_std,retention_mean,retention_std
0,0,0.5727727727727728,0.14031935939500845,7.988788788788789,0.09513196693106465
