segment,memory,reaction_mean,reaction_std,retention_mean,retention_std
0,0,0.5643643643643643,0.09088983795737027,8.005205205205206,0.019818808681905494
