segment,memory,reaction_mean,reaction_std,retention_mean,retention_std
0,0,0.4898816469411569,0.08919457426247963,58.00966827804634,0.0
