segment,memory,reaction_mean,reaction_std,retention_mean,retention_std
0,0,0.6689114852475413,0.3584213146367411,50.18376396066011,11.996590935785521
