segment,memory,reaction_mean,reaction_std,retention_mean,retention_std
0,0,0.590990990990991,0.09688109299488201,7.748948948948949,0.6868731392775141
