segment,memory,reaction_mean,reaction_std,retention_mean,retention_std
0,0,0.5841789958190311,0.25983423420516216,56.84947491248541,8.203805962757745
