segment,memory,trial,reaction_time,retention_time
0,0,0,0.3700616769461577,58.00966827804634
0,0,1,0.4400733455575929,58.00966827804634
0,0,2,0.48008001333555594,58.00966827804634
0,0,3,0.40006667777962995,58.00966827804634
0,0,4,0.4400733455575929,58.00966827804634
0,0,5,0.4300716786131022,58.00966827804634
0,0,6,0.6301050175029171,58.00966827804634
0,0,7,0.8001333555592599,58.00966827804634
0,0,8,1.1501916986164362,58.00966827804634
0,0,9,0.4700783463910652,58.00966827804634
0,0,10,0.30005000833472245,58.00966827804634
0,0,11,0.40006667777962995,58.00966827804634
0,0,12,0.6201033505584265,58.00966827804634
0,0,13,0.38006334389064844,58.00966827804634
0,0,14,0.8501416902817136,58.00966827804634
0,0,15,0.42007001166861146,58.00966827804634
0,0,16,0.3400566761126855,58.00966827804634
0,0,17,0.680113352225371,58.00966827804634
0,0,18,0.4300716786131022,58.00966827804634
0,0,19,0.46007667944657443,58.00966827804634
0,0,20,0.6501083513918987,58.00966827804634
0,0,21,0.40006667777962995,58.00966827804634
0,0,22,0.520086681113519,58.00966827804634
0,0,23,1.2902150358393065,58.00966827804634
0,0,24,1.4902483747291215,58.00966827804634
0,0,25,0.3700616769461577,58.00966827804634
0,0,26,0.49008168028004667,58.00966827804634
0,0,27,0.3500583430571762,58.00966827804634
0,0,28,0.4500750125020837,58.00966827804634
0,0,29,0.520086681113519,58.00966827804634
0,0,30,0.6501083513918987,58.00966827804634
0,0,31,0.6001000166694449,58.00966827804634
0,0,32,0.5400900150025004,58.00966827804634
0,0,33,,0.0
0,0,34,0.8201366894482414,58.00966827804634
0,0,35,0.9001500250041674,58.00966827804634
0,0,36,0.42007001166861146,58.00966827804634
0,0,37,1.1701950325054176,58.00966827804634
0,0,38,0.49008168028004667,58.00966827804634
0,0,39,0.4300716786131022,58.00966827804634
0,0,40,0.5900983497249542,58.00966827804634
0,0,41,0.5100850141690282,58.00966827804634
0,0,42,0.9001500250041674,58.00966827804634
0,0,43,0.49008168028004667,58.00966827804634
0,0,44,0.24004000666777797,58.00966827804634
0,0,45,0.5400900150025004,58.00966827804634
0,0,46,0.4300716786131022,58.00966827804634
0,0,47,0.7301216869478246,58.00966827804634
0,0,48,0.6001000166694449,58.00966827804634
0,0,49,0.5500916819469912,58.00966827804634
