segment,memory,reaction_mean,reaction_std,retention_mean,retention_std
0,0,0.6245040840140024,0.09443469259146976,9.466377729621604,3.847290560130341
