segment,memory,trial,reaction_time,retention_time
0,0,0,0.5800966827804634,9.731621936989498
0,0,1,0.5900983497249542,7.751291881980331
0,0,2,0.7601266877812969,7.711285214202367
0,0,3,0.6301050175029171,12.992165360893482
0,0,4,0.6901150191698616,12.062010335055843
0,0,5,0.5600933488914819,5.390898483080513
0,0,6,0.5900983497249542,3.8906484414069014
0,0,7,0.5400900150025004,5.120853475579263
0,0,8,0.6901150191698616,13.732288714785797
0,0,9,0.7501250208368062,22.43373895649275
0,0,10,0.5400900150025004,10.43173862310385
0,0,11,0.6501083513918987,7.381230205034172
0,0,12,0.9001500250041674,7.241206867811302
0,0,13,0.6301050175029171,6.021003500583431
0,0,14,0.6101016836139357,15.712618769794966
0,0,15,0.7501250208368062,18.43307217869645
0,0,16,0.6501083513918987,6.931155192532089
0,0,17,0.6601100183363894,8.371395232538756
0,0,18,0.7401233538923154,7.591265210868478
0,0,19,0.6301050175029171,9.951658609768295
0,0,20,0.6701116852808802,8.601433572262044
0,0,21,0.520086681113519,13.012168694782464
0,0,22,0.5300883480580096,11.761960326721121
0,0,23,0.6301050175029171,4.860810135022504
0,0,24,0.5700950158359727,8.341390231705285
0,0,25,0.8301383563927321,4.7307884647441245
0,0,26,0.5000833472245374,7.6112685447574595
0,0,27,0.7301216869478246,14.112352058676446
0,0,28,0.5700950158359727,5.300883480580097
0,0,29,0.6101016836139357,10.041673612268712
0,0,30,0.7501250208368062,7.4012335389231545
0,0,31,0.5500916819469912,11.571928654775796
0,0,32,0.46007667944657443,9.731621936989498
0,0,33,0.5900983497249542,16.602767127854644
0,0,34,0.6301050175029171,5.730955159193199
0,0,35,0.6301050175029171,14.002333722287048
0,0,36,0.5700950158359727,14.712452075345892
0,0,37,0.7001166861143524,7.291215202533756
0,0,38,0.680113352225371,8.331388564760793
0,0,39,0.5800966827804634,9.74162360393399
0,0,40,0.5900983497249542,11.381896982830472
0,0,41,0.4500750125020837,10.131688614769129
0,0,42,0.6101016836139357,6.471078513085515
0,0,43,0.48008001333555594,6.381063510585098
0,0,44,0.4700783463910652,8.581430238373063
0,0,45,0.5600933488914819,7.131188531421904
0,0,46,0.5900983497249542,9.701616936156027
0,0,47,0.7701283547257877,4.5407567927988
0,0,48,0.6301050175029171,9.781630271711952
0,0,49,0.6301050175029171,6.841140190031672
