segment,memory,reaction_mean,reaction_std,retention_mean,retention_std
0,0,0.8066066066066065,0.12088528739466521,3.088888888888889,0.6674050917850926
