segment,memory,reaction_mean,reaction_std,retention_mean,retention_std
0,0,0.2848848848848849,0.05583272062672809,8.008008008008009,0.0
