segment,memory,reaction_mean,reaction_std,retention_mean,retention_std
0,0,0.1603603603603604,0.02898990656812341,7.934134134134135,0.2771392208515761
