segment,memory,reaction_mean,reaction_std,retention_mean,retention_std
0,0,0.5007007007007007,0.11865548348152076,8.008008008008009,0.0
