segment,memory,reaction_mean,reaction_std,retention_mean,retention_std
0,0,0.37277277277277276,0.056789604137685724,1.947947947947948,0.1851948471049573
