segment,memory,reaction_mean,reaction_std,retention_mean,retention_std
0,0,0.6748748748748749,0.09008078325085164,1.5079079079079079,0.22220547382658193
