segment,memory,reaction_mean,reaction_std,retention_mean,retention_std
0,0,0.619503250541757,0.27762626503009374,58.00966827804634,0.0
