segment,memory,reaction_mean,reaction_std,retention_mean,retention_std
0,0,0.1743743743743744,0.027735392921378835,4.98978978978979,0.7023803691931264
