segment,memory,reaction_mean,reaction_std,retention_mean,retention_std
0,0,0.3963963963963964,0.0785069482700461,8.008008008008009,0.0
