segment,memory,reaction_mean,reaction_std,retention_mean,retention_std
0,0,0.5767767767767767,0.1355395457566483,8.008008008008009,0.0
