segment,memory,reaction_mean,reaction_std,retention_mean,retention_std
0,0,0.6270270270270271,0.08968651590587196,4.634834834834835,1.2394219115110938
