segment,memory,reaction_mean,reaction_std,retention_mean,retention_std
0,0,0.15835835835835835,0.024907488889195247,5.194994994994995,0.8310621339766661
