segment,memory,reaction_mean,reaction_std,retention_mean,retention_std
0,0,0.4448448448448448,0.06825647138467615,4.985585585585586,1.2655010286847284
