segment,memory,reaction_mean,reaction_std,retention_mean,retention_std
0,0,0.2564564564564565,0.041439951213018994,5.512912912912912,1.1839855888398083
