segment,memory,reaction_mean,reaction_std,retention_mean,retention_std
0,0,0.6348348348348348,0.11670231069196967,2.998998998998999,0.48669652777350236
