segment,memory,trial,reaction_time,retention_time
0,0,0,0.6506506506506506,3.033033033033033
0,0,1,0.8208208208208209,2.6726726726726726
0,0,2,0.6606606606606606,3.3833833833833835
0,0,3,0.5405405405405406,3.6136136136136137
0,0,4,0.6506506506506506,2.8228228228228227
0,0,5,0.4804804804804805,1.911911911911912
0,0,6,0.6506506506506506,3.163163163163163
0,0,7,0.6906906906906907,2.7627627627627627
0,0,8,0.41041041041041043,3.053053053053053
0,0,9,0.47047047047047047,3.133133133133133
0,0,10,0.5405405405405406,3.4734734734734736
0,0,11,0.7407407407407407,2.6026026026026026
0,0,12,0.8308308308308309,2.6926926926926926
0,0,13,0.45045045045045046,2.2122122122122123
0,0,14,0.7307307307307307,2.6926926926926926
0,0,15,0.4804804804804805,3.003003003003003
0,0,16,0.5205205205205206,2.9229229229229228
0,0,17,0.41041041041041043,2.8028028028028027
0,0,18,0.6706706706706707,3.4334334334334335
0,0,19,0.7507507507507507,2.7127127127127126
0,0,20,0.44044044044044045,2.2322322322322323
0,0,21,0.7407407407407407,3.943943943943944
0,0,22,0.7607607607607607,3.2832832832832834
0,0,23,0.5205205205205206,2.6526526526526526
0,0,24,0.6606606606606606,4.054054054054054
0,0,25,0.5405405405405406,2.5525525525525525
0,0,26,0.7207207207207207,2.6426426426426426
0,0,27,0.7207207207207207,2.942942942942943
0,0,28,0.5805805805805806,2.5125125125125125
0,0,29,0.6106106106106106,2.4524524524524525
0,0,30,0.6406406406406406,2.8328328328328327
0,0,31,0.7307307307307307,2.6326326326326326
0,0,32,0.6806806806806807,3.013013013013013
0,0,33,0.46046046046046046,3.3033033033033035
0,0,34,0.5405405405405406,3.2632632632632634
0,0,35,0.5805805805805806,2.982982982982983
0,0,36,0.7107107107107107,2.952952952952953
0,0,37,0.6606606606606606,3.053053053053053
0,0,38,0.7507507507507507,2.7627627627627627
0,0,39,0.6506506506506506,3.2432432432432434
0,0,40,0.6506506506506506,3.3033033033033035
0,0,41,0.6006006006006006,3.3133133133133135
0,0,42,0.6006006006006006,2.2222222222222223
0,0,43,0.8008008008008007,2.6326326326326326
0,0,44,0.5905905905905906,3.133133133133133
0,0,45,0.7607607607607607,4.054054054054054
0,0,46,0.7907907907907907,3.883883883883884
0,0,47,0.5905905905905906,2.9229229229229228
0,0,48,0.6206206206206206,2.982982982982983
0,0,49,0.8808808808808809,4.094094094094094
