segment,memory,reaction_mean,reaction_std,retention_mean,retention_std
0,0,0.6695115852642107,0.10341679796840633,1.5276546091015168,0.2095319873906224
