segment,memory,reaction_mean,reaction_std,retention_mean,retention_std
0,0,0.14174174174174176,0.02584784447921064,4.356156156156157,0.5106194113291285
