segment,memory,reaction_mean,reaction_std,retention_mean,retention_std
0,0,0.6077012835472579,0.10818570124942094,52.966027671278546,10.415606206308707
