segment,memory,reaction_mean,reaction_std,retention_mean,retention_std
0,0,0.7086597766294384,0.3104529210236423,54.57709618269711,13.72730511401761
