segment,memory,reaction_mean,reaction_std,retention_mean,retention_std
0,0,0.6355059176529422,0.10307670257237243,3.9086514419069847,0.9499209113249854
