segment,memory,reaction_mean,reaction_std,retention_mean,retention_std
0,0,0.7061176862810469,0.09537772067694313,1.3646274379063177,0.2202977858844226
