segment,memory,reaction_mean,reaction_std,retention_mean,retention_std
0,0,0.7963963963963964,0.1436729489215415,1.533133133133133,0.33012511399933325
