{
  "w_s": 0.38888888888888884,
  "w_external": 0.46111111111111114,
  "noise_levels": [
    0.8
  ],
  "stim_duration": 2.0,
  "segment_count": 1,
  "segment_duration": 10,
  "dt": 0.01,
  "stim_sequence": [
    0
  ]
}