segment,memory,reaction_mean,reaction_std,retention_mean,retention_std
0,0,0.5615615615615616,0.08834238200742105,8.008008008008009,0.0
