segment,memory,reaction_mean,reaction_std,retention_mean,retention_std
0,0,0.24504504504504507,0.03795515818945597,6.351151151151152,1.1917742761959709
