segment,memory,reaction_mean,reaction_std,retention_mean,retention_std
0,0,0.5715715715715716,0.10817561487653123,7.363563563563564,0.963610662774178
