segment,memory,trial,reaction_time,retention_time
0,0,0,0.520086681113519,5.380896816136023
0,0,1,0.6601100183363894,13.422237039506586
0,0,2,0.7401233538923154,7.331221870311719
0,0,3,0.6101016836139357,12.672112018669779
0,0,4,0.520086681113519,9.36156026004334
0,0,5,0.5900983497249542,7.991331888648109
0,0,6,0.720120020003334,16.362727121186865
0,0,7,0.5300883480580096,21.20353392232039
0,0,8,0.5400900150025004,26.95449241540257
0,0,9,0.720120020003334,15.042507084514087
0,0,10,0.5100850141690282,9.791631938656444
0,0,11,0.5900983497249542,13.132188698116353
0,0,12,0.6201033505584265,21.243540590098352
0,0,13,0.6001000166694449,18.623103850641776
0,0,14,0.5300883480580096,7.931321886981164
0,0,15,0.5500916819469912,58.00966827804634
0,0,16,0.5600933488914819,20.493415569261543
0,0,17,0.6501083513918987,31.7852975495916
0,0,18,0.5100850141690282,9.34155692615436
0,0,19,0.4300716786131022,8.101350225037507
0,0,20,0.4700783463910652,13.012168694782464
0,0,21,0.5900983497249542,14.582430405067512
0,0,22,0.720120020003334,7.87131188531422
0,0,23,0.6101016836139357,5.450908484747458
0,0,24,0.6601100183363894,10.071678613102184
0,0,25,0.5900983497249542,14.032338723120521
0,0,26,0.5400900150025004,20.39339889981664
0,0,27,0.5600933488914819,16.67277879646608
0,0,28,0.5000833472245374,7.4912485414235706
0,0,29,0.6401066844474079,58.00966827804634
0,0,30,0.6301050175029171,19.403233872312054
0,0,31,0.42007001166861146,9.921653608934824
0,0,32,0.6701116852808802,11.941990331721954
0,0,33,0.6901150191698616,7.501250208368061
0,0,34,0.5700950158359727,9.34155692615436
0,0,35,0.4700783463910652,14.17236206034339
0,0,36,0.5700950158359727,33.7356226037673
0,0,37,0.5700950158359727,28.094682447074515
0,0,38,0.5000833472245374,11.281880313385564
0,0,39,0.5100850141690282,6.8111351891982
0,0,40,0.6101016836139357,21.003500583430572
0,0,41,0.520086681113519,11.461910318386398
0,0,42,0.5000833472245374,11.701950325054176
0,0,43,0.5300883480580096,16.452742123687283
0,0,44,0.38006334389064844,15.48258043007168
0,0,45,0.5400900150025004,38.94649108184698
0,0,46,0.48008001333555594,7.381230205034172
0,0,47,0.6301050175029171,10.541756959493249
0,0,48,0.6301050175029171,13.122187031171862
0,0,49,0.6101016836139357,13.312218703117187
