segment,memory,reaction_mean,reaction_std,retention_mean,retention_std
0,0,0.5722953825637607,0.08052935989849223,16.267511251875316,11.33258163648865
