segment,memory,reaction_mean,reaction_std,retention_mean,retention_std
0,0,0.6101016836139357,0.1316677278614048,58.00966827804634,0.0
