segment,memory,reaction_mean,reaction_std,retention_mean,retention_std
0,0,0.5552925487581264,0.1656955897558398,18.959159859976666,9.435138948969986
