segment,memory,reaction_mean,reaction_std,retention_mean,retention_std
0,0,0.5577577577577578,0.1273591097356975,8.007607607607609,0.0028312583831294233
