segment,memory,reaction_mean,reaction_std,retention_mean,retention_std
0,0,0.7082430405067511,0.44036177228863205,29.599533255542593,19.817573730267796
