segment,memory,reaction_mean,reaction_std,retention_mean,retention_std
0,0,0.6265044174029005,0.08579427387446377,3.7250208368061344,0.9761000349584706
