segment,memory,reaction_mean,reaction_std,retention_mean,retention_std
0,0,0.22782782782782782,0.04225454601450041,4.1741741741741745,0.7397296635929934
