segment,memory,trial,reaction_time,retention_time
0,0,0,0.5500916819469912,3.5205867644607434
0,0,1,0.6401066844474079,5.670945157526255
0,0,2,0.5700950158359727,4.060676779463244
0,0,3,0.5500916819469912,4.830805134189032
0,0,4,0.8701450241706952,5.910985164194033
0,0,5,0.5300883480580096,6.301050175029172
0,0,6,0.49008168028004667,3.8806467744624107
0,0,7,0.6001000166694449,5.020836806134356
0,0,8,0.6601100183363894,12.41206867811302
0,0,9,0.7001166861143524,6.381063510585098
0,0,10,0.49008168028004667,3.6106017669611603
0,0,11,0.6601100183363894,6.321053508918153
0,0,12,0.5300883480580096,6.261043507251209
0,0,13,0.5600933488914819,5.570928488081347
0,0,14,0.6401066844474079,6.101016836139356
0,0,15,0.7001166861143524,4.490748458076347
0,0,16,0.5800966827804634,5.0008334722453744
0,0,17,0.5800966827804634,3.310551758626438
0,0,18,0.9001500250041674,5.880980163360561
0,0,19,0.6101016836139357,2.9404900816802804
0,0,20,0.680113352225371,4.020670111685281
0,0,21,0.4500750125020837,2.8904817469578266
0,0,22,0.5900983497249542,3.87064510751792
0,0,23,0.6701116852808802,5.820970161693616
0,0,24,0.5900983497249542,3.7306217702950493
0,0,25,0.6301050175029171,5.0008334722453744
0,0,26,0.6201033505584265,4.710785130855142
0,0,27,0.680113352225371,5.380896816136023
0,0,28,0.5800966827804634,4.370728454742458
0,0,29,0.5000833472245374,4.510751791965328
0,0,30,0.720120020003334,5.810968494749125
0,0,31,0.5600933488914819,5.61093515585931
0,0,32,0.5400900150025004,4.280713452242041
0,0,33,0.7701283547257877,7.041173528921487
0,0,34,0.6101016836139357,5.690948491415236
0,0,35,0.720120020003334,5.47091181863644
0,0,36,0.5900983497249542,4.490748458076347
0,0,37,0.7801300216702785,3.6806134355725955
0,0,38,0.6501083513918987,6.491081846974496
0,0,39,0.4100683447241207,3.780630105017503
0,0,40,0.7101183530588432,2.9304884147357892
0,0,41,0.5700950158359727,5.250875145857643
0,0,42,0.7301216869478246,5.5609268211368565
0,0,43,0.6601100183363894,3.0805134189031507
0,0,44,0.6601100183363894,6.111018503083848
0,0,45,0.5600933488914819,3.0905150858476413
0,0,46,0.6701116852808802,4.840806801133523
0,0,47,0.48008001333555594,2.9704950825137524
0,0,48,0.6001000166694449,6.2710451741957
0,0,49,0.6001000166694449,5.780963493915653
