segment,memory,reaction_mean,reaction_std,retention_mean,retention_std
0,0,0.6199033172195366,0.09693796364995072,5.000433405567595,1.569221884289904
