segment,memory,reaction_mean,reaction_std,retention_mean,retention_std
0,0,0.6264264264264264,0.09436037563380129,4.034234234234234,0.9488067354680519
