segment,memory,reaction_mean,reaction_std,retention_mean,retention_std
0,0,0.1135135135135135,0.01508092281222334,8.008008008008009,0.0
