segment,memory,reaction_mean,reaction_std,retention_mean,retention_std
0,0,0.561961961961962,0.12339528658250391,7.961961961961963,0.24180136007834413
