segment,memory,reaction_mean,reaction_std,retention_mean,retention_std
0,0,0.5700950158359727,0.10989765640766459,46.52095349224871,15.762585328101215
