segment,memory,reaction_mean,reaction_std,retention_mean,retention_std
0,0,0.28048048048048047,0.05290966642176835,8.008008008008009,0.0
