segment,memory,reaction_mean,reaction_std,retention_mean,retention_std
0,0,0.6219403914257818,0.22884549683471306,56.84947491248541,8.203805962757745
