segment,memory,reaction_mean,reaction_std,retention_mean,retention_std
0,0,1.1365419473527583,0.44024193079240354,5.162962962962963,3.5105322292926964
