segment,memory,trial,reaction_time,retention_time
0,0,0,0.44044044044044045,3.843843843843844
0,0,1,0.39039039039039036,4.134134134134134
0,0,2,0.3003003003003003,5.435435435435435
0,0,3,0.5105105105105106,4.004004004004004
0,0,4,0.37037037037037035,5.545545545545545
0,0,5,0.34034034034034033,4.1541541541541545
0,0,6,0.35035035035035034,3.5835835835835836
0,0,7,0.38038038038038036,4.484484484484485
0,0,8,0.35035035035035034,3.7237237237237237
0,0,9,0.36036036036036034,4.2042042042042045
0,0,10,0.42042042042042044,5.505505505505505
0,0,11,0.5205205205205206,3.6636636636636637
0,0,12,0.38038038038038036,5.7957957957957955
0,0,13,0.2602602602602603,6.766766766766767
0,0,14,0.41041041041041043,3.903903903903904
0,0,15,0.44044044044044045,5.955955955955956
0,0,16,0.35035035035035034,3.793793793793794
0,0,17,0.44044044044044045,4.404404404404405
0,0,18,0.5605605605605606,7.097097097097097
0,0,19,0.4804804804804805,5.285285285285285
0,0,20,0.42042042042042044,3.863863863863864
0,0,21,0.46046046046046046,3.7537537537537538
0,0,22,0.5105105105105106,3.893893893893894
0,0,23,0.37037037037037035,5.165165165165165
0,0,24,0.41041041041041043,5.7157157157157155
0,0,25,0.41041041041041043,3.5835835835835836
0,0,26,0.41041041041041043,4.864864864864865
0,0,27,0.35035035035035034,3.4834834834834836
0,0,28,0.41041041041041043,3.7237237237237237
0,0,29,0.36036036036036034,3.7837837837837838
0,0,30,0.4804804804804805,3.843843843843844
0,0,31,0.4904904904904905,3.4034034034034035
0,0,32,0.40040040040040037,6.446446446446447
0,0,33,0.45045045045045046,4.834834834834835
0,0,34,0.40040040040040037,2.8828828828828827
0,0,35,0.35035035035035034,3.2832832832832834
0,0,36,0.5205205205205206,5.315315315315315
0,0,37,0.36036036036036034,4.314314314314315
0,0,38,0.42042042042042044,4.1641641641641645
0,0,39,0.42042042042042044,4.094094094094094
0,0,40,0.45045045045045046,4.564564564564565
0,0,41,0.5105105105105106,4.044044044044044
0,0,42,0.46046046046046046,3.5035035035035036
0,0,43,0.46046046046046046,3.7237237237237237
0,0,44,0.38038038038038036,5.275275275275275
0,0,45,0.5005005005005005,3.973973973973974
0,0,46,0.41041041041041043,4.894894894894895
0,0,47,0.5705705705705706,3.6436436436436437
0,0,48,0.35035035035035034,3.5635635635635636
0,0,49,0.39039039039039036,3.4534534534534536
