segment,memory,reaction_mean,reaction_std,retention_mean,retention_std
0,0,0.419019019019019,0.0658735711545261,4.406806806806807,0.9624654555705258
