segment,memory,reaction_mean,reaction_std,retention_mean,retention_std
0,0,0.581981981981982,0.17395554495052168,6.933133133133133,1.1880960838523111
