segment,memory,reaction_mean,reaction_std,retention_mean,retention_std
0,0,0.5775775775775776,0.19797387261269928,8.008008008008009,0.0
