segment,memory,reaction_mean,reaction_std,retention_mean,retention_std
0,0,0.3625625625625626,0.09442969806118642,8.008008008008009,0.0
