segment,memory,reaction_mean,reaction_std,retention_mean,retention_std
0,0,0.5323323323323323,0.1293608411786106,7.990190190190191,0.12599099804925482
