segment,memory,trial,reaction_time,retention_time
0,0,0,0.6106106106106106,1.3013013013013013
0,0,1,0.6406406406406406,1.1511511511511512
0,0,2,0.6906906906906907,1.2812812812812813
0,0,3,0.7307307307307307,1.1311311311311312
0,0,4,0.6406406406406406,1.1011011011011012
0,0,5,0.9109109109109109,1.011011011011011
0,0,6,0.7607607607607607,1.1211211211211212
0,0,7,0.5105105105105106,1.1111111111111112
0,0,8,0.6306306306306306,1.3113113113113113
0,0,9,0.8808808808808809,1.3313313313313313
0,0,10,0.7107107107107107,1.1011011011011012
0,0,11,0.8608608608608609,1.0710710710710711
0,0,12,0.7507507507507507,1.0410410410410411
0,0,13,0.8408408408408409,1.3813813813813813
0,0,14,0.9109109109109109,1.4414414414414414
0,0,15,0.8708708708708709,1.1611611611611612
0,0,16,0.7307307307307307,1.1611611611611612
0,0,17,0.9209209209209209,1.1711711711711712
0,0,18,0.47047047047047047,1.031031031031031
0,0,19,0.7207207207207207,1.0810810810810811
0,0,20,0.6406406406406406,0.960960960960961
0,0,21,0.7607607607607607,0.9409409409409409
0,0,22,0.7607607607607607,1.2012012012012012
0,0,23,0.8508508508508509,1.1911911911911912
0,0,24,0.7507507507507507,1.1111111111111112
0,0,25,0.7107107107107107,1.4614614614614614
0,0,26,0.5805805805805806,1.2712712712712713
0,0,27,0.5905905905905906,1.1811811811811812
0,0,28,0.8208208208208209,1.2212212212212212
0,0,29,0.6006006006006006,1.1111111111111112
0,0,30,0.5005005005005005,1.3413413413413413
0,0,31,0.8008008008008007,1.4314314314314314
0,0,32,0.6806806806806807,1.1411411411411412
0,0,33,0.5005005005005005,1.031031031031031
0,0,34,0.6206206206206206,1.2012012012012012
0,0,35,0.6606606606606606,1.4714714714714714
0,0,36,0.8208208208208209,1.021021021021021
0,0,37,0.7007007007007007,1.1711711711711712
0,0,38,0.6006006006006006,1.1211211211211212
0,0,39,0.7707707707707707,1.3813813813813813
0,0,40,0.7407407407407407,1.1111111111111112
0,0,41,0.5605605605605606,1.0610610610610611
0,0,42,0.7107107107107107,1.1311311311311312
0,0,43,0.6106106106106106,1.3813813813813813
0,0,44,0.5505505505505506,1.0510510510510511
0,0,45,0.6406406406406406,1.3713713713713713
0,0,46,0.8308308308308309,0.950950950950951
0,0,47,0.7207207207207207,1.1811811811811812
0,0,48,0.7607607607607607,1.0810810810810811
0,0,49,0.6606606606606606,1.1011011011011012
