segment,memory,reaction_mean,reaction_std,retention_mean,retention_std
0,0,0.706106106106106,0.11545364315202057,1.1775775775775776,0.13893492380897896
