segment,memory,reaction_mean,reaction_std,retention_mean,retention_std
0,0,0.9427427427427427,0.21427787704747142,1.5067067067067066,0.4462211254281742
