segment,memory,reaction_mean,reaction_std,retention_mean,retention_std
0,0,0.46427737956326054,0.07699918237133872,58.00966827804634,0.0
