segment,memory,reaction_mean,reaction_std,retention_mean,retention_std
0,0,0.5331331331331332,0.13149498819288344,8.008008008008009,0.0
