segment,memory,reaction_mean,reaction_std,retention_mean,retention_std
0,0,0.3437437437437438,0.07896431123437132,8.008008008008009,0.0
