segment,memory,reaction_mean,reaction_std,retention_mean,retention_std
0,0,0.7073178863143857,0.10526826578077032,1.3074179029838309,0.17765613798724655
