segment,memory,reaction_mean,reaction_std,retention_mean,retention_std
0,0,0.21541541541541542,0.03014828303298599,5.195595595595596,0.9866532359325857
