segment,memory,reaction_mean,reaction_std,retention_mean,retention_std
0,0,0.5890981830305051,0.19440475542382463,58.00966827804634,0.0
