segment,memory,trial,reaction_time,retention_time
0,0,0,1.1211211211211212,0.990990990990991
0,0,1,0.9109109109109109,1.5515515515515514
0,0,2,1.3013013013013013,1.1911911911911912
0,0,3,0.7707707707707707,2.052052052052052
0,0,4,0.8108108108108109,1.5315315315315314
0,0,5,1.2112112112112112,1.2712712712712713
0,0,6,1.2112112112112112,1.961961961961962
0,0,7,1.7817817817817818,0.34034034034034033
0,0,8,1.4714714714714714,1.5215215215215214
0,0,9,0.970970970970971,2.3223223223223224
0,0,10,0.7807807807807807,0.8608608608608609
0,0,11,0.990990990990991,1.4114114114114114
0,0,12,1.3013013013013013,1.8618618618618619
0,0,13,1.2212212212212212,0.6606606606606606
0,0,14,1.3213213213213213,1.0610610610610611
0,0,15,1.1211211211211212,1.5215215215215214
0,0,16,0.9209209209209209,2.8128128128128127
0,0,17,1.3613613613613613,1.2312312312312312
0,0,18,0.9409409409409409,2.6926926926926926
0,0,19,0.9309309309309309,2.1921921921921923
0,0,20,0.970970970970971,2.2522522522522523
0,0,21,0.7707707707707707,0.8008008008008007
0,0,22,0.970970970970971,1.7217217217217218
0,0,23,1.021021021021021,1.031031031031031
0,0,24,1.1511511511511512,2.1721721721721723
0,0,25,1.4514514514514514,1.0510510510510511
0,0,26,0.970970970970971,1.6616616616616617
0,0,27,1.0810810810810811,1.4314314314314314
0,0,28,1.2812812812812813,1.2912912912912913
0,0,29,1.0510510510510511,1.0510510510510511
0,0,30,0.9209209209209209,1.1511511511511512
0,0,31,0.7207207207207207,1.4614614614614614
0,0,32,1.1311311311311312,0.7007007007007007
0,0,33,1.1311311311311312,2.032032032032032
0,0,34,0.980980980980981,1.6016016016016015
0,0,35,1.4514514514514514,1.2212212212212212
0,0,36,0.6206206206206206,1.6416416416416417
0,0,37,1.1011011011011012,1.3713713713713713
0,0,38,1.001001001001001,1.931931931931932
0,0,39,0.9309309309309309,2.2522522522522523
0,0,40,1.1111111111111112,1.001001001001001
0,0,41,1.1511511511511512,1.8218218218218218
0,0,42,0.8808808808808809,2.1621621621621623
0,0,43,0.7107107107107107,1.2312312312312312
0,0,44,0.950950950950951,0.8108108108108109
0,0,45,0.970970970970971,1.2712712712712713
0,0,46,0.960960960960961,1.5015015015015014
0,0,47,0.8908908908908909,1.031031031031031
0,0,48,0.8008008008008007,1.921921921921922
0,0,49,1.2112112112112112,2.002002002002002
