segment,memory,reaction_mean,reaction_std,retention_mean,retention_std
0,0,1.0560560560560561,0.22611438367644351,1.5125125125125125,0.5402274005833069
