segment,memory,reaction_mean,reaction_std,retention_mean,retention_std
0,0,0.5594932488748124,0.10339705560846828,8.058343057176195,2.754801345485533
