segment,memory,reaction_mean,reaction_std,retention_mean,retention_std
0,0,1.812464638551595,0.5615900193798934,0.8768768768768769,0.8692997394243933
