segment,memory,reaction_mean,reaction_std,retention_mean,retention_std
0,0,0.451875312552092,0.08335459959001856,58.00966827804634,0.0
