segment,memory,reaction_mean,reaction_std,retention_mean,retention_std
0,0,0.6771128521420238,0.0842694874203022,1.6710785130855144,0.3070234820352976
