segment,memory,trial,reaction_time,retention_time
0,0,0,0.6206206206206206,8.008008008008009
0,0,1,0.4804804804804805,5.275275275275275
0,0,2,0.37037037037037035,8.008008008008009
0,0,3,0.7407407407407407,7.147147147147147
0,0,4,0.6806806806806807,7.057057057057057
0,0,5,0.7607607607607607,8.008008008008009
0,0,6,0.6206206206206206,5.155155155155155
0,0,7,0.6806806806806807,4.384384384384385
0,0,8,0.5105105105105106,4.964964964964965
0,0,9,0.5705705705705706,8.008008008008009
0,0,10,0.5505505505505506,4.374374374374375
0,0,11,0.7207207207207207,4.914914914914915
0,0,12,0.6806806806806807,8.008008008008009
0,0,13,0.6406406406406406,8.008008008008009
0,0,14,0.7507507507507507,8.008008008008009
0,0,15,0.5605605605605606,7.747747747747748
0,0,16,0.5505505505505506,8.008008008008009
0,0,17,0.6706706706706707,8.008008008008009
0,0,18,0.6406406406406406,6.346346346346346
0,0,19,0.6206206206206206,8.008008008008009
0,0,20,0.5905905905905906,7.4674674674674675
0,0,21,0.6306306306306306,5.005005005005005
0,0,22,0.41041041041041043,6.386386386386386
0,0,23,0.7007007007007007,6.156156156156156
0,0,24,0.5305305305305306,5.545545545545545
0,0,25,0.8308308308308309,7.157157157157157
0,0,26,0.7407407407407407,6.916916916916917
0,0,27,0.47047047047047047,4.774774774774775
0,0,28,0.6206206206206206,5.005005005005005
0,0,29,0.6306306306306306,8.008008008008009
0,0,30,0.7807807807807807,8.008008008008009
0,0,31,0.5505505505505506,5.955955955955956
0,0,32,0.6006006006006006,8.008008008008009
0,0,33,0.5305305305305306,5.7957957957957955
0,0,34,0.6206206206206206,7.997997997997998
0,0,35,0.7507507507507507,8.008008008008009
0,0,36,0.5105105105105106,5.055055055055055
0,0,37,0.47047047047047047,8.008008008008009
0,0,38,0.5705705705705706,8.008008008008009
0,0,39,0.5605605605605606,3.193193193193193
0,0,40,0.5505505505505506,3.973973973973974
0,0,41,0.44044044044044045,7.027027027027027
0,0,42,0.45045045045045046,7.987987987987988
0,0,43,0.5905905905905906,7.947947947947948
0,0,44,0.7007007007007007,7.5475475475475475
0,0,45,0.5405405405405406,8.008008008008009
0,0,46,0.47047047047047047,5.475475475475475
0,0,47,0.6606606606606606,4.644644644644645
0,0,48,0.7107107107107107,5.275275275275275
0,0,49,0.9309309309309309,5.625625625625625
