segment,memory,reaction_mean,reaction_std,retention_mean,retention_std
0,0,0.6114114114114114,0.113175195379716,6.628428428428428,1.4443972795345872
