segment,memory,reaction_mean,reaction_std,retention_mean,retention_std
0,0,0.608701450241707,0.10255648288875295,39.77642940490082,17.173476974915367
