segment,memory,reaction_mean,reaction_std,retention_mean,retention_std
0,0,0.22342342342342342,0.04296862814431202,3.1853853853853855,0.32996358828487476
