segment,memory,reaction_mean,reaction_std,retention_mean,retention_std
0,0,0.6123020503417237,0.09994091384827236,33.91105184197366,15.95165745346697
