segment,memory,reaction_mean,reaction_std,retention_mean,retention_std
0,0,1.1603603603603603,0.24477547969927665,5.413013013013013,1.805536998073549
