segment,memory,reaction_mean,reaction_std,retention_mean,retention_std
0,0,0.9225225225225224,0.24188895830210555,5.183783783783784,1.7537543717418689
