segment,memory,reaction_mean,reaction_std,retention_mean,retention_std
0,0,0.6015585930988498,0.2938573490277212,51.19113185530922,18.65462048387616
