segment,memory,reaction_mean,reaction_std,retention_mean,retention_std
0,0,0.4174174174174174,0.05830654379486664,2.9289289289289284,0.3805040070307459
