segment,memory,reaction_mean,reaction_std,retention_mean,retention_std
0,0,0.10990990990990991,0.020373380479165686,8.008008008008009,0.0
