segment,memory,reaction_mean,reaction_std,retention_mean,retention_std
0,0,0.11271271271271271,0.017953210928278066,7.931931931931932,0.3112019564418236
