{
  "w_s": 1.415151515151515,
  "w_external": 3.5378787878787876,
  "noise_levels": [
    0.5
  ],
  "stim_duration": 2.0,
  "segment_count": 1,
  "segment_duration": 10,
  "dt": 0.01,
  "stim_sequence": [
    0
  ]
}