segment,memory,reaction_mean,reaction_std,retention_mean,retention_std
0,0,1.707064207064207,0.6811574729116018,2.607807807807808,3.22892438174803
