segment,memory,reaction_mean,reaction_std,retention_mean,retention_std
0,0,0.5658943157192866,0.12619049990245537,7.152192032005335,1.609072082206214
