segment,memory,reaction_mean,reaction_std,retention_mean,retention_std
0,0,1.1967967967967967,0.3176416568404456,4.288888888888889,1.7651978545482703
