segment,memory,reaction_mean,reaction_std,retention_mean,retention_std
0,0,0.5684947491248542,0.1415078449610736,38.85727621270212,14.869708354889648
