segment,memory,reaction_mean,reaction_std,retention_mean,retention_std
0,0,0.3169169169169169,0.06954601391374823,8.008008008008009,0.0
