segment,memory,reaction_mean,reaction_std,retention_mean,retention_std
0,0,0.6156156156156156,0.11754316008503064,3.2576576576576577,0.7244990721631646
