segment,memory,reaction_mean,reaction_std,retention_mean,retention_std
0,0,0.6353058843140523,0.08040123561424019,1.896116019336556,0.2639324159942181
