segment,memory,reaction_mean,reaction_std,retention_mean,retention_std
0,0,0.4626626626626627,0.07632216514316113,7.172972972972973,1.2667651181920525
