segment,memory,reaction_mean,reaction_std,retention_mean,retention_std
0,0,0.6626626626626627,0.08237106148385336,1.8292292292292294,0.2696818158395016
