segment,memory,reaction_mean,reaction_std,retention_mean,retention_std
0,0,0.4894894894894895,0.08475096232753965,4.378978978978979,1.0672778286935358
