trial,segment,memory,input_mode,noise_mode,noise_std,base_overlap,gain_mem_0,gain_mem_1,gain_mem_2,gain_mem_3,gain_mem_4,gain_mem_5,gain_mem_6,gain_mem_7,gain_mem_8,gain_mem_9
0,0,0,stochastic,constant,0.0,1.7201245175243556,2.5597006951009718,1.3955912742298595,1.3496899893073802,1.3910192920513442,1.4943577010313063,1.2253015564892946,1.0861286179842653,1.018694653093021,1.104552329520892,0.8672151080483794
1,0,0,stochastic,constant,0.0,2.3614338447276255,3.043560159555006,0.9783250162392552,1.3423177742041417,1.1546763340565365,1.4327296365645288,1.2093453025266039,0.9068123360119422,1.214703674156803,1.4942700303293204,1.1955147265849777
2,0,0,stochastic,constant,0.0,1.4733712645091273,2.169018378571818,1.001737187934653,1.4970230536645266,1.210370196812635,1.252101371170839,1.3705155150446955,1.256286431348902,1.2575371719249944,1.222175232890209,1.243198072822491
3,0,0,stochastic,constant,0.0,1.7770745037265763,2.3658946990479763,0.8803818293692397,0.9876104942886611,0.8420758989386463,1.4503400402021853,1.3354678395472108,1.4619317704144446,1.4228142769586256,1.3211327925897116,0.9910947805292531
4,0,0,stochastic,constant,0.0,2.570469943812851,3.238298762071407,0.8842912067071975,0.9519158004402708,1.4825223779248022,1.1632664980128378,0.8282544301593175,1.4879652176605374,0.9696200369558625,1.4568362806824278,1.23573526214715
