segment,memory,reaction_mean,reaction_std,retention_mean,retention_std
0,0,0.5741741741741742,0.08909172869949435,7.391191191191192,1.1097030201825868
