segment,memory,trial,reaction_time,retention_time
0,0,0,0.5605605605605606,7.197197197197197
0,0,1,0.7407407407407407,5.595595595595595
0,0,2,0.4904904904904905,8.008008008008009
0,0,3,0.46046046046046046,5.235235235235235
0,0,4,0.6006006006006006,8.008008008008009
0,0,5,0.6306306306306306,8.008008008008009
0,0,6,0.5805805805805806,8.008008008008009
0,0,7,0.7107107107107107,8.008008008008009
0,0,8,0.47047047047047047,7.587587587587588
0,0,9,0.5805805805805806,6.036036036036036
0,0,10,0.47047047047047047,6.526526526526527
0,0,11,0.6006006006006006,7.637637637637638
0,0,12,0.7107107107107107,6.956956956956957
0,0,13,0.5305305305305306,7.5675675675675675
0,0,14,0.6306306306306306,8.008008008008009
0,0,15,0.7107107107107107,8.008008008008009
0,0,16,0.4804804804804805,8.008008008008009
0,0,17,0.5505505505505506,8.008008008008009
0,0,18,0.5005005005005005,8.008008008008009
0,0,19,0.47047047047047047,8.008008008008009
0,0,20,0.6806806806806807,8.008008008008009
0,0,21,0.5805805805805806,5.8358358358358355
0,0,22,0.6206206206206206,8.008008008008009
0,0,23,0.7007007007007007,8.008008008008009
0,0,24,0.6506506506506506,8.008008008008009
0,0,25,0.5805805805805806,8.008008008008009
0,0,26,0.6206206206206206,5.665665665665665
0,0,27,0.47047047047047047,8.008008008008009
0,0,28,0.6306306306306306,7.827827827827828
0,0,29,0.4904904904904905,8.008008008008009
0,0,30,0.5205205205205206,8.008008008008009
0,0,31,0.6406406406406406,8.008008008008009
0,0,32,0.5105105105105106,8.008008008008009
0,0,33,0.6406406406406406,8.008008008008009
0,0,34,0.6006006006006006,8.008008008008009
0,0,35,0.5305305305305306,6.226226226226226
0,0,36,0.6706706706706707,8.008008008008009
0,0,37,0.7307307307307307,8.008008008008009
0,0,38,0.6806806806806807,8.008008008008009
0,0,39,0.42042042042042044,5.135135135135135
0,0,40,0.46046046046046046,8.008008008008009
0,0,41,0.5505505505505506,8.008008008008009
0,0,42,0.5205205205205206,8.008008008008009
0,0,43,0.5305305305305306,6.296296296296296
0,0,44,0.5405405405405406,3.4734734734734736
0,0,45,0.6506506506506506,8.008008008008009
0,0,46,0.47047047047047047,8.008008008008009
0,0,47,0.37037037037037035,8.008008008008009
0,0,48,0.5305305305305306,8.008008008008009
0,0,49,0.6306306306306306,4.494494494494495
