segment,memory,reaction_mean,reaction_std,retention_mean,retention_std
0,0,0.1875875875875876,0.023654315822968862,4.818218218218218,0.6208433511527264
